# Blender v2.91.2 OBJ File: 'Calculator.blend'
# www.blender.org
mtllib Calculator.mtl
o Cube_Cube.001
v -2.263666 0.350761 4.181663
v -2.263666 0.500887 4.181663
v -2.263666 0.350761 -4.181663
v 2.263666 0.350761 4.181663
v 2.263666 0.500887 4.181663
v 2.263666 0.350761 -4.181663
v 2.263666 0.500887 -4.181663
v -0.813624 0.351098 -4.779851
v 0.037990 0.351098 -4.795676
v 0.889605 0.351098 -4.779851
v -2.257981 0.350798 -4.228550
v -1.703229 0.351073 -4.751366
v -2.195415 0.350901 -4.400867
v -2.086973 0.350960 -4.556317
v -1.948476 0.351050 -4.667023
v -1.822456 0.351036 -4.724073
v 1.703229 0.351073 -4.751366
v 2.247806 0.350798 -4.228550
v 1.822456 0.351036 -4.724073
v 1.948476 0.351050 -4.667023
v 2.090577 0.350960 -4.556317
v 2.194991 0.350901 -4.400867
v -0.613319 0.468472 4.675608
v 0.613319 0.468472 4.675608
v 0.613319 0.350761 4.675608
v -0.613319 0.350761 4.675608
v -1.839958 0.350761 4.615473
v -2.208527 0.350761 4.319499
v -1.918120 0.350761 4.604994
v -2.002080 0.350761 4.568871
v -2.083619 0.350761 4.521374
v -2.154756 0.350761 4.425631
v -2.208527 0.493425 4.319499
v -1.839958 0.473420 4.615473
v -2.154756 0.487828 4.425631
v -2.083619 0.482232 4.521374
v -2.002080 0.477568 4.568871
v -1.918120 0.474770 4.604994
v 2.208527 0.350761 4.319499
v 1.839958 0.350761 4.615473
v 2.154756 0.350761 4.425631
v 2.083619 0.350761 4.521374
v 2.002080 0.350761 4.568871
v 1.918120 0.350761 4.604994
v 1.839958 0.473420 4.615473
v 2.208527 0.493425 4.319499
v 1.918120 0.474770 4.604994
v 2.002080 0.477568 4.568871
v 2.083619 0.482232 4.521374
v 2.154756 0.487828 4.425631
v -2.263666 0.350761 -3.583417
v -2.263666 0.350761 -1.682164
v -2.263666 0.500887 -1.682164
v -2.263666 0.500887 -3.583417
v 2.263666 0.350761 -1.682164
v 2.263666 0.350761 -3.583417
v 2.263666 0.500887 -3.583417
v 2.263666 0.500887 -1.682164
v -2.034339 0.350761 4.181663
v 2.007905 0.350761 4.181663
v 2.007905 0.500887 4.181663
v -2.034339 0.500887 4.181663
v -1.980534 0.500887 -1.723309
v 1.944604 0.500887 -1.726474
v -1.980534 0.350761 -1.723309
v 1.944604 0.350761 -1.726474
v 2.001524 0.350761 -4.181663
v -2.006993 0.350761 -4.181663
v -2.006993 0.500887 -4.181663
v 2.001524 0.500887 -4.181663
v -1.934197 0.500887 -3.532776
v 1.931893 0.500887 -3.532776
v -1.934197 0.350761 -3.532776
v 1.931893 0.350761 -3.532776
v 1.758032 0.500887 -1.682164
v 2.007363 0.500887 -1.843663
v 2.007363 0.350761 -1.843663
v -2.032572 0.500887 -1.805047
v -2.032572 0.350761 -1.805047
v -1.872894 0.500887 -1.682163
v -1.832847 0.500887 -3.583417
v -1.832847 0.350761 -3.583417
v -2.009091 0.500887 -3.437529
v -2.009091 0.350761 -3.437529
v 1.782870 0.500887 -3.558097
v 1.782870 0.350761 -3.558097
v 2.002086 0.500887 -3.415828
v 2.002086 0.350761 -3.415828
v -1.994658 0.350761 -0.173209
v 1.961221 0.350761 -0.175544
v 1.961221 0.500887 -0.175544
v -1.994658 0.500887 -0.173209
v -0.016718 0.500887 -0.174376
v -0.121544 0.500887 -0.188049
v -0.714037 0.500887 -0.520757
v -0.759613 0.500887 -0.621025
v -0.768728 0.500887 -0.712178
v -0.741383 0.500887 -0.830676
v -0.714037 0.500887 -0.876253
v -0.663903 0.500887 -0.930944
v -0.162563 0.500887 -1.213518
v -0.085083 0.500887 -1.240864
v 0.001512 0.500887 -1.245421
v 0.088107 0.500887 -1.240864
v 0.161029 0.500887 -1.208960
v 0.694273 0.500887 -0.908156
v 0.735292 0.500887 -0.835234
v 0.767195 0.500887 -0.707620
v 0.735292 0.500887 -0.584564
v 0.630466 0.500887 -0.479738
v 0.188375 0.500887 -0.233626
v 0.088107 0.500887 -0.192607
v -0.018781 0.456788 -0.247408
v -0.110244 0.456788 -0.259338
v -0.627207 0.456788 -0.549632
v -0.666973 0.456788 -0.637119
v -0.674926 0.456788 -0.716651
v -0.651066 0.456788 -0.820044
v -0.627207 0.456788 -0.859810
v -0.583464 0.456788 -0.907530
v -0.146033 0.456788 -1.154082
v -0.078431 0.456788 -1.177941
v -0.002874 0.456788 -1.181918
v 0.072682 0.456788 -1.177941
v 0.136308 0.456788 -1.150105
v 0.601575 0.456788 -0.887647
v 0.637364 0.456788 -0.824021
v 0.665201 0.456788 -0.712675
v 0.637364 0.456788 -0.605305
v 0.545902 0.456788 -0.513843
v 0.160168 0.456788 -0.299104
v 0.072682 0.456788 -0.263315
v -2.238985 0.500887 -4.181663
v -2.263666 0.476386 -4.181663
v -2.263666 0.500887 -4.157161
v -2.251326 0.497605 -4.181663
v -2.260359 0.488637 -4.181663
v -0.813001 0.500756 -4.755357
v -0.813624 0.476250 -4.779851
v -0.813312 0.497471 -4.767604
v -0.813541 0.488501 -4.776569
v -1.703229 0.476267 -4.751366
v -1.700073 0.500802 -4.726953
v -1.702806 0.488522 -4.748096
v -1.701651 0.497502 -4.739160
v -2.233995 0.500948 -4.222822
v -2.257981 0.476348 -4.228550
v -2.245988 0.497616 -4.225686
v -2.254768 0.488612 -4.227783
v -1.814592 0.500774 -4.700739
v -1.822456 0.476302 -4.724073
v -1.818524 0.497506 -4.712406
v -1.821402 0.488548 -4.720947
v -1.935575 0.500820 -4.645968
v -1.948476 0.476309 -4.667023
v -1.942025 0.497533 -4.656496
v -1.946748 0.488561 -4.664202
v -2.068906 0.500838 -4.539392
v -2.086973 0.476336 -4.556317
v -2.077939 0.497555 -4.547854
v -2.084552 0.488587 -4.554049
v -2.173481 0.500843 -4.389484
v -2.195415 0.476368 -4.400867
v -2.184448 0.497574 -4.395176
v -2.192476 0.488615 -4.399343
v 2.247806 0.476348 -4.228550
v 2.224422 0.500851 -4.221224
v 2.244673 0.488599 -4.227569
v 2.236114 0.497568 -4.224887
v 1.700038 0.500802 -4.726961
v 1.703229 0.476267 -4.751366
v 1.701633 0.497503 -4.739163
v 1.702801 0.488522 -4.748096
v 2.172628 0.500846 -4.390218
v 2.194991 0.476368 -4.400867
v 2.183810 0.497575 -4.395543
v 2.191995 0.488615 -4.399441
v 2.072425 0.500839 -4.539400
v 2.090577 0.476336 -4.556317
v 2.081501 0.497556 -4.547858
v 2.088145 0.488587 -4.554050
v 1.935716 0.500821 -4.645905
v 1.948476 0.476309 -4.667023
v 1.942096 0.497533 -4.656464
v 1.946766 0.488561 -4.664193
v 1.814592 0.500774 -4.700739
v 1.822456 0.476302 -4.724073
v 1.818524 0.497506 -4.712406
v 1.821402 0.488548 -4.720947
v 0.037990 0.500739 -4.771170
v 0.037990 0.476233 -4.795676
v 0.037990 0.497454 -4.783423
v 0.037990 0.488484 -4.792392
v 0.888953 0.500756 -4.755358
v 0.889605 0.476250 -4.779851
v 0.889279 0.497471 -4.767604
v 0.889517 0.488501 -4.776569
v -0.013217 0.500887 4.181663
v 1.984563 0.500887 2.003059
v -2.014498 0.500887 2.004226
v -0.016718 0.500887 -0.174376
v -0.014968 0.500887 2.003643
v -1.023778 0.500887 4.181663
v 1.996234 0.500887 3.092361
v -2.024419 0.500887 3.092945
v -1.005688 0.500887 -0.173793
v 0.997344 0.500887 4.181663
v 1.972892 0.500887 0.913758
v -2.004578 0.500887 0.915509
v 0.972251 0.500887 -0.174960
v -0.015843 0.500887 0.914633
v -0.014092 0.500887 3.092653
v -1.014733 0.500887 2.003935
v 0.984798 0.500887 2.003351
v 0.991071 0.500887 3.092507
v -1.019256 0.500887 3.092799
v -1.010211 0.500887 0.915071
v 0.978525 0.500887 0.914196
vt 0.278711 0.903033
vt 0.301625 0.903042
vt 0.697546 0.903192
vt 0.723438 0.903202
vt 0.719562 0.907035
vt 0.714446 0.923414
vt 0.704549 0.937870
vt 0.691046 0.948187
vt 0.679083 0.953498
vt 0.667768 0.956035
vt 0.587657 0.958757
vt 0.503608 0.960258
vt 0.419555 0.958693
vt 0.331939 0.955907
vt 0.320628 0.953362
vt 0.308679 0.948048
vt 0.295510 0.937713
vt 0.285181 0.923179
vt 0.279204 0.907022
vt 0.690669 0.840295
vt 0.723438 0.845217
vt 0.304238 0.664763
vt 0.276273 0.660765
vt 0.276273 0.092405
vt 0.298924 0.092414
vt 0.299904 0.197940
vt 0.300883 0.303466
vt 0.301863 0.408991
vt 0.302843 0.514517
vt 0.723438 0.660935
vt 0.691924 0.665217
vt 0.693566 0.514892
vt 0.694718 0.409311
vt 0.695871 0.303729
vt 0.697024 0.198148
vt 0.698176 0.092566
vt 0.723438 0.092575
vt 0.852051 0.712248
vt 0.852051 0.356125
vt 0.865458 0.356123
vt 0.865458 0.534185
vt 0.865458 0.712247
vt 0.308815 0.840150
vt 0.318825 0.845062
vt 0.675950 0.842744
vt 0.697602 0.828963
vt 0.698123 0.676579
vt 0.299098 0.672684
vt 0.301417 0.830915
vt 0.276273 0.845046
vt 0.433852 0.596805
vt 0.428953 0.591478
vt 0.426279 0.587039
vt 0.423602 0.575493
vt 0.305284 0.674093
vt 0.315796 0.670077
vt 0.424488 0.566610
vt 0.428935 0.556837
vt 0.486793 0.524382
vt 0.497032 0.523044
vt 0.303829 0.523044
vt 0.514444 0.623849
vt 0.507323 0.626962
vt 0.498864 0.627411
vt 0.490406 0.626972
vt 0.482836 0.624312
vt 0.670460 0.669868
vt 0.688687 0.674176
vt 0.507272 0.524814
vt 0.517068 0.528805
vt 0.560263 0.552763
vt 0.570507 0.562971
vt 0.573629 0.574961
vt 0.570519 0.587398
vt 0.566516 0.594506
vt 0.690235 0.523044
vt 0.563673 0.575757
vt 0.560959 0.586608
vt 0.560949 0.565296
vt 0.552010 0.556388
vt 0.514322 0.535485
vt 0.505775 0.532003
vt 0.496840 0.530458
vt 0.557466 0.592811
vt 0.512032 0.618413
vt 0.276273 0.900657
vt 0.986338 0.780061
vt 0.997621 0.780006
vt 0.997651 0.784254
vt 0.986374 0.784309
vt 0.849022 0.708060
vt 0.837835 0.708061
vt 0.837528 0.697327
vt 0.848709 0.697326
vt 0.972738 0.258866
vt 0.986243 0.258869
vt 0.986337 0.786733
vt 0.972833 0.786731
vt 0.598363 0.092528
vt 0.498550 0.092490
vt 0.398737 0.092452
vt 0.281712 0.079076
vt 0.287018 0.068813
vt 0.294038 0.059557
vt 0.302088 0.054974
vt 0.310378 0.051487
vt 0.318096 0.050480
vt 0.439247 0.044716
vt 0.560402 0.044762
vt 0.681562 0.050618
vt 0.689283 0.051631
vt 0.697579 0.055125
vt 0.705637 0.059714
vt 0.712668 0.068975
vt 0.717985 0.079242
vt 0.407548 0.795445
vt 0.431147 0.795448
vt 0.792009 0.795481
vt 0.815116 0.795483
vt 0.814604 0.799694
vt 0.808972 0.815168
vt 0.799209 0.829128
vt 0.786741 0.839068
vt 0.775396 0.844191
vt 0.764663 0.846641
vt 0.684578 0.849192
vt 0.607912 0.850606
vt 0.531247 0.849177
vt 0.458001 0.846613
vt 0.447268 0.844161
vt 0.435923 0.839036
vt 0.423131 0.829093
vt 0.413731 0.815132
vt 0.408976 0.799656
vt 0.984237 0.014076
vt 0.972950 0.014074
vt 0.973323 0.000000
vt 0.984601 0.000002
vt 0.848709 0.390664
vt 0.837528 0.390664
vt 0.837835 0.379932
vt 0.849022 0.379931
vt 0.837207 0.470749
vt 0.848384 0.470749
vt 0.848202 0.547414
vt 0.837027 0.547414
vt 0.998029 0.800148
vt 0.986759 0.800203
vt 0.849671 0.368588
vt 0.838485 0.368588
vt 0.839734 0.356124
vt 0.850931 0.356123
vt 0.998680 0.814840
vt 0.987419 0.814895
vt 0.984050 0.029629
vt 0.972757 0.029627
vt 0.986202 0.033863
vt 0.972698 0.033860
vt 0.985164 0.029715
vt 0.986001 0.029950
vt 0.986338 0.030271
vt 0.850931 0.732202
vt 0.839734 0.732203
vt 0.838485 0.719407
vt 0.849671 0.719407
vt 0.848384 0.624080
vt 0.837207 0.624080
vt 0.815116 0.044384
vt 0.794471 0.044383
vt 0.430573 0.044349
vt 0.407548 0.044347
vt 0.412512 0.031969
vt 0.417353 0.022437
vt 0.423757 0.013839
vt 0.431097 0.009574
vt 0.438656 0.006331
vt 0.445692 0.005390
vt 0.556119 0.000000
vt 0.666545 0.000010
vt 0.776972 0.005421
vt 0.784009 0.006363
vt 0.791567 0.009608
vt 0.798907 0.013874
vt 0.805311 0.022473
vt 0.810152 0.032005
vt 0.985864 0.799099
vt 0.973031 0.799097
vt 0.877293 0.709439
vt 0.866251 0.709439
vt 0.866696 0.599150
vt 0.877293 0.599150
vt 0.877293 0.488748
vt 0.866696 0.488748
vt 0.866251 0.378232
vt 0.877293 0.378232
vt 0.866129 0.371177
vt 0.877293 0.371177
vt 0.865877 0.363552
vt 0.877293 0.363552
vt 0.865458 0.356123
vt 0.877293 0.356123
vt 0.987614 0.000058
vt 0.999423 0.000000
vt 0.999492 0.008108
vt 0.987181 0.008168
vt 0.999667 0.017266
vt 0.986853 0.017329
vt 0.877293 0.716454
vt 0.866129 0.716454
vt 0.877293 0.723942
vt 0.865877 0.723942
vt 0.877293 0.731191
vt 0.865458 0.731191
vt 0.985303 0.817175
vt 0.973476 0.817173
vt 0.973223 0.808609
vt 0.985553 0.808611
vt 1.000000 0.029261
vt 0.986516 0.029326
vt 0.999875 0.555628
vt 0.986391 0.555694
vt 0.999835 0.726294
vt 0.986350 0.726360
vt 0.986212 0.087717
vt 0.972708 0.087715
vt 0.850542 0.820518
vt 0.837027 0.820518
vt 0.837027 0.791717
vt 0.850542 0.791717
vt 0.837027 0.732203
vt 0.850542 0.732203
vt 0.850542 0.761968
vt 0.837027 0.761968
vt 0.785456 0.737205
vt 0.815116 0.741756
vt 0.436271 0.574951
vt 0.407548 0.570969
vt 0.434776 0.435664
vt 0.815116 0.571007
vt 0.789627 0.574699
vt 0.790899 0.435487
vt 0.837027 0.820518
vt 0.850542 0.820518
vt 0.850542 0.845923
vt 0.837027 0.845923
vt 0.999822 0.777796
vt 0.407548 0.741718
vt 0.437416 0.737173
vt 0.450831 0.739448
vt 0.776332 0.741752
vt 0.837027 0.761967
vt 0.850542 0.761967
vt 0.850542 0.791717
vt 0.837027 0.791717
vt 0.430622 0.585475
vt 0.431097 0.726669
vt 0.792198 0.728652
vt 0.794312 0.582041
vt 0.596505 0.409231
vt 0.595885 0.514799
vt 0.441714 0.594816
vt 0.437439 0.590169
vt 0.484454 0.618816
vt 0.487907 0.531626
vt 0.491058 0.621138
vt 0.437424 0.559943
vt 0.498439 0.621521
vt 0.433544 0.568471
vt 0.505819 0.621129
vt 0.432771 0.576221
vt 0.435107 0.586295
vt 0.277489 0.903045
vt 0.999602 0.780081
vt 0.998742 0.780024
vt 0.503604 0.961458
vt 0.419521 0.959893
vt 0.850418 0.470777
vt 0.850237 0.547414
vt 0.849334 0.547414
vt 0.849515 0.470756
vt 0.331780 0.957102
vt 0.850744 0.390806
vt 0.849840 0.390702
vt 0.587686 0.959957
vt 0.850418 0.624051
vt 0.849515 0.624072
vt 0.320237 0.954505
vt 0.851048 0.380286
vt 0.850151 0.380026
vt 0.308038 0.949081
vt 0.319944 0.955367
vt 0.307563 0.949862
vt 0.850797 0.368744
vt 0.294614 0.938546
vt 0.293952 0.939180
vt 0.852051 0.356341
vt 0.284094 0.923743
vt 0.283293 0.924181
vt 0.999147 0.800026
vt 0.999795 0.814647
vt 0.278016 0.907312
vt 0.999634 0.784069
vt 1.000000 0.799702
vt 0.998772 0.784202
vt 0.720713 0.907403
vt 0.715548 0.923943
vt 0.721550 0.907698
vt 0.716347 0.924355
vt 0.985349 0.014203
vt 0.705442 0.938702
vt 0.706090 0.939337
vt 0.985712 0.000204
vt 0.691673 0.949224
vt 0.692126 0.950008
vt 0.850797 0.719253
vt 0.852051 0.731983
vt 0.679468 0.954642
vt 0.679744 0.955504
vt 0.850151 0.707965
vt 0.667923 0.957231
vt 0.850744 0.697183
vt 0.851048 0.707706
vt 0.849840 0.697288
vt 0.400077 0.409071
vt 0.498291 0.409151
vt 0.498204 0.514705
vt 0.400524 0.514611
vt 0.399184 0.197992
vt 0.498464 0.198044
vt 0.498377 0.303597
vt 0.399630 0.303531
vt 0.597744 0.198096
vt 0.597124 0.303663
vn 0.0000 1.0000 -0.0002
vn 0.0000 1.0000 0.0000
vn -0.0006 -0.0000 -1.0000
vn 0.0000 -1.0000 -0.0000
vn 0.3990 -0.9115 -0.0998
vn 0.3906 -0.9150 0.1013
vn 0.3290 -0.8852 0.3290
vn 0.2568 -0.8492 0.4613
vn 0.1992 -0.8504 0.4869
vn 0.0892 -0.8537 0.5130
vn 0.2805 -0.8210 -0.4973
vn 0.3806 -0.8996 -0.2141
vn -0.9982 -0.0000 -0.0603
vn -0.9909 0.0974 -0.0925
vn -0.9644 0.1300 -0.2304
vn -0.9726 0.0000 -0.2323
vn 0.3166 0.1301 -0.9396
vn 0.3194 0.0000 -0.9476
vn 0.1297 0.0000 -0.9916
vn 0.1285 0.1300 -0.9831
vn 1.0000 0.0000 0.0000
vn 0.9825 0.0000 0.1860
vn 0.9820 0.0000 0.1891
vn 0.0000 0.9980 0.0640
vn 0.0000 0.9991 0.0428
vn 0.0000 0.9995 0.0320
vn 0.0000 -1.0000 -0.0002
vn 0.0000 -1.0000 -0.0003
vn 0.0000 -1.0000 -0.0006
vn 0.8951 0.1303 -0.4263
vn 0.9029 0.0000 -0.4299
vn 0.7316 0.0000 -0.6818
vn 0.7253 0.1304 -0.6760
vn -0.1271 0.1300 -0.9833
vn -0.1282 0.0000 -0.9918
vn -0.3194 0.0000 -0.9476
vn -0.3166 0.1301 -0.9396
vn -0.0253 0.0000 -0.9997
vn -0.0251 0.1304 -0.9911
vn -0.0000 0.1304 -0.9915
vn 0.0000 0.0000 -1.0000
vn -0.8800 0.1302 -0.4567
vn -0.8876 0.0000 -0.4606
vn -0.5180 0.1302 -0.8454
vn -0.5225 0.0000 -0.8527
vn -0.7298 0.0000 -0.6836
vn -0.7236 0.1303 -0.6779
vn 0.9435 0.1070 -0.3137
vn 0.9479 0.0407 -0.3161
vn 0.9843 0.0413 -0.1719
vn 0.9006 0.3142 -0.3003
vn 0.7792 0.5678 -0.2655
vn 0.9375 0.0813 -0.3384
vn 0.5171 0.0000 -0.8559
vn 0.5127 0.1301 -0.8486
vn 0.0266 0.1304 -0.9911
vn 0.0268 0.0000 -0.9996
vn 0.9117 0.0000 0.4108
vn 0.9111 0.0000 0.4121
vn 0.0910 0.0000 0.9959
vn 0.0913 0.0000 0.9958
vn 0.0245 0.0000 0.9997
vn -0.0245 0.0000 0.9997
vn -0.0913 0.0000 0.9958
vn -0.0910 0.0000 0.9959
vn -0.2685 0.0000 0.9633
vn -0.2665 0.0000 0.9638
vn -0.4515 0.0000 0.8923
vn -0.4501 0.0000 0.8930
vn -0.6713 0.0000 0.7412
vn -0.6666 0.0000 0.7454
vn -0.8518 0.0000 0.5239
vn -0.8504 0.0000 0.5261
vn -0.9117 0.0000 0.4108
vn -0.9111 0.0000 0.4121
vn 0.2665 0.0000 0.9638
vn 0.2685 0.0000 0.9633
vn 0.4501 0.0000 0.8930
vn 0.4515 0.0000 0.8923
vn 0.6666 0.0000 0.7454
vn 0.6713 0.0000 0.7412
vn 0.8504 0.0000 0.5261
vn 0.8518 0.0000 0.5239
vn -0.9825 0.0000 0.1860
vn -0.9820 0.0000 0.1891
vn -1.0000 0.0000 0.0000
vn -0.1376 0.0000 0.9905
vn 0.1509 0.0000 0.9886
vn 0.1438 0.0000 0.9896
vn -0.9678 0.2240 -0.1149
vn -0.1519 0.0000 0.9884
vn -0.3924 -0.8766 -0.2786
vn -0.3489 -0.8481 -0.3986
vn -0.1829 -0.9477 -0.2616
vn -0.2108 -0.9632 -0.1667
vn -0.2387 -0.8105 -0.5349
vn -0.1360 -0.9462 -0.2937
vn -0.0675 -0.8532 0.5171
vn -0.1584 -0.8507 0.5012
vn -0.1018 -0.9524 0.2872
vn -0.0262 -0.9792 0.2011
vn -0.1082 -0.8194 -0.5629
vn -0.0658 -0.9456 -0.3186
vn -0.3553 -0.8889 0.2892
vn -0.1977 -0.9548 0.2218
vn 0.0010 -0.8214 -0.5703
vn -0.0006 -0.9514 -0.3079
vn -0.4120 -0.9048 0.1077
vn -0.2310 -0.9708 0.0647
vn 0.1300 -0.8266 -0.5475
vn 0.0745 -0.9459 -0.3159
vn -0.4263 -0.9043 -0.0232
vn -0.2400 -0.9706 -0.0182
vn 0.2278 -0.8227 -0.5208
vn 0.0805 -0.9796 -0.1839
vn -0.4181 -0.8945 -0.1586
vn -0.2329 -0.9672 -0.1015
vn -0.2570 0.9609 -0.1028
vn -0.4697 0.8599 -0.1999
vn -0.8598 0.4601 -0.2214
vn -0.0065 0.9658 -0.2592
vn -0.0000 0.9659 -0.2590
vn -0.0000 0.8646 -0.5024
vn -0.0127 0.8654 -0.5010
vn -0.0000 0.4987 -0.8668
vn -0.0219 0.4994 -0.8661
vn -0.0331 0.9661 -0.2560
vn -0.0654 0.8599 -0.5063
vn -0.1113 0.4946 -0.8620
vn 0.0069 0.9658 -0.2592
vn 0.0134 0.8653 -0.5011
vn 0.0232 0.4993 -0.8661
vn -0.0821 0.9663 -0.2441
vn -0.1629 0.8599 -0.4838
vn -0.2775 0.4946 -0.8236
vn -0.1341 0.9664 -0.2191
vn -0.2677 0.8587 -0.4371
vn -0.4543 0.4938 -0.7415
vn -0.1869 0.9666 -0.1753
vn -0.3749 0.8579 -0.3514
vn -0.6347 0.4934 -0.5947
vn -0.2283 0.9664 -0.1186
vn -0.4556 0.8582 -0.2365
vn -0.7720 0.4935 -0.4006
vn -0.2517 0.9659 -0.0599
vn -0.4987 0.8586 -0.1190
vn -0.8458 0.4937 -0.2021
vn 0.2309 0.9667 -0.1100
vn 0.2471 0.9660 -0.0757
vn 0.4640 0.8578 -0.2210
vn 0.7853 0.4934 -0.3740
vn 0.1869 0.9668 -0.1744
vn 0.3766 0.8572 -0.3512
vn 0.6364 0.4931 -0.5932
vn 0.1328 0.9664 -0.2201
vn 0.2647 0.8590 -0.4383
vn 0.4496 0.4940 -0.7442
vn 0.0821 0.9663 -0.2441
vn 0.1629 0.8599 -0.4838
vn 0.2775 0.4946 -0.8236
vn 0.0335 0.9661 -0.2560
vn 0.0661 0.8600 -0.5061
vn 0.1126 0.4947 -0.8618
usemtl Runko
s off
f 133/1/1 69/2/1 70/3/1 7/4/1 167/5/1 174/6/1 178/7/1 182/8/1 186/9/1 170/10/1 194/11/1 190/12/1 138/13/1 143/14/1 150/15/1 154/16/1 158/17/1 162/18/1 146/19/1
f 72/20/2 57/21/2 7/4/2 70/3/2
f 63/22/2 53/23/2 2/24/2 62/25/2 205/26/2 200/27/2 209/28/2 92/29/2
f 58/30/2 64/31/2 91/32/2 208/33/2 199/34/2 204/35/2 61/36/2 5/37/2
f 90/38/3 89/39/3 92/40/3 93/41/3 91/42/3
f 71/43/2 81/44/2 85/45/2 72/20/2 70/3/2 69/2/2
f 57/21/2 72/20/2 87/46/2 76/47/2 64/31/2 58/30/2
f 53/23/2 63/22/2 78/48/2 83/49/2 71/43/2 54/50/2
f 100/51/4 99/52/4 98/53/4 97/54/4 63/55/4 80/56/4
f 97/54/4 96/57/4 95/58/4 94/59/4 93/60/4 92/61/4 63/55/4
f 105/62/4 104/63/4 103/64/4 102/65/4 101/66/4 100/51/4 80/56/4 75/67/4 64/68/4
f 93/60/4 112/69/4 111/70/4 110/71/4 109/72/4 108/73/4 107/74/4 106/75/4 105/62/4 64/68/4 91/76/4
f 107/74/5 108/73/5 128/77/5 127/78/5
f 108/73/6 109/72/6 129/79/6 128/77/6
f 109/72/7 110/71/7 130/80/7 129/79/7
f 110/71/8 111/70/8 131/81/8 130/80/8
f 111/70/9 112/69/9 132/82/9 131/81/9
f 112/69/10 93/60/10 113/83/10 132/82/10
f 105/62/11 106/75/11 126/84/11 125/85/11
f 106/75/12 107/74/12 127/78/12 126/84/12
f 54/50/2 71/43/2 69/2/2 133/1/2 135/86/2
s 1
f 3/87/13 134/88/14 147/89/15 11/90/16
f 187/91/17 19/92/18 17/93/19 171/94/20
f 55/95/21 58/96/21 5/97/22 4/98/23
f 5/37/24 61/36/25 207/99/26 198/100/26 203/101/26 62/25/25 2/24/24 33/102/24 35/103/24 36/104/24 37/105/24 38/106/24 34/107/24 23/108/24 24/109/24 45/110/24 47/111/24 48/112/24 49/113/24 50/114/24 46/115/24
f 6/116/27 67/117/28 68/118/28 3/119/28 11/120/29 13/121/29 14/122/29 15/123/29 16/124/29 12/125/29 8/126/29 9/127/29 10/128/29 17/129/29 19/130/29 20/131/29 21/132/29 22/133/29 18/134/29
f 175/135/30 22/136/31 21/137/32 179/138/33
f 142/139/34 12/140/35 16/141/36 151/142/37
f 8/143/38 139/144/39 191/145/40 9/146/41
f 163/147/42 13/148/43 11/90/16 147/89/15
f 155/149/44 15/150/45 14/151/46 159/152/47
f 159/153/47 14/154/46 13/148/43 163/147/42
f 166/155/48 18/156/49 22/136/31 175/135/30
f 151/142/37 16/141/36 15/150/45 155/149/44
f 7/157/50 6/158/50 18/156/49 166/155/48 168/159/51 169/160/52 167/161/53
f 179/162/33 21/163/32 20/164/54 183/165/55
f 183/165/55 20/164/54 19/92/18 187/91/17
f 9/146/41 191/145/40 195/166/56 10/167/57
f 10/167/57 195/166/56 171/94/20 17/93/19
f 12/140/35 142/139/34 139/144/39 8/143/38
f 1/168/4 59/169/4 60/170/4 4/171/4 39/172/4 41/173/4 42/174/4 43/175/4 44/176/4 40/177/4 25/178/4 26/179/4 27/180/4 29/181/4 30/182/4 31/183/4 32/184/4 28/185/4
f 4/98/23 5/97/22 46/186/58 39/187/59
f 40/188/60 45/189/61 24/190/62 25/191/62
f 26/192/63 23/193/63 34/194/64 27/195/65
f 27/195/65 34/194/64 38/196/66 29/197/67
f 29/197/67 38/196/66 37/198/68 30/199/69
f 30/199/69 37/198/68 36/200/70 31/201/71
f 31/202/71 36/203/70 35/204/72 32/205/73
f 32/205/73 35/204/72 33/206/74 28/207/75
f 45/189/61 40/188/60 44/208/76 47/209/77
f 47/209/77 44/208/76 43/210/78 48/211/79
f 48/211/79 43/210/78 42/212/80 49/213/81
f 49/214/81 42/215/80 41/216/82 50/217/83
f 50/217/83 41/216/82 39/187/59 46/186/58
f 2/218/84 1/219/85 28/207/75 33/206/74
f 25/191/62 24/190/62 23/193/63 26/192/63
f 1/219/85 2/218/84 53/220/86 52/221/86
f 52/221/86 53/220/86 54/222/86 51/223/86
f 6/158/50 7/157/50 57/224/21 56/225/21
f 56/225/21 57/224/21 58/96/21 55/95/21
f 64/226/87 66/227/87 55/228/87 58/229/87
f 72/230/88 74/231/88 56/232/88 57/233/88
f 68/118/28 73/234/4 51/235/4 3/119/28
f 66/236/4 55/237/4 4/171/4 60/170/4 90/238/4
f 52/239/4 65/240/4 89/241/4 59/169/4 1/168/4
f 53/242/89 52/243/89 65/244/89 63/245/89
f 51/223/86 54/222/86 135/246/90 134/88/14 3/87/13
f 6/116/27 56/247/4 74/248/4 67/117/28
f 67/117/28 74/248/4 86/249/4 82/250/4 73/234/4 68/118/28
f 54/251/91 51/252/91 73/253/91 71/254/91
f 55/237/4 66/236/4 77/255/4 88/256/4 74/248/4 56/247/4
f 51/235/4 73/234/4 84/257/4 79/258/4 65/240/4 52/239/4
f 218/259/2 208/33/2 91/32/2 210/260/2
f 59/169/4 89/241/4 90/238/4 60/170/4
f 99/52/92 100/51/93 120/261/94 119/262/95
f 100/51/93 101/66/96 121/263/97 120/261/94
f 93/60/98 94/59/99 114/264/100 113/83/101
f 101/66/96 102/65/102 122/265/103 121/263/97
f 94/59/99 95/58/104 115/266/105 114/264/100
f 102/65/102 103/64/106 123/267/107 122/265/103
f 95/58/104 96/57/108 116/268/109 115/266/105
f 103/64/106 104/63/110 124/269/111 123/267/107
f 96/57/108 97/54/112 117/270/113 116/268/109
f 104/63/110 105/62/114 125/85/115 124/269/111
f 97/54/112 98/53/116 118/271/117 117/270/113
f 98/53/116 99/52/92 119/262/95 118/271/117
f 113/83/101 114/264/100 115/266/105 116/268/109 117/270/113 118/271/117 119/262/95 120/261/94 121/263/97 122/265/103 123/267/107 124/269/111 125/85/115 126/84/4 127/78/4 128/77/4 129/79/4 130/80/4 131/81/4 132/82/4
f 133/1/118 136/272/119 135/86/90
f 136/273/119 137/274/120 135/246/90
f 137/274/120 134/88/14 135/246/90
f 138/13/121 190/12/122 192/275/123 140/276/124
f 140/277/124 192/278/123 193/279/125 141/280/126
f 141/280/126 193/279/125 191/145/40 139/144/39
f 143/14/127 138/13/121 140/276/124 145/281/128
f 145/282/128 140/277/124 141/280/126 144/283/129
f 144/283/129 141/280/126 139/144/39 142/139/34
f 190/12/122 194/11/130 196/284/131 192/275/123
f 192/278/123 196/285/131 197/286/132 193/279/125
f 193/279/125 197/286/132 195/166/56 191/145/40
f 150/15/133 143/14/127 145/281/128 152/287/134
f 152/288/134 145/282/128 144/283/129 153/289/135
f 153/289/135 144/283/129 142/139/34 151/142/37
f 154/16/136 150/15/133 152/287/134 156/290/137
f 156/290/137 152/287/134 153/291/135 157/292/138
f 157/293/138 153/289/135 151/142/37 155/149/44
f 158/17/139 154/16/136 156/290/137 160/294/140
f 160/294/140 156/290/137 157/292/138 161/295/141
f 161/296/141 157/293/138 155/149/44 159/152/47
f 162/18/142 158/17/139 160/294/140 164/297/143
f 164/297/143 160/294/140 161/295/141 165/298/144
f 165/299/144 161/300/141 159/153/47 163/147/42
f 146/19/145 162/18/142 164/297/143 148/301/146
f 148/302/146 164/303/143 165/299/144 149/304/147
f 149/304/147 165/299/144 163/147/42 147/89/15
f 174/6/148 167/5/149 169/305/52 176/306/150
f 176/306/150 169/305/52 168/307/51 177/308/151
f 177/309/151 168/159/51 166/155/48 175/135/30
f 178/7/152 174/6/148 176/306/150 180/310/153
f 180/310/153 176/306/150 177/308/151 181/311/154
f 181/312/154 177/309/151 175/135/30 179/138/33
f 182/8/155 178/7/152 180/310/153 184/313/156
f 184/313/156 180/310/153 181/311/154 185/314/157
f 185/315/157 181/316/154 179/162/33 183/165/55
f 186/9/158 182/8/155 184/313/156 188/317/159
f 188/317/159 184/313/156 185/314/157 189/318/160
f 189/319/160 185/315/157 183/165/55 187/91/17
f 170/10/161 186/9/158 188/317/159 172/320/162
f 172/321/162 188/322/159 189/319/160 173/323/163
f 173/323/163 189/319/160 187/91/17 171/94/20
f 133/1/118 146/19/145 148/301/146 136/272/119
f 136/273/119 148/302/146 149/304/147 137/274/120
f 137/274/120 149/304/147 147/89/15 134/88/14
f 194/11/130 170/10/161 172/320/162 196/284/131
f 196/285/131 172/321/162 173/323/163 197/286/132
f 197/286/132 173/323/163 171/94/20 195/166/56
f 217/324/2 211/325/2 201/326/2 206/327/2
f 216/328/2 212/329/2 202/330/2 213/331/2
f 215/332/2 204/35/2 199/34/2 214/333/2
f 212/329/2 215/332/2 214/333/2 202/330/2
f 198/100/26 207/99/26 215/332/2 212/329/2
f 207/99/26 61/36/25 204/35/2 215/332/2
f 205/26/2 216/328/2 213/331/2 200/27/2
f 62/25/25 203/101/26 216/328/2 205/26/2
f 203/101/26 198/100/26 212/329/2 216/328/2
f 209/28/2 217/324/2 206/327/2 92/29/2
f 200/27/2 213/331/2 217/324/2 209/28/2
f 213/331/2 202/330/2 211/325/2 217/324/2
f 211/325/2 218/259/2 210/260/2 201/326/2
f 202/330/2 214/333/2 218/259/2 211/325/2
f 214/333/2 199/34/2 208/33/2 218/259/2
o Plane
v 0.653832 0.543513 -0.834502
v 0.442899 0.543513 -0.429342
v 0.705063 0.543513 -0.700921
v 0.439366 0.543513 -0.968083
v 0.653832 0.543513 -0.567340
v 0.562852 0.543513 -0.500549
v 0.693580 0.543513 -0.767711
v 0.562852 0.543513 -0.901292
v 0.693580 0.543513 -0.634130
v 0.336020 0.543513 -0.585578
v 0.343086 0.543513 -0.825097
v 0.395908 0.543513 -0.633721
v 0.408274 0.543513 -0.776953
v 0.395908 0.543513 -0.633721
v 0.408274 0.543513 -0.776953
v 0.417990 0.543513 -0.682926
v 0.420640 0.543513 -0.727749
v 0.653832 0.443813 -0.834502
v 0.442899 0.443813 -0.429342
v 0.705063 0.443813 -0.700921
v 0.439366 0.443813 -0.968083
v 0.653832 0.443813 -0.567340
v 0.562852 0.443813 -0.500549
v 0.693580 0.443813 -0.767711
v 0.562852 0.443813 -0.901292
v 0.693580 0.443813 -0.634130
v 0.336020 0.443813 -0.585578
v 0.343086 0.443813 -0.825097
v 0.395908 0.443813 -0.633721
v 0.408274 0.443813 -0.776953
v 0.395908 0.443813 -0.633721
v 0.408274 0.443813 -0.776953
v 0.417990 0.443813 -0.682926
v 0.420640 0.443813 -0.727749
v 0.272077 0.522818 -0.651622
v 0.279310 0.522818 -0.759052
v 0.298424 0.522818 -0.673216
v 0.305656 0.522818 -0.737459
v 0.298424 0.522818 -0.673216
v 0.305656 0.522818 -0.737459
v 0.311339 0.522818 -0.695285
v 0.312889 0.522818 -0.715389
v 0.272077 0.464508 -0.651622
v 0.279310 0.464508 -0.759052
v 0.298424 0.464508 -0.673216
v 0.305656 0.464508 -0.737459
v 0.298424 0.464508 -0.673216
v 0.305656 0.464508 -0.737459
v 0.311339 0.464508 -0.695285
v 0.312889 0.464508 -0.715389
v -0.211366 0.399617 -1.106976
v -0.340581 0.543513 -1.046940
v -0.340581 0.399617 -1.046940
v -0.031533 0.399617 -0.883706
v 0.084173 0.522816 -0.852501
v -0.282175 0.399617 -0.951543
v 0.341633 0.399617 -1.045413
v 0.084173 0.399617 -0.852501
v -0.083120 0.522816 -0.862507
v 0.341633 0.543513 -1.045413
v -0.282175 0.543513 -0.951543
v 0.219838 0.399617 -1.101973
v -0.083120 0.399617 -0.862507
v -0.211366 0.543513 -1.106976
v 0.219838 0.543513 -1.101973
v 0.139713 0.522816 -0.815640
v 0.152086 0.399617 -0.806922
v -0.138660 0.522816 -0.825646
v -0.083258 0.399617 -1.153964
v 0.084084 0.399617 -1.153646
v 0.000460 0.399617 -1.165669
v 0.084084 0.543513 -1.153646
v -0.083258 0.543513 -1.153963
v 0.000460 0.543513 -1.165669
v 0.283227 0.399617 -0.950017
v -0.151034 0.399617 -0.816928
v 0.283227 0.543513 -0.950017
v 0.169118 0.522816 -0.806100
v -0.230996 0.399617 -0.881586
v -0.230996 0.543513 -0.881586
v 0.232048 0.399617 -0.871580
v 0.184106 0.399617 -0.797383
v 0.232048 0.543513 -0.871580
v -0.168066 0.522816 -0.816106
v -0.190614 0.399617 -0.904905
v -0.190614 0.543513 -0.904905
v 0.191666 0.399617 -0.894899
v -0.183054 0.399617 -0.807389
v 0.191666 0.543513 -0.894899
v -0.104965 0.399617 -0.950483
v -0.104965 0.543513 -0.950483
v 0.106017 0.399617 -0.940477
v 0.106017 0.543513 -0.940477
v -0.039905 0.399617 -0.971682
v -0.039905 0.543513 -0.971682
v 0.040958 0.399617 -0.973336
v 0.040958 0.543513 -0.973336
v -0.031533 0.522816 -0.883706
v 0.032585 0.399617 -0.885359
v 0.032585 0.522816 -0.885359
v 0.212418 0.399617 -0.292770
v 0.341633 0.543513 -0.352806
v 0.341633 0.399617 -0.352806
v 0.032585 0.399617 -0.516040
v -0.083120 0.522816 -0.547245
v 0.283227 0.399617 -0.448203
v -0.340581 0.399617 -0.354333
v -0.083120 0.399617 -0.547245
v 0.084173 0.522816 -0.537239
v -0.340581 0.543513 -0.354333
v 0.283227 0.543513 -0.448203
v -0.218785 0.399617 -0.297773
v 0.084173 0.399617 -0.537239
v 0.212418 0.543513 -0.292770
v -0.218785 0.543513 -0.297773
v -0.138660 0.522816 -0.584106
v -0.151034 0.399617 -0.592824
v 0.139713 0.522816 -0.574100
v 0.084311 0.399617 -0.245782
v -0.083032 0.399617 -0.246100
v 0.000592 0.399617 -0.234077
v -0.083032 0.543513 -0.246100
v 0.084310 0.543513 -0.245782
v 0.000592 0.543513 -0.234077
v -0.282175 0.399617 -0.449729
v 0.152086 0.399617 -0.582818
v -0.282175 0.543513 -0.449729
v -0.168066 0.522816 -0.593646
v 0.232048 0.399617 -0.518160
v 0.232048 0.543513 -0.518160
v -0.230996 0.399617 -0.528166
v -0.183054 0.399617 -0.602363
v -0.230996 0.543513 -0.528166
v 0.169118 0.522816 -0.583640
v 0.191666 0.399617 -0.494841
v 0.191666 0.543513 -0.494841
v -0.190614 0.399617 -0.504847
v 0.184106 0.399617 -0.592357
v -0.190614 0.543513 -0.504847
v 0.106017 0.399617 -0.449263
v 0.106017 0.543513 -0.449263
v -0.104965 0.399617 -0.459269
v -0.104965 0.543513 -0.459269
v 0.040958 0.399617 -0.428064
v 0.040958 0.543513 -0.428064
v -0.039905 0.399617 -0.426410
v -0.039905 0.543513 -0.426410
v 0.032585 0.522816 -0.516040
v -0.031533 0.399617 -0.514387
v -0.031533 0.522816 -0.514387
v -0.660949 0.543513 -0.573827
v -0.450016 0.543513 -0.978986
v -0.712180 0.543513 -0.707408
v -0.446483 0.543513 -0.440246
v -0.660949 0.543513 -0.840989
v -0.569969 0.543513 -0.907779
v -0.700697 0.543513 -0.640617
v -0.569969 0.543513 -0.507036
v -0.700697 0.543513 -0.774198
v -0.343137 0.543513 -0.822751
v -0.350203 0.543513 -0.583232
v -0.403025 0.543513 -0.774607
v -0.415391 0.543513 -0.631375
v -0.403025 0.543513 -0.774607
v -0.415391 0.543513 -0.631375
v -0.425107 0.543513 -0.725403
v -0.427757 0.543513 -0.680580
v -0.660949 0.443813 -0.573827
v -0.450016 0.443813 -0.978986
v -0.712180 0.443813 -0.707408
v -0.446483 0.443813 -0.440246
v -0.660949 0.443813 -0.840989
v -0.569969 0.443813 -0.907779
v -0.700697 0.443813 -0.640617
v -0.569969 0.443813 -0.507036
v -0.700697 0.443813 -0.774198
v -0.343137 0.443813 -0.822751
v -0.350203 0.443813 -0.583232
v -0.403025 0.443813 -0.774607
v -0.415391 0.443813 -0.631375
v -0.403025 0.443813 -0.774607
v -0.415391 0.443813 -0.631375
v -0.425107 0.443813 -0.725403
v -0.427757 0.443813 -0.680580
v -0.279194 0.522818 -0.756706
v -0.286427 0.522818 -0.649277
v -0.305541 0.522818 -0.735113
v -0.312773 0.522818 -0.670870
v -0.305541 0.522818 -0.735113
v -0.312773 0.522818 -0.670870
v -0.318456 0.522818 -0.713043
v -0.320006 0.522818 -0.692939
v -0.279194 0.464508 -0.756706
v -0.286427 0.464508 -0.649277
v -0.305541 0.464508 -0.735113
v -0.312773 0.464508 -0.670870
v -0.305541 0.464508 -0.735113
v -0.312773 0.464508 -0.670870
v -0.318456 0.464508 -0.713043
v -0.320006 0.464508 -0.692939
vt 0.000000 0.000000
vt 0.000000 0.000000
vt 0.000000 0.000000
vt 0.000000 0.000000
vt 0.000000 0.000000
vt 0.000000 0.000000
vt 0.000000 0.000000
vt 0.000000 0.000000
vt 0.000000 0.000000
vt 0.000000 0.000000
vt 0.000000 0.000000
vt 0.000000 0.000000
vt 0.000000 0.000000
vt 0.000000 0.000000
vt 0.000000 0.000000
vt 0.000000 0.000000
vt 0.000000 0.000000
vt 0.000000 0.000000
vt 0.000000 0.000000
vt 0.000000 0.000000
vt 0.000000 0.000000
vt 0.000000 0.000000
vt 0.000000 0.000000
vt 0.000000 0.000000
vt 0.000000 0.000000
vt 0.000000 0.000000
vt 0.000000 0.000000
vt 0.000000 0.000000
vt 0.000000 0.000000
vt 0.000000 0.000000
vt 0.000000 0.000000
vt 0.000000 0.000000
vt 0.000000 0.000000
vt 0.000000 0.000000
vt 0.000000 0.000000
vt 0.000000 0.000000
vt 0.000000 0.000000
vt 0.000000 0.000000
vt 0.000000 0.000000
vt 0.000000 0.000000
vt 0.000000 0.000000
vt 0.000000 0.000000
vt 0.000000 0.000000
vt 0.000000 0.000000
vt 0.000000 0.000000
vt 0.000000 0.000000
vt 0.000000 0.000000
vt 0.000000 0.000000
vt 0.000000 0.000000
vt 0.000000 0.000000
vt 0.375000 0.500000
vt 0.375000 0.500000
vt 0.375000 0.500000
vt 0.375000 0.500000
vt 0.375000 0.250000
vt 0.375000 0.250000
vt 0.375000 0.250000
vt 0.375000 0.250000
vt 0.375000 0.312500
vt 0.500000 0.312500
vt 0.500000 0.344297
vt 0.375000 0.344297
vt 0.375000 0.250000
vt 0.500000 0.250000
vt 0.375000 0.437500
vt 0.500000 0.437500
vt 0.500000 0.500000
vt 0.375000 0.500000
vt 0.375000 0.405620
vt 0.500000 0.405620
vt 0.375000 0.250000
vt 0.500000 0.250000
vt 0.500000 0.250000
vt 0.500000 0.250000
vt 0.375000 0.500000
vt 0.500000 0.500000
vt 0.500000 0.500000
vt 0.375000 0.500000
vt 0.500000 0.500000
vt 0.375000 0.375000
vt 0.500000 0.375000
vt 0.500000 0.500000
vt 0.500000 0.500000
vt 0.500000 0.500000
vt 0.500000 0.500000
vt 0.375000 0.500000
vt 0.375000 0.500000
vt 0.500000 0.250000
vt 0.375000 0.250000
vt 0.500000 0.250000
vt 0.500000 0.250000
vt 0.375000 0.500000
vt 0.500000 0.250000
vt 0.375000 0.250000
vt 0.500000 0.500000
vt 0.500000 0.500000
vt 0.500000 0.250000
vt 0.500000 0.250000
vt 0.375000 0.250000
vt 0.375000 0.250000
vt 0.375000 0.500000
vt 0.375000 0.500000
vt 0.375000 0.500000
vt 0.375000 0.500000
vt 0.375000 0.250000
vt 0.375000 0.250000
vt 0.375000 0.250000
vt 0.375000 0.250000
vt 0.375000 0.312500
vt 0.500000 0.312500
vt 0.500000 0.344297
vt 0.375000 0.344297
vt 0.375000 0.250000
vt 0.500000 0.250000
vt 0.375000 0.437500
vt 0.500000 0.437500
vt 0.500000 0.500000
vt 0.375000 0.500000
vt 0.375000 0.405620
vt 0.500000 0.405620
vt 0.375000 0.250000
vt 0.500000 0.250000
vt 0.500000 0.250000
vt 0.500000 0.250000
vt 0.375000 0.500000
vt 0.500000 0.500000
vt 0.500000 0.500000
vt 0.375000 0.500000
vt 0.500000 0.500000
vt 0.375000 0.375000
vt 0.500000 0.375000
vt 0.500000 0.500000
vt 0.500000 0.500000
vt 0.500000 0.500000
vt 0.500000 0.500000
vt 0.375000 0.500000
vt 0.375000 0.500000
vt 0.500000 0.250000
vt 0.375000 0.250000
vt 0.500000 0.250000
vt 0.500000 0.250000
vt 0.375000 0.500000
vt 0.500000 0.250000
vt 0.375000 0.250000
vt 0.500000 0.500000
vt 0.500000 0.500000
vt 0.500000 0.250000
vt 0.500000 0.250000
vt 0.375000 0.250000
vt 0.375000 0.250000
vt 0.000000 0.000000
vt 0.000000 0.000000
vt 0.000000 0.000000
vt 0.000000 0.000000
vt 0.000000 0.000000
vt 0.000000 0.000000
vt 0.000000 0.000000
vt 0.000000 0.000000
vt 0.000000 0.000000
vt 0.000000 0.000000
vt 0.000000 0.000000
vt 0.000000 0.000000
vt 0.000000 0.000000
vt 0.000000 0.000000
vt 0.000000 0.000000
vt 0.000000 0.000000
vt 0.000000 0.000000
vt 0.000000 0.000000
vt 0.000000 0.000000
vt 0.000000 0.000000
vt 0.000000 0.000000
vt 0.000000 0.000000
vt 0.000000 0.000000
vt 0.000000 0.000000
vt 0.000000 0.000000
vt 0.000000 0.000000
vt 0.000000 0.000000
vt 0.000000 0.000000
vt 0.000000 0.000000
vt 0.000000 0.000000
vt 0.000000 0.000000
vt 0.000000 0.000000
vt 0.000000 0.000000
vt 0.000000 0.000000
vt 0.000000 0.000000
vt 0.000000 0.000000
vt 0.000000 0.000000
vt 0.000000 0.000000
vt 0.000000 0.000000
vt 0.000000 0.000000
vt 0.000000 0.000000
vt 0.000000 0.000000
vt 0.000000 0.000000
vt 0.000000 0.000000
vt 0.000000 0.000000
vt 0.000000 0.000000
vt 0.000000 0.000000
vt 0.000000 0.000000
vt 0.000000 0.000000
vt 0.000000 0.000000
vn -1.0000 0.0000 0.0000
vn -0.9382 0.0000 0.3462
vn -0.1895 0.9818 -0.0123
vn -0.7404 0.0000 0.6722
vn -0.5350 0.0000 0.8448
vn 0.0000 0.0000 1.0000
vn -0.7404 0.0000 -0.6722
vn -0.9382 0.0000 -0.3462
vn -0.5518 0.0000 -0.8340
vn 0.0676 -0.9975 -0.0186
vn 0.0612 -0.9980 -0.0168
vn 0.1810 -0.9822 -0.0498
vn 0.7787 0.0000 -0.6274
vn 0.8254 0.0000 -0.5646
vn 0.8295 0.0000 0.5585
vn 0.7816 0.0000 0.6238
vn -0.4757 0.0000 0.8796
vn 0.0557 -0.9981 0.0273
vn 0.0667 -0.9972 0.0328
vn 0.1767 -0.9804 0.0868
vn 0.1325 0.9758 -0.1739
vn -0.5105 0.0000 -0.8599
vn 0.8631 0.0000 0.5051
vn 0.9503 0.0000 -0.3114
vn -0.9970 0.0000 -0.0769
vn 0.6339 0.0000 0.7734
vn 0.6339 0.0000 -0.7734
vn 0.1767 0.9804 0.0868
vn 0.1810 0.9822 -0.0498
vn 0.7184 0.0000 -0.6956
vn 0.1383 -0.9755 0.1710
vn -0.1895 -0.9818 -0.0123
vn 0.7193 0.0000 0.6946
vn 0.1325 -0.9758 -0.1739
vn 0.1383 0.9755 0.1710
vn 0.0000 -1.0000 -0.0000
vn -0.3832 0.0000 -0.9237
vn -0.2428 0.0000 -0.9701
vn -0.4214 0.0000 -0.9069
vn 0.3887 0.0000 -0.9214
vn 0.4212 0.0000 -0.9070
vn 0.2506 0.0000 -0.9681
vn -0.8529 0.0000 0.5222
vn -0.8307 0.0000 0.5568
vn 0.4700 0.0008 0.8826
vn 0.2063 0.0000 0.9785
vn -0.5463 0.0008 0.8376
vn -0.5372 0.0000 0.8434
vn -0.4204 0.0195 0.9071
vn -0.4403 0.0170 0.8977
vn 0.0019 0.0000 -1.0000
vn 0.0258 0.0000 0.9997
vn -0.0434 0.9948 0.0921
vn -0.0520 0.9937 0.0995
vn -0.1045 0.9748 0.1969
vn -0.0955 0.9745 0.2029
vn 0.8529 0.0000 0.5222
vn 0.8453 0.0000 0.5344
vn 0.4403 0.0170 0.8977
vn 0.4204 0.0195 0.9071
vn 0.0201 0.9935 0.1122
vn 0.0471 0.9935 0.1032
vn 0.0976 0.9745 0.2021
vn 0.0441 0.9740 0.2220
vn -0.2965 0.0346 0.9544
vn 0.2965 0.0346 0.9544
vn -0.0579 0.9932 0.1013
vn -0.1142 0.9734 0.1984
vn -0.0254 0.9935 0.1109
vn -0.0618 0.9740 0.2181
vn 0.0000 1.0000 0.0000
vn 0.0426 0.9950 0.0904
vn 0.0520 0.9937 0.0995
vn 0.1045 0.9748 0.1969
vn 0.0955 0.9745 0.2029
vn 0.8110 0.0296 0.5843
vn 0.8087 0.0321 0.5874
vn 0.7770 0.0640 0.6262
vn -0.7927 0.0320 0.6088
vn -0.7938 0.0296 0.6074
vn -0.7770 0.0640 0.6262
vn 0.3832 0.0000 0.9237
vn 0.2428 0.0000 0.9701
vn 0.4214 0.0000 0.9069
vn -0.3887 -0.0000 0.9214
vn -0.4212 0.0000 0.9070
vn -0.2506 -0.0000 0.9681
vn 0.8529 0.0000 -0.5222
vn 0.8307 0.0000 -0.5568
vn -0.4700 0.0008 -0.8826
vn -0.2063 0.0000 -0.9785
vn 0.5463 0.0008 -0.8376
vn 0.5372 0.0000 -0.8434
vn 0.4204 0.0195 -0.9071
vn 0.4403 0.0170 -0.8977
vn -0.0019 -0.0000 1.0000
vn -0.0258 0.0000 -0.9997
vn 0.0434 0.9948 -0.0921
vn 0.0520 0.9937 -0.0995
vn 0.1045 0.9748 -0.1969
vn 0.0955 0.9745 -0.2029
vn -0.8529 0.0000 -0.5222
vn -0.8453 0.0000 -0.5344
vn -0.4403 0.0170 -0.8977
vn -0.4204 0.0195 -0.9071
vn -0.0201 0.9935 -0.1122
vn -0.0471 0.9935 -0.1032
vn -0.0976 0.9745 -0.2021
vn -0.0441 0.9740 -0.2220
vn 0.2965 0.0346 -0.9544
vn -0.2965 0.0346 -0.9544
vn 0.0579 0.9932 -0.1013
vn 0.1142 0.9734 -0.1984
vn 0.0254 0.9935 -0.1109
vn 0.0618 0.9740 -0.2181
vn -0.0426 0.9950 -0.0904
vn -0.0520 0.9937 -0.0995
vn -0.1045 0.9748 -0.1969
vn -0.0955 0.9745 -0.2029
vn -0.8110 0.0296 -0.5843
vn -0.8087 0.0321 -0.5874
vn -0.7770 0.0640 -0.6262
vn 0.7927 0.0320 -0.6088
vn 0.7938 0.0296 -0.6074
vn 0.7770 0.0640 -0.6262
vn 1.0000 0.0000 -0.0000
vn 0.9382 0.0000 -0.3462
vn 0.1895 0.9818 0.0123
vn 0.7404 0.0000 -0.6722
vn 0.5350 0.0000 -0.8448
vn 0.7404 0.0000 0.6722
vn 0.9382 0.0000 0.3462
vn 0.5518 0.0000 0.8340
vn -0.0676 -0.9975 0.0186
vn -0.0612 -0.9980 0.0168
vn -0.1810 -0.9822 0.0498
vn -0.7787 0.0000 0.6274
vn -0.8254 0.0000 0.5646
vn -0.8295 0.0000 -0.5585
vn -0.7816 0.0000 -0.6238
vn 0.4757 0.0000 -0.8796
vn -0.0557 -0.9981 -0.0273
vn -0.0667 -0.9972 -0.0328
vn -0.1767 -0.9804 -0.0868
vn -0.1325 0.9758 0.1739
vn 0.5105 0.0000 0.8599
vn -0.8631 0.0000 -0.5051
vn -0.9503 0.0000 0.3114
vn 0.9970 0.0000 0.0769
vn -0.6339 0.0000 -0.7734
vn -0.6339 0.0000 0.7734
vn -0.1767 0.9804 -0.0868
vn -0.1810 0.9822 0.0498
vn -0.7184 0.0000 0.6956
vn -0.1383 -0.9755 -0.1710
vn 0.1895 -0.9818 0.0123
vn -0.7193 0.0000 -0.6946
vn -0.1325 -0.9758 0.1739
vn -0.1383 0.9755 -0.1710
usemtl Napit
s 1
f 221/334/164 225/335/165 242/336/165 238/337/164
f 234/338/166 235/339/166 260/340/166 259/341/166
f 219/342/167 226/343/168 243/344/168 236/345/167
f 250/346/169 248/347/169 264/348/169 266/349/169
f 223/350/170 227/351/171 244/352/171 240/353/170
f 224/354/172 223/350/170 240/353/170 241/355/172
f 233/356/173 235/339/174 260/340/175 258/357/175
f 228/358/176 220/359/177 237/360/177 245/361/176
f 225/335/165 219/342/167 236/345/167 242/336/165
f 247/362/169 249/363/169 265/364/169 263/365/169
f 222/366/178 229/367/179 246/368/179 239/369/178
f 226/343/168 222/366/180 239/369/180 243/344/168
f 234/338/181 232/370/182 257/371/183 259/341/183
f 227/351/171 221/334/164 238/337/164 244/352/171
f 248/347/184 246/368/184 262/372/184 264/348/184
f 220/359/185 224/354/172 241/355/172 237/360/185
f 231/373/169 233/356/169 258/357/169 256/374/169
f 256/374/169 258/357/169 266/349/169 264/348/169
f 259/341/186 257/371/186 265/364/186 267/375/186
f 258/357/187 260/340/187 268/376/187 266/349/187
f 259/341/188 260/340/188 268/376/188 267/375/188
f 255/377/189 253/378/189 261/379/189 263/365/189
f 254/380/190 256/374/190 264/348/190 262/372/190
f 257/371/169 255/377/169 263/365/169 265/364/169
f 249/363/191 251/381/191 267/375/191 265/364/191
f 252/382/192 250/346/192 266/349/192 268/376/192
f 228/358/176 245/361/176 261/379/193 253/378/193
f 230/383/194 228/358/194 253/378/194 255/377/194
f 252/382/195 251/381/195 267/375/195 268/376/195
f 246/368/179 229/367/179 254/380/196 262/372/196
f 229/367/197 231/373/197 256/374/197 254/380/197
f 232/370/169 230/383/169 255/377/169 257/371/169
f 245/361/198 247/362/198 263/365/198 261/379/198
f 224/354/199 220/359/199 228/358/199 232/370/182 234/338/181 235/339/174 233/356/173 229/367/199 222/366/199 226/343/199 219/342/199 225/335/199 221/334/199 227/351/199 223/350/199
f 305/384/199 299/385/199 300/386/199 285/387/199
f 308/388/199 312/389/199 272/390/199 281/391/199
f 269/392/200 282/393/200 291/394/201 287/395/201
f 271/396/202 270/397/202 282/393/200 269/392/200
f 280/398/203 283/399/203 278/400/204 275/401/204
f 288/402/205 290/403/205 283/399/203 280/398/203
f 270/397/206 271/396/206 274/404/207 279/405/207
f 277/406/208 281/391/208 272/390/209 316/407/209
f 276/408/210 273/409/210 318/410/211 317/411/211
f 285/387/212 284/412/213 273/409/210 276/408/210
f 290/403/205 288/402/205 289/413/214 292/414/214
f 292/414/214 289/413/214 287/395/201 291/394/201
f 317/411/215 318/410/215 316/407/209 272/390/209
f 301/415/216 307/416/217 284/412/218 296/417/219
f 275/401/220 278/400/220 295/418/221 293/419/221
f 310/420/199 305/384/199 285/387/199 276/408/199
f 286/421/222 294/422/223 281/391/208 277/406/208
f 313/423/224 309/424/225 277/406/226 316/407/227
f 300/386/228 296/417/228 284/412/213 285/387/212
f 314/425/199 310/420/199 276/408/199 317/411/199
f 302/426/229 306/427/229 294/422/223 286/421/222
f 307/416/217 311/428/230 273/409/231 284/412/218
f 311/428/230 315/429/232 318/410/233 273/409/231
f 278/400/234 283/399/234 290/403/234 292/414/234 291/394/234 282/393/234 270/397/234 279/405/234 298/430/235 304/431/236 309/424/225 313/423/224 315/429/232 311/428/230 307/416/217 301/415/216 295/418/234
f 271/396/199 269/392/199 287/395/199 289/413/199 288/402/199 280/398/199 275/401/199 293/419/199 299/385/199 305/384/199 310/420/199 314/425/199 312/389/199 308/388/199 303/432/199 297/433/199 274/404/199
f 312/389/199 314/425/199 317/411/199 272/390/199
f 303/432/199 308/388/199 281/391/199 294/422/199
f 297/433/199 303/432/199 294/422/199 306/427/199
f 309/424/225 304/431/236 286/421/237 277/406/226
f 304/431/236 298/430/235 302/426/238 286/421/237
f 315/429/232 313/423/224 316/407/227 318/410/233
f 293/419/221 295/418/221 301/415/239 299/385/240
f 301/415/239 296/417/241 300/386/241 299/385/240
f 279/405/207 274/404/207 297/433/242 298/430/243
f 302/426/244 298/430/243 297/433/242 306/427/244
f 355/434/199 349/435/199 350/436/199 335/437/199
f 358/438/199 362/439/199 322/440/199 331/441/199
f 319/442/245 332/443/245 341/444/246 337/445/246
f 321/446/247 320/447/247 332/443/245 319/442/245
f 330/448/248 333/449/248 328/450/249 325/451/249
f 338/452/250 340/453/250 333/449/248 330/448/248
f 320/447/251 321/446/251 324/454/252 329/455/252
f 327/456/253 331/441/253 322/440/254 366/457/254
f 326/458/255 323/459/255 368/460/256 367/461/256
f 335/437/257 334/462/258 323/459/255 326/458/255
f 340/453/250 338/452/250 339/463/259 342/464/259
f 342/464/259 339/463/259 337/445/246 341/444/246
f 367/461/260 368/460/260 366/457/254 322/440/254
f 351/465/261 357/466/262 334/462/263 346/467/264
f 325/451/265 328/450/265 345/468/266 343/469/266
f 360/470/199 355/434/199 335/437/199 326/458/199
f 336/471/267 344/472/268 331/441/253 327/456/253
f 363/473/269 359/474/270 327/456/271 366/457/272
f 350/436/273 346/467/273 334/462/258 335/437/257
f 364/475/199 360/470/199 326/458/199 367/461/199
f 352/476/274 356/477/274 344/472/268 336/471/267
f 357/466/262 361/478/275 323/459/276 334/462/263
f 361/478/275 365/479/277 368/460/278 323/459/276
f 328/450/234 333/449/234 340/453/234 342/464/234 341/444/234 332/443/234 320/447/234 329/455/234 348/480/279 354/481/280 359/474/270 363/473/269 365/479/277 361/478/275 357/466/262 351/465/261 345/468/234
f 321/446/199 319/442/199 337/445/199 339/463/199 338/452/199 330/448/199 325/451/199 343/469/199 349/435/199 355/434/199 360/470/199 364/475/199 362/439/199 358/438/199 353/482/199 347/483/199 324/454/199
f 362/439/199 364/475/199 367/461/199 322/440/199
f 353/482/199 358/438/199 331/441/199 344/472/199
f 347/483/199 353/482/199 344/472/199 356/477/199
f 359/474/270 354/481/280 336/471/281 327/456/271
f 354/481/280 348/480/279 352/476/282 336/471/281
f 365/479/277 363/473/269 366/457/272 368/460/278
f 343/469/266 345/468/266 351/465/283 349/435/284
f 351/465/283 346/467/285 350/436/285 349/435/284
f 329/455/252 324/454/252 347/483/286 348/480/287
f 352/476/288 348/480/287 347/483/286 356/477/288
f 371/484/289 375/485/290 392/486/290 388/487/289
f 384/488/291 385/489/291 410/490/291 409/491/291
f 369/492/292 376/493/293 393/494/293 386/495/292
f 400/496/169 398/497/169 414/498/169 416/499/169
f 373/500/294 377/501/295 394/502/295 390/503/294
f 374/504/296 373/500/294 390/503/294 391/505/296
f 383/506/297 385/489/298 410/490/299 408/507/299
f 378/508/300 370/509/301 387/510/301 395/511/300
f 375/485/290 369/492/292 386/495/292 392/486/290
f 397/512/169 399/513/169 415/514/169 413/515/169
f 372/516/302 379/517/303 396/518/303 389/519/302
f 376/493/293 372/516/304 389/519/304 393/494/293
f 384/488/305 382/520/306 407/521/307 409/491/307
f 377/501/295 371/484/289 388/487/289 394/502/295
f 398/497/308 396/518/308 412/522/308 414/498/308
f 370/509/309 374/504/296 391/505/296 387/510/309
f 381/523/169 383/506/169 408/507/169 406/524/169
f 406/524/169 408/507/169 416/499/169 414/498/169
f 409/491/310 407/521/310 415/514/310 417/525/310
f 408/507/311 410/490/311 418/526/311 416/499/311
f 409/491/312 410/490/312 418/526/312 417/525/312
f 405/527/313 403/528/313 411/529/313 413/515/313
f 404/530/314 406/524/314 414/498/314 412/522/314
f 407/521/169 405/527/169 413/515/169 415/514/169
f 399/513/315 401/531/315 417/525/315 415/514/315
f 402/532/316 400/496/316 416/499/316 418/526/316
f 378/508/300 395/511/300 411/529/317 403/528/317
f 380/533/318 378/508/318 403/528/318 405/527/318
f 402/532/319 401/531/319 417/525/319 418/526/319
f 396/518/303 379/517/303 404/530/320 412/522/320
f 379/517/321 381/523/321 406/524/321 404/530/321
f 382/520/169 380/533/169 405/527/169 407/521/169
f 395/511/322 397/512/322 413/515/322 411/529/322
f 374/504/199 370/509/199 378/508/199 382/520/306 384/488/305 385/489/298 383/506/297 379/517/199 372/516/199 376/493/199 369/492/199 375/485/199 371/484/199 377/501/199 373/500/199
o Circle.003
v 1.109941 0.481123 -1.159410
v 1.074802 0.481123 -1.155950
v 1.041013 0.481123 -1.145700
v 1.009873 0.481123 -1.129055
v 0.982579 0.481123 -1.106655
v 0.960178 0.481123 -1.079361
v 0.943534 0.481123 -1.048221
v 0.933284 0.481123 -1.014432
v 0.929823 0.481123 -0.979293
v 0.933284 0.481123 -0.944153
v 0.943534 0.481123 -0.910365
v 0.960178 0.481123 -0.879225
v 0.982579 0.481123 -0.851930
v 1.009873 0.481123 -0.829530
v 1.041013 0.481123 -0.812886
v 1.074802 0.481123 -0.802636
v 1.109941 0.481123 -0.799175
v 1.145080 0.481123 -0.802636
v 1.178869 0.481123 -0.812886
v 1.210009 0.481123 -0.829530
v 1.237304 0.481123 -0.851930
v 1.259704 0.481123 -0.879225
v 1.276348 0.481123 -0.910365
v 1.286598 0.481123 -0.944154
v 1.290059 0.481123 -0.979293
v 1.286598 0.481123 -1.014432
v 1.276348 0.481123 -1.048221
v 1.259703 0.481123 -1.079361
v 1.237303 0.481123 -1.106655
v 1.210009 0.481123 -1.129055
v 1.178869 0.481123 -1.145700
v 1.145080 0.481123 -1.155950
v -1.103104 0.481123 -1.159410
v -1.138244 0.481123 -1.155950
v -1.172033 0.481123 -1.145700
v -1.203172 0.481123 -1.129055
v -1.230467 0.481123 -1.106655
v -1.252867 0.481123 -1.079361
v -1.269511 0.481123 -1.048221
v -1.279761 0.481123 -1.014432
v -1.283222 0.481123 -0.979293
v -1.279761 0.481123 -0.944153
v -1.269511 0.481123 -0.910365
v -1.252867 0.481123 -0.879225
v -1.230467 0.481123 -0.851930
v -1.203172 0.481123 -0.829530
v -1.172033 0.481123 -0.812886
v -1.138244 0.481123 -0.802636
v -1.103104 0.481123 -0.799175
v -1.067965 0.481123 -0.802636
v -1.034176 0.481123 -0.812886
v -1.003036 0.481123 -0.829530
v -0.975742 0.481123 -0.851930
v -0.953342 0.481123 -0.879225
v -0.936697 0.481123 -0.910365
v -0.926447 0.481123 -0.944154
v -0.922987 0.481123 -0.979293
v -0.926447 0.481123 -1.014432
v -0.936697 0.481123 -1.048221
v -0.953342 0.481123 -1.079361
v -0.975742 0.481123 -1.106655
v -1.003036 0.481123 -1.129055
v -1.034177 0.481123 -1.145700
v -1.067966 0.481123 -1.155950
v -1.714253 0.481123 -1.159410
v -1.749392 0.481123 -1.155950
v -1.783181 0.481123 -1.145700
v -1.814321 0.481123 -1.129055
v -1.841616 0.481123 -1.106655
v -1.864016 0.481123 -1.079361
v -1.880660 0.481123 -1.048221
v -1.890910 0.481123 -1.014432
v -1.894371 0.481123 -0.979293
v -1.890910 0.481123 -0.944153
v -1.880660 0.481123 -0.910365
v -1.864016 0.481123 -0.879225
v -1.841616 0.481123 -0.851930
v -1.814321 0.481123 -0.829530
v -1.783181 0.481123 -0.812886
v -1.749392 0.481123 -0.802636
v -1.714253 0.481123 -0.799175
v -1.679114 0.481123 -0.802636
v -1.645325 0.481123 -0.812886
v -1.614185 0.481123 -0.829530
v -1.586890 0.481123 -0.851930
v -1.564491 0.481123 -0.879225
v -1.547846 0.481123 -0.910365
v -1.537596 0.481123 -0.944154
v -1.534135 0.481123 -0.979293
v -1.537596 0.481123 -1.014432
v -1.547846 0.481123 -1.048221
v -1.564491 0.481123 -1.079361
v -1.586891 0.481123 -1.106655
v -1.614185 0.481123 -1.129055
v -1.645325 0.481123 -1.145700
v -1.679114 0.481123 -1.155950
v 1.721090 0.481123 -1.159410
v 1.685951 0.481123 -1.155950
v 1.652162 0.481123 -1.145700
v 1.621022 0.481123 -1.129055
v 1.593727 0.481123 -1.106655
v 1.571327 0.481123 -1.079361
v 1.554683 0.481123 -1.048221
v 1.544433 0.481123 -1.014432
v 1.540972 0.481123 -0.979293
v 1.544433 0.481123 -0.944153
v 1.554683 0.481123 -0.910365
v 1.571327 0.481123 -0.879225
v 1.593727 0.481123 -0.851930
v 1.621022 0.481123 -0.829530
v 1.652162 0.481123 -0.812886
v 1.685951 0.481123 -0.802636
v 1.721090 0.481123 -0.799175
v 1.756229 0.481123 -0.802636
v 1.790018 0.481123 -0.812886
v 1.821158 0.481123 -0.829530
v 1.848452 0.481123 -0.851930
v 1.870852 0.481123 -0.879225
v 1.887497 0.481123 -0.910365
v 1.897747 0.481123 -0.944154
v 1.901208 0.481123 -0.979293
v 1.897747 0.481123 -1.014432
v 1.887497 0.481123 -1.048221
v 1.870852 0.481123 -1.079361
v 1.848452 0.481123 -1.106655
v 1.821158 0.481123 -1.129055
v 1.790018 0.481123 -1.145700
v 1.756229 0.481123 -1.155950
v 1.109941 0.585525 -1.127750
v 1.109941 0.554017 -1.159410
v 1.109941 0.581303 -1.143580
v 1.109941 0.569771 -1.155169
v 1.074802 0.554017 -1.155950
v 1.080978 0.585525 -1.124897
v 1.075629 0.569771 -1.151789
v 1.077890 0.581303 -1.140424
v 1.041013 0.554017 -1.145700
v 1.053129 0.585525 -1.116449
v 1.042636 0.569771 -1.141781
v 1.047071 0.581303 -1.131075
v 1.009873 0.554017 -1.129055
v 1.027463 0.585525 -1.102730
v 1.012229 0.569771 -1.125528
v 1.018668 0.581303 -1.115893
v 0.982579 0.554017 -1.106655
v 1.004966 0.585525 -1.084268
v 0.985578 0.569771 -1.103656
v 0.993772 0.581303 -1.095462
v 0.960178 0.554017 -1.079361
v 0.986503 0.585525 -1.061771
v 0.963705 0.569771 -1.077004
v 0.973341 0.581303 -1.070566
v 0.943534 0.554017 -1.048221
v 0.972784 0.585525 -1.036105
v 0.947453 0.569771 -1.046598
v 0.958159 0.581303 -1.042163
v 0.933284 0.554017 -1.014432
v 0.964336 0.585525 -1.008255
v 0.937444 0.569771 -1.013604
v 0.948810 0.581303 -1.011344
v 0.929823 0.554017 -0.979293
v 0.961484 0.585525 -0.979293
v 0.934065 0.569771 -0.979293
v 0.945653 0.581303 -0.979293
v 0.933284 0.554017 -0.944153
v 0.964336 0.585525 -0.950330
v 0.937444 0.569771 -0.944981
v 0.948810 0.581303 -0.947242
v 0.943534 0.554017 -0.910365
v 0.972784 0.585525 -0.922481
v 0.947453 0.569771 -0.911988
v 0.958159 0.581303 -0.916423
v 0.960178 0.554017 -0.879225
v 0.986503 0.585525 -0.896814
v 0.963705 0.569771 -0.881581
v 0.973341 0.581303 -0.888019
v 0.982579 0.554017 -0.851930
v 1.004966 0.585525 -0.874318
v 0.985578 0.569771 -0.854930
v 0.993772 0.581303 -0.863124
v 1.009873 0.554017 -0.829530
v 1.027463 0.585525 -0.855855
v 1.012229 0.569771 -0.833057
v 1.018668 0.581303 -0.842693
v 1.041013 0.554017 -0.812886
v 1.053129 0.585525 -0.842136
v 1.042636 0.569771 -0.816804
v 1.047071 0.581303 -0.827511
v 1.074802 0.554017 -0.802636
v 1.080979 0.585525 -0.833688
v 1.075629 0.569771 -0.806796
v 1.077890 0.581303 -0.818162
v 1.109941 0.554017 -0.799175
v 1.109941 0.585525 -0.830835
v 1.109941 0.569771 -0.803417
v 1.109941 0.581303 -0.815005
v 1.145080 0.554017 -0.802636
v 1.138904 0.585525 -0.833688
v 1.144253 0.569771 -0.806796
v 1.141992 0.581303 -0.818162
v 1.178869 0.554017 -0.812886
v 1.166753 0.585525 -0.842136
v 1.177246 0.569771 -0.816804
v 1.172811 0.581303 -0.827511
v 1.210009 0.554017 -0.829530
v 1.192420 0.585525 -0.855855
v 1.207653 0.569771 -0.833057
v 1.201214 0.581303 -0.842693
v 1.237304 0.554017 -0.851930
v 1.214916 0.585525 -0.874318
v 1.234304 0.569771 -0.854930
v 1.226110 0.581303 -0.863124
v 1.259704 0.554017 -0.879225
v 1.233379 0.585525 -0.896814
v 1.256177 0.569771 -0.881581
v 1.246541 0.581303 -0.888020
v 1.276348 0.554017 -0.910365
v 1.247098 0.585525 -0.922481
v 1.272429 0.569771 -0.911988
v 1.261723 0.581303 -0.916423
v 1.286598 0.554017 -0.944154
v 1.255546 0.585525 -0.950330
v 1.282438 0.569771 -0.944981
v 1.271072 0.581303 -0.947242
v 1.290059 0.554017 -0.979293
v 1.258398 0.585525 -0.979293
v 1.285817 0.569771 -0.979293
v 1.274229 0.581303 -0.979293
v 1.286598 0.554017 -1.014432
v 1.255546 0.585525 -1.008255
v 1.282438 0.569771 -1.013605
v 1.271072 0.581303 -1.011344
v 1.276348 0.554017 -1.048221
v 1.247098 0.585525 -1.036105
v 1.272429 0.569771 -1.046598
v 1.261723 0.581303 -1.042163
v 1.259703 0.554017 -1.079361
v 1.233379 0.585525 -1.061771
v 1.256176 0.569771 -1.077004
v 1.246541 0.581303 -1.070566
v 1.237303 0.554017 -1.106655
v 1.214916 0.585525 -1.084268
v 1.234304 0.569771 -1.103656
v 1.226110 0.581303 -1.095462
v 1.210009 0.554017 -1.129055
v 1.192419 0.585525 -1.102731
v 1.207652 0.569771 -1.125528
v 1.201214 0.581303 -1.115893
v 1.178869 0.554017 -1.145700
v 1.166753 0.585525 -1.116449
v 1.177246 0.569771 -1.141781
v 1.172811 0.581303 -1.131075
v 1.145080 0.554017 -1.155950
v 1.138903 0.585525 -1.124897
v 1.144252 0.569771 -1.151789
v 1.141992 0.581303 -1.140424
v -1.103104 0.585525 -1.127750
v -1.103104 0.554017 -1.159410
v -1.103104 0.581303 -1.143580
v -1.103104 0.569771 -1.155169
v -1.138244 0.554017 -1.155950
v -1.132067 0.585525 -1.124897
v -1.137416 0.569771 -1.151789
v -1.135155 0.581303 -1.140424
v -1.172033 0.554017 -1.145700
v -1.159917 0.585525 -1.116449
v -1.170409 0.569771 -1.141781
v -1.165975 0.581303 -1.131075
v -1.203172 0.554017 -1.129055
v -1.185583 0.585525 -1.102730
v -1.200816 0.569771 -1.125528
v -1.194378 0.581303 -1.115893
v -1.230467 0.554017 -1.106655
v -1.208080 0.585525 -1.084268
v -1.227468 0.569771 -1.103656
v -1.219273 0.581303 -1.095462
v -1.252867 0.554017 -1.079361
v -1.226542 0.585525 -1.061772
v -1.249340 0.569771 -1.077004
v -1.239704 0.581303 -1.070566
v -1.269511 0.554017 -1.048221
v -1.240261 0.585525 -1.036104
v -1.265593 0.569771 -1.046597
v -1.254886 0.581303 -1.042163
v -1.279761 0.554017 -1.014432
v -1.248709 0.585525 -1.008255
v -1.275601 0.569771 -1.013604
v -1.264235 0.581303 -1.011343
v -1.283222 0.554017 -0.979293
v -1.251562 0.585525 -0.979293
v -1.278981 0.569771 -0.979293
v -1.267392 0.581303 -0.979293
v -1.279761 0.554017 -0.944153
v -1.248709 0.585525 -0.950330
v -1.275601 0.569771 -0.944981
v -1.264235 0.581303 -0.947242
v -1.269511 0.554017 -0.910365
v -1.240261 0.585525 -0.922481
v -1.265593 0.569771 -0.911988
v -1.254886 0.581303 -0.916423
v -1.252867 0.554017 -0.879225
v -1.226542 0.585525 -0.896814
v -1.249340 0.569771 -0.881581
v -1.239704 0.581303 -0.888019
v -1.230467 0.554017 -0.851930
v -1.208080 0.585525 -0.874318
v -1.227468 0.569771 -0.854930
v -1.219273 0.581303 -0.863124
v -1.203172 0.554017 -0.829530
v -1.185583 0.585525 -0.855855
v -1.200816 0.569771 -0.833057
v -1.194377 0.581303 -0.842692
v -1.172033 0.554017 -0.812886
v -1.159917 0.585525 -0.842136
v -1.170409 0.569771 -0.816804
v -1.165975 0.581303 -0.827511
v -1.138244 0.554017 -0.802636
v -1.132067 0.585525 -0.833688
v -1.137416 0.569771 -0.806796
v -1.135155 0.581303 -0.818162
v -1.103104 0.554017 -0.799175
v -1.103104 0.585525 -0.830835
v -1.103104 0.569771 -0.803417
v -1.103104 0.581303 -0.815005
v -1.067965 0.554017 -0.802636
v -1.074142 0.585525 -0.833688
v -1.068793 0.569771 -0.806796
v -1.071054 0.581303 -0.818162
v -1.034176 0.554017 -0.812886
v -1.046292 0.585525 -0.842136
v -1.035800 0.569771 -0.816804
v -1.040234 0.581303 -0.827511
v -1.003036 0.554017 -0.829530
v -1.020626 0.585525 -0.855855
v -1.005393 0.569771 -0.833057
v -1.011831 0.581303 -0.842693
v -0.975742 0.554017 -0.851930
v -0.998129 0.585525 -0.874317
v -0.978741 0.569771 -0.854930
v -0.986935 0.581303 -0.863124
v -0.953342 0.554017 -0.879225
v -0.979667 0.585525 -0.896814
v -0.956869 0.569771 -0.881581
v -0.966504 0.581303 -0.888019
v -0.936697 0.554017 -0.910365
v -0.965947 0.585525 -0.922481
v -0.940616 0.569771 -0.911988
v -0.951322 0.581303 -0.916423
v -0.926447 0.554017 -0.944154
v -0.957500 0.585525 -0.950330
v -0.930608 0.569771 -0.944981
v -0.941973 0.581303 -0.947242
v -0.922987 0.554017 -0.979293
v -0.954647 0.585525 -0.979293
v -0.927228 0.569771 -0.979293
v -0.938817 0.581303 -0.979293
v -0.926447 0.554017 -1.014432
v -0.957500 0.585525 -1.008255
v -0.930608 0.569771 -1.013605
v -0.941973 0.581303 -1.011344
v -0.936697 0.554017 -1.048221
v -0.965948 0.585525 -1.036105
v -0.940616 0.569771 -1.046598
v -0.951323 0.581303 -1.042163
v -0.953342 0.554017 -1.079361
v -0.979667 0.585525 -1.061772
v -0.956869 0.569771 -1.077004
v -0.966505 0.581303 -1.070566
v -0.975742 0.554017 -1.106655
v -0.998129 0.585525 -1.084268
v -0.978741 0.569771 -1.103656
v -0.986936 0.581303 -1.095461
v -1.003036 0.554017 -1.129055
v -1.020626 0.585525 -1.102731
v -1.005393 0.569771 -1.125528
v -1.011831 0.581303 -1.115893
v -1.034177 0.554017 -1.145700
v -1.046293 0.585525 -1.116449
v -1.035800 0.569771 -1.141781
v -1.040235 0.581303 -1.131075
v -1.067966 0.554017 -1.155950
v -1.074142 0.585525 -1.124897
v -1.068793 0.569771 -1.151789
v -1.071054 0.581303 -1.140424
v -1.714253 0.585525 -1.127750
v -1.714253 0.554017 -1.159410
v -1.714253 0.581303 -1.143580
v -1.714253 0.569771 -1.155169
v -1.749392 0.554017 -1.155950
v -1.743216 0.585525 -1.124897
v -1.748565 0.569771 -1.151789
v -1.746304 0.581303 -1.140424
v -1.783181 0.554017 -1.145700
v -1.771065 0.585525 -1.116449
v -1.781558 0.569771 -1.141781
v -1.777123 0.581303 -1.131075
v -1.814321 0.554017 -1.129055
v -1.796731 0.585525 -1.102731
v -1.811965 0.569771 -1.125528
v -1.805526 0.581303 -1.115893
v -1.841616 0.554017 -1.106655
v -1.819229 0.585525 -1.084268
v -1.838616 0.569771 -1.103656
v -1.830422 0.581303 -1.095461
v -1.864016 0.554017 -1.079361
v -1.837691 0.585525 -1.061771
v -1.860489 0.569771 -1.077004
v -1.850853 0.581303 -1.070566
v -1.880660 0.554017 -1.048221
v -1.851409 0.585525 -1.036106
v -1.876741 0.569771 -1.046598
v -1.866035 0.581303 -1.042163
v -1.890910 0.554017 -1.014432
v -1.859858 0.585525 -1.008254
v -1.886750 0.569771 -1.013604
v -1.875384 0.581303 -1.011343
v -1.894371 0.554017 -0.979293
v -1.862711 0.585525 -0.979293
v -1.890129 0.569771 -0.979293
v -1.878540 0.581303 -0.979293
v -1.890910 0.554017 -0.944153
v -1.859858 0.585525 -0.950331
v -1.886750 0.569771 -0.944981
v -1.875384 0.581303 -0.947242
v -1.880660 0.554017 -0.910365
v -1.851410 0.585525 -0.922481
v -1.876741 0.569771 -0.911988
v -1.866035 0.581303 -0.916423
v -1.864016 0.554017 -0.879225
v -1.837691 0.585525 -0.896814
v -1.860489 0.569771 -0.881581
v -1.850853 0.581303 -0.888019
v -1.841616 0.554017 -0.851930
v -1.819229 0.585525 -0.874318
v -1.838616 0.569771 -0.854930
v -1.830422 0.581303 -0.863124
v -1.814321 0.554017 -0.829530
v -1.796731 0.585525 -0.855855
v -1.811965 0.569771 -0.833057
v -1.805526 0.581303 -0.842692
v -1.783181 0.554017 -0.812886
v -1.771065 0.585525 -0.842136
v -1.781558 0.569771 -0.816804
v -1.777123 0.581303 -0.827511
v -1.749392 0.554017 -0.802636
v -1.743216 0.585525 -0.833688
v -1.748565 0.569771 -0.806796
v -1.746304 0.581303 -0.818162
v -1.714253 0.554017 -0.799175
v -1.714253 0.585525 -0.830835
v -1.714253 0.569771 -0.803417
v -1.714253 0.581303 -0.815005
v -1.679114 0.554017 -0.802636
v -1.685291 0.585525 -0.833688
v -1.679941 0.569771 -0.806796
v -1.682202 0.581303 -0.818162
v -1.645325 0.554017 -0.812886
v -1.657441 0.585525 -0.842136
v -1.646948 0.569771 -0.816804
v -1.651383 0.581303 -0.827511
v -1.614185 0.554017 -0.829530
v -1.631775 0.585525 -0.855855
v -1.616542 0.569771 -0.833057
v -1.622980 0.581303 -0.842693
v -1.586890 0.554017 -0.851930
v -1.609277 0.585525 -0.874318
v -1.589890 0.569771 -0.854930
v -1.598084 0.581303 -0.863124
v -1.564491 0.554017 -0.879225
v -1.590815 0.585525 -0.896814
v -1.568017 0.569771 -0.881581
v -1.577653 0.581303 -0.888019
v -1.547846 0.554017 -0.910365
v -1.577096 0.585525 -0.922481
v -1.551765 0.569771 -0.911988
v -1.562471 0.581303 -0.916423
v -1.537596 0.554017 -0.944154
v -1.568648 0.585525 -0.950330
v -1.541756 0.569771 -0.944981
v -1.553122 0.581303 -0.947242
v -1.534135 0.554017 -0.979293
v -1.565796 0.585525 -0.979293
v -1.538377 0.569771 -0.979293
v -1.549966 0.581303 -0.979293
v -1.537596 0.554017 -1.014432
v -1.568648 0.585525 -1.008255
v -1.541756 0.569771 -1.013605
v -1.553122 0.581303 -1.011344
v -1.547846 0.554017 -1.048221
v -1.577096 0.585525 -1.036105
v -1.551765 0.569771 -1.046598
v -1.562471 0.581303 -1.042163
v -1.564491 0.554017 -1.079361
v -1.590816 0.585525 -1.061772
v -1.568018 0.569771 -1.077004
v -1.577653 0.581303 -1.070566
v -1.586891 0.554017 -1.106655
v -1.609278 0.585525 -1.084268
v -1.589890 0.569771 -1.103656
v -1.598084 0.581303 -1.095462
v -1.614185 0.554017 -1.129055
v -1.631775 0.585525 -1.102731
v -1.616542 0.569771 -1.125528
v -1.622980 0.581303 -1.115893
v -1.645325 0.554017 -1.145700
v -1.657441 0.585525 -1.116449
v -1.646949 0.569771 -1.141781
v -1.651383 0.581303 -1.131075
v -1.679114 0.554017 -1.155950
v -1.685291 0.585525 -1.124897
v -1.679942 0.569771 -1.151789
v -1.682203 0.581303 -1.140424
v 1.721090 0.585525 -1.127750
v 1.721090 0.554017 -1.159410
v 1.721090 0.581303 -1.143580
v 1.721090 0.569771 -1.155169
v 1.685951 0.554017 -1.155950
v 1.692127 0.585525 -1.124897
v 1.686778 0.569771 -1.151789
v 1.689039 0.581303 -1.140424
v 1.652162 0.554017 -1.145700
v 1.664278 0.585525 -1.116449
v 1.653785 0.569771 -1.141781
v 1.658220 0.581303 -1.131075
v 1.621022 0.554017 -1.129055
v 1.638611 0.585525 -1.102730
v 1.623378 0.569771 -1.125528
v 1.629817 0.581303 -1.115893
v 1.593727 0.554017 -1.106655
v 1.616115 0.585525 -1.084268
v 1.596727 0.569771 -1.103656
v 1.604921 0.581303 -1.095461
v 1.571327 0.554017 -1.079361
v 1.597652 0.585525 -1.061771
v 1.574854 0.569771 -1.077004
v 1.584490 0.581303 -1.070566
v 1.554683 0.554017 -1.048221
v 1.583933 0.585525 -1.036105
v 1.558601 0.569771 -1.046598
v 1.569308 0.581303 -1.042163
v 1.544433 0.554017 -1.014432
v 1.575485 0.585525 -1.008255
v 1.548593 0.569771 -1.013604
v 1.559959 0.581303 -1.011344
v 1.540972 0.554017 -0.979293
v 1.572632 0.585525 -0.979293
v 1.545214 0.569771 -0.979293
v 1.556802 0.581303 -0.979293
v 1.544433 0.554017 -0.944153
v 1.575485 0.585525 -0.950330
v 1.548593 0.569771 -0.944981
v 1.559959 0.581303 -0.947242
v 1.554683 0.554017 -0.910365
v 1.583933 0.585525 -0.922481
v 1.558601 0.569771 -0.911988
v 1.569308 0.581303 -0.916423
v 1.571327 0.554017 -0.879225
v 1.597652 0.585525 -0.896814
v 1.574854 0.569771 -0.881581
v 1.584490 0.581303 -0.888019
v 1.593727 0.554017 -0.851930
v 1.616115 0.585525 -0.874318
v 1.596727 0.569771 -0.854930
v 1.604921 0.581303 -0.863124
v 1.621022 0.554017 -0.829530
v 1.638611 0.585525 -0.855855
v 1.623378 0.569771 -0.833057
v 1.629817 0.581303 -0.842693
v 1.652162 0.554017 -0.812886
v 1.664278 0.585525 -0.842136
v 1.653785 0.569771 -0.816804
v 1.658220 0.581303 -0.827511
v 1.685951 0.554017 -0.802636
v 1.692127 0.585525 -0.833688
v 1.686778 0.569771 -0.806796
v 1.689039 0.581303 -0.818162
v 1.721090 0.554017 -0.799175
v 1.721090 0.585525 -0.830835
v 1.721090 0.569771 -0.803417
v 1.721090 0.581303 -0.815005
v 1.756229 0.554017 -0.802636
v 1.750052 0.585525 -0.833688
v 1.755402 0.569771 -0.806796
v 1.753141 0.581303 -0.818162
v 1.790018 0.554017 -0.812886
v 1.777902 0.585525 -0.842136
v 1.788395 0.569771 -0.816804
v 1.783960 0.581303 -0.827511
v 1.821158 0.554017 -0.829530
v 1.803568 0.585525 -0.855855
v 1.818801 0.569771 -0.833057
v 1.812363 0.581303 -0.842693
v 1.848452 0.554017 -0.851930
v 1.826065 0.585525 -0.874318
v 1.845453 0.569771 -0.854930
v 1.837259 0.581303 -0.863124
v 1.870852 0.554017 -0.879225
v 1.844527 0.585525 -0.896814
v 1.867326 0.569771 -0.881581
v 1.857690 0.581303 -0.888019
v 1.887497 0.554017 -0.910365
v 1.858246 0.585525 -0.922481
v 1.883578 0.569771 -0.911988
v 1.872872 0.581303 -0.916423
v 1.897747 0.554017 -0.944154
v 1.866695 0.585525 -0.950330
v 1.893586 0.569771 -0.944981
v 1.882221 0.581303 -0.947242
v 1.901208 0.554017 -0.979293
v 1.869547 0.585525 -0.979293
v 1.896966 0.569771 -0.979293
v 1.885377 0.581303 -0.979293
v 1.897747 0.554017 -1.014432
v 1.866694 0.585525 -1.008255
v 1.893587 0.569771 -1.013605
v 1.882221 0.581303 -1.011344
v 1.887497 0.554017 -1.048221
v 1.858246 0.585525 -1.036105
v 1.883578 0.569771 -1.046598
v 1.872872 0.581303 -1.042163
v 1.870852 0.554017 -1.079361
v 1.844527 0.585525 -1.061771
v 1.867325 0.569771 -1.077004
v 1.857690 0.581303 -1.070566
v 1.848452 0.554017 -1.106655
v 1.826065 0.585525 -1.084268
v 1.845453 0.569771 -1.103656
v 1.837258 0.581303 -1.095462
v 1.821158 0.554017 -1.129055
v 1.803568 0.585525 -1.102731
v 1.818801 0.569771 -1.125528
v 1.812363 0.581303 -1.115893
v 1.790018 0.554017 -1.145700
v 1.777902 0.585525 -1.116449
v 1.788394 0.569771 -1.141781
v 1.783960 0.581303 -1.131075
v 1.756229 0.554017 -1.155950
v 1.750052 0.585525 -1.124897
v 1.755401 0.569771 -1.151789
v 1.753140 0.581303 -1.140424
vt 0.000000 0.000000
vt 0.000000 0.000000
vt 0.000000 0.000000
vt 0.000000 0.000000
vt 0.000000 0.000000
vt 0.000000 0.000000
vt 0.000000 0.000000
vt 0.000000 0.000000
vt 0.000000 0.000000
vt 0.000000 0.000000
vt 0.000000 0.000000
vt 0.000000 0.000000
vt 0.000000 0.000000
vt 0.000000 0.000000
vt 0.000000 0.000000
vt 0.000000 0.000000
vt 0.000000 0.000000
vt 0.000000 0.000000
vt 0.000000 0.000000
vt 0.000000 0.000000
vt 0.000000 0.000000
vt 0.000000 0.000000
vt 0.000000 0.000000
vt 0.000000 0.000000
vt 0.000000 0.000000
vt 0.000000 0.000000
vt 0.000000 0.000000
vt 0.000000 0.000000
vt 0.000000 0.000000
vt 0.000000 0.000000
vt 0.000000 0.000000
vt 0.000000 0.000000
vt 0.000000 0.000000
vt 0.000000 0.000000
vt 0.000000 0.000000
vt 0.000000 0.000000
vt 0.000000 0.000000
vt 0.000000 0.000000
vt 0.000000 0.000000
vt 0.000000 0.000000
vt 0.000000 0.000000
vt 0.000000 0.000000
vt 0.000000 0.000000
vt 0.000000 0.000000
vt 0.000000 0.000000
vt 0.000000 0.000000
vt 0.000000 0.000000
vt 0.000000 0.000000
vt 0.000000 0.000000
vt 0.000000 0.000000
vt 0.000000 0.000000
vt 0.000000 0.000000
vt 0.000000 0.000000
vt 0.000000 0.000000
vt 0.000000 0.000000
vt 0.000000 0.000000
vt 0.000000 0.000000
vt 0.000000 0.000000
vt 0.000000 0.000000
vt 0.000000 0.000000
vt 0.000000 0.000000
vt 0.000000 0.000000
vt 0.000000 0.000000
vt 0.000000 0.000000
vt 0.000000 0.000000
vt 0.000000 0.000000
vt 0.000000 0.000000
vt 0.000000 0.000000
vt 0.000000 0.000000
vt 0.000000 0.000000
vt 0.000000 0.000000
vt 0.000000 0.000000
vt 0.000000 0.000000
vt 0.000000 0.000000
vt 0.000000 0.000000
vt 0.000000 0.000000
vt 0.000000 0.000000
vt 0.000000 0.000000
vt 0.000000 0.000000
vt 0.000000 0.000000
vt 0.000000 0.000000
vt 0.000000 0.000000
vt 0.000000 0.000000
vt 0.000000 0.000000
vt 0.000000 0.000000
vt 0.000000 0.000000
vt 0.000000 0.000000
vt 0.000000 0.000000
vt 0.000000 0.000000
vt 0.000000 0.000000
vt 0.000000 0.000000
vt 0.000000 0.000000
vt 0.000000 0.000000
vt 0.000000 0.000000
vt 0.000000 0.000000
vt 0.000000 0.000000
vt 0.000000 0.000000
vt 0.000000 0.000000
vt 0.000000 0.000000
vt 0.000000 0.000000
vt 0.000000 0.000000
vt 0.000000 0.000000
vt 0.000000 0.000000
vt 0.000000 0.000000
vt 0.000000 0.000000
vt 0.000000 0.000000
vt 0.000000 0.000000
vt 0.000000 0.000000
vt 0.000000 0.000000
vt 0.000000 0.000000
vt 0.000000 0.000000
vt 0.000000 0.000000
vt 0.000000 0.000000
vt 0.000000 0.000000
vt 0.000000 0.000000
vt 0.000000 0.000000
vt 0.000000 0.000000
vt 0.000000 0.000000
vt 0.000000 0.000000
vt 0.000000 0.000000
vt 0.000000 0.000000
vt 0.000000 0.000000
vt 0.000000 0.000000
vt 0.000000 0.000000
vt 0.000000 0.000000
vt 0.000000 0.000000
vt 0.000000 0.000000
vt 0.000000 0.000000
vt 0.000000 0.000000
vt 0.000000 0.000000
vt 0.000000 0.000000
vt 0.000000 0.000000
vt 0.000000 0.000000
vt 0.000000 0.000000
vt 0.000000 0.000000
vt 0.000000 0.000000
vt 0.000000 0.000000
vt 0.000000 0.000000
vt 0.000000 0.000000
vt 0.000000 0.000000
vt 0.000000 0.000000
vt 0.000000 0.000000
vt 0.000000 0.000000
vt 0.000000 0.000000
vt 0.000000 0.000000
vt 0.000000 0.000000
vt 0.000000 0.000000
vt 0.000000 0.000000
vt 0.000000 0.000000
vt 0.000000 0.000000
vt 0.000000 0.000000
vt 0.000000 0.000000
vt 0.000000 0.000000
vt 0.000000 0.000000
vt 0.000000 0.000000
vt 0.000000 0.000000
vt 0.000000 0.000000
vt 0.000000 0.000000
vt 0.000000 0.000000
vt 0.000000 0.000000
vt 0.000000 0.000000
vt 0.000000 0.000000
vt 0.000000 0.000000
vt 0.000000 0.000000
vt 0.000000 0.000000
vt 0.000000 0.000000
vt 0.000000 0.000000
vt 0.000000 0.000000
vt 0.000000 0.000000
vt 0.000000 0.000000
vt 0.000000 0.000000
vt 0.000000 0.000000
vt 0.000000 0.000000
vt 0.000000 0.000000
vt 0.000000 0.000000
vt 0.000000 0.000000
vt 0.000000 0.000000
vt 0.000000 0.000000
vt 0.000000 0.000000
vt 0.000000 0.000000
vt 0.000000 0.000000
vt 0.000000 0.000000
vt 0.000000 0.000000
vt 0.000000 0.000000
vt 0.000000 0.000000
vt 0.000000 0.000000
vt 0.000000 0.000000
vt 0.000000 0.000000
vt 0.000000 0.000000
vt 0.000000 0.000000
vt 0.000000 0.000000
vt 0.000000 0.000000
vt 0.000000 0.000000
vt 0.000000 0.000000
vt 0.000000 0.000000
vt 0.000000 0.000000
vt 0.000000 0.000000
vt 0.000000 0.000000
vt 0.000000 0.000000
vt 0.000000 0.000000
vt 0.000000 0.000000
vt 0.000000 0.000000
vt 0.000000 0.000000
vt 0.000000 0.000000
vt 0.000000 0.000000
vt 0.000000 0.000000
vt 0.000000 0.000000
vt 0.000000 0.000000
vt 0.000000 0.000000
vt 0.000000 0.000000
vt 0.000000 0.000000
vt 0.000000 0.000000
vt 0.000000 0.000000
vt 0.000000 0.000000
vt 0.000000 0.000000
vt 0.000000 0.000000
vt 0.000000 0.000000
vt 0.000000 0.000000
vt 0.000000 0.000000
vt 0.000000 0.000000
vt 0.000000 0.000000
vt 0.000000 0.000000
vt 0.000000 0.000000
vt 0.000000 0.000000
vt 0.000000 0.000000
vt 0.000000 0.000000
vt 0.000000 0.000000
vt 0.000000 0.000000
vt 0.000000 0.000000
vt 0.000000 0.000000
vt 0.000000 0.000000
vt 0.000000 0.000000
vt 0.000000 0.000000
vt 0.000000 0.000000
vt 0.000000 0.000000
vt 0.000000 0.000000
vt 0.000000 0.000000
vt 0.000000 0.000000
vt 0.000000 0.000000
vt 0.000000 0.000000
vt 0.000000 0.000000
vt 0.000000 0.000000
vt 0.000000 0.000000
vt 0.000000 0.000000
vt 0.000000 0.000000
vt 0.000000 0.000000
vt 0.000000 0.000000
vt 0.000000 0.000000
vt 0.000000 0.000000
vt 0.000000 0.000000
vt 0.000000 0.000000
vt 0.000000 0.000000
vt 0.000000 0.000000
vt 0.000000 0.000000
vt 0.000000 0.000000
vt 0.000000 0.000000
vt 0.000000 0.000000
vt 0.000000 0.000000
vt 0.000000 0.000000
vt 0.000000 0.000000
vt 0.000000 0.000000
vt 0.000000 0.000000
vt 0.000000 0.000000
vt 0.000000 0.000000
vt 0.000000 0.000000
vt 0.000000 0.000000
vt 0.000000 0.000000
vt 0.000000 0.000000
vt 0.000000 0.000000
vt 0.000000 0.000000
vt 0.000000 0.000000
vt 0.000000 0.000000
vt 0.000000 0.000000
vt 0.000000 0.000000
vt 0.000000 0.000000
vt 0.000000 0.000000
vt 0.000000 0.000000
vt 0.000000 0.000000
vt 0.000000 0.000000
vt 0.000000 0.000000
vt 0.000000 0.000000
vt 0.000000 0.000000
vt 0.000000 0.000000
vt 0.000000 0.000000
vt 0.000000 0.000000
vt 0.000000 0.000000
vt 0.000000 0.000000
vt 0.000000 0.000000
vt 0.000000 0.000000
vt 0.000000 0.000000
vt 0.000000 0.000000
vt 0.000000 0.000000
vt 0.000000 0.000000
vt 0.000000 0.000000
vt 0.000000 0.000000
vt 0.000000 0.000000
vt 0.000000 0.000000
vt 0.000000 0.000000
vt 0.000000 0.000000
vt 0.000000 0.000000
vt 0.000000 0.000000
vt 0.000000 0.000000
vt 0.000000 0.000000
vt 0.000000 0.000000
vt 0.000000 0.000000
vt 0.000000 0.000000
vt 0.000000 0.000000
vt 0.000000 0.000000
vt 0.000000 0.000000
vt 0.000000 0.000000
vt 0.000000 0.000000
vt 0.000000 0.000000
vt 0.000000 0.000000
vt 0.000000 0.000000
vt 0.000000 0.000000
vt 0.000000 0.000000
vt 0.000000 0.000000
vt 0.000000 0.000000
vt 0.000000 0.000000
vt 0.000000 0.000000
vt 0.000000 0.000000
vt 0.000000 0.000000
vt 0.000000 0.000000
vt 0.000000 0.000000
vt 0.000000 0.000000
vt 0.000000 0.000000
vt 0.000000 0.000000
vt 0.000000 0.000000
vt 0.000000 0.000000
vt 0.000000 0.000000
vt 0.000000 0.000000
vt 0.000000 0.000000
vt 0.000000 0.000000
vt 0.000000 0.000000
vt 0.000000 0.000000
vt 0.000000 0.000000
vt 0.000000 0.000000
vt 0.000000 0.000000
vt 0.000000 0.000000
vt 0.000000 0.000000
vt 0.000000 0.000000
vt 0.000000 0.000000
vt 0.000000 0.000000
vt 0.000000 0.000000
vt 0.000000 0.000000
vt 0.000000 0.000000
vt 0.000000 0.000000
vt 0.000000 0.000000
vt 0.000000 0.000000
vt 0.000000 0.000000
vt 0.000000 0.000000
vt 0.000000 0.000000
vt 0.000000 0.000000
vt 0.000000 0.000000
vt 0.000000 0.000000
vt 0.000000 0.000000
vt 0.000000 0.000000
vt 0.000000 0.000000
vt 0.000000 0.000000
vt 0.000000 0.000000
vt 0.000000 0.000000
vt 0.000000 0.000000
vt 0.000000 0.000000
vt 0.000000 0.000000
vt 0.000000 0.000000
vt 0.000000 0.000000
vt 0.000000 0.000000
vt 0.000000 0.000000
vt 0.000000 0.000000
vt 0.000000 0.000000
vt 0.000000 0.000000
vt 0.000000 0.000000
vt 0.000000 0.000000
vt 0.000000 0.000000
vt 0.000000 0.000000
vt 0.000000 0.000000
vt 0.000000 0.000000
vt 0.000000 0.000000
vt 0.000000 0.000000
vt 0.000000 0.000000
vt 0.000000 0.000000
vt 0.000000 0.000000
vt 0.000000 0.000000
vt 0.000000 0.000000
vt 0.000000 0.000000
vt 0.000000 0.000000
vt 0.000000 0.000000
vt 0.000000 0.000000
vt 0.000000 0.000000
vt 0.000000 0.000000
vt 0.000000 0.000000
vt 0.000000 0.000000
vt 0.000000 0.000000
vt 0.000000 0.000000
vt 0.000000 0.000000
vt 0.000000 0.000000
vt 0.000000 0.000000
vt 0.000000 0.000000
vt 0.000000 0.000000
vt 0.000000 0.000000
vt 0.000000 0.000000
vt 0.000000 0.000000
vt 0.000000 0.000000
vt 0.000000 0.000000
vt 0.000000 0.000000
vt 0.000000 0.000000
vt 0.000000 0.000000
vt 0.000000 0.000000
vt 0.000000 0.000000
vt 0.000000 0.000000
vt 0.000000 0.000000
vt 0.000000 0.000000
vt 0.000000 0.000000
vt 0.000000 0.000000
vt 0.000000 0.000000
vt 0.000000 0.000000
vt 0.000000 0.000000
vt 0.000000 0.000000
vt 0.000000 0.000000
vt 0.000000 0.000000
vt 0.000000 0.000000
vt 0.000000 0.000000
vt 0.000000 0.000000
vt 0.000000 0.000000
vt 0.000000 0.000000
vt 0.000000 0.000000
vt 0.000000 0.000000
vt 0.000000 0.000000
vt 0.000000 0.000000
vt 0.000000 0.000000
vt 0.000000 0.000000
vt 0.000000 0.000000
vt 0.000000 0.000000
vt 0.000000 0.000000
vt 0.000000 0.000000
vt 0.000000 0.000000
vt 0.000000 0.000000
vt 0.000000 0.000000
vt 0.000000 0.000000
vt 0.000000 0.000000
vt 0.000000 0.000000
vt 0.000000 0.000000
vt 0.000000 0.000000
vt 0.000000 0.000000
vt 0.000000 0.000000
vt 0.000000 0.000000
vt 0.000000 0.000000
vt 0.000000 0.000000
vt 0.000000 0.000000
vt 0.000000 0.000000
vt 0.000000 0.000000
vt 0.000000 0.000000
vt 0.000000 0.000000
vt 0.000000 0.000000
vt 0.000000 0.000000
vt 0.000000 0.000000
vt 0.000000 0.000000
vt 0.000000 0.000000
vt 0.000000 0.000000
vt 0.000000 0.000000
vt 0.000000 0.000000
vt 0.000000 0.000000
vt 0.000000 0.000000
vt 0.000000 0.000000
vt 0.000000 0.000000
vt 0.000000 0.000000
vt 0.000000 0.000000
vt 0.000000 0.000000
vt 0.000000 0.000000
vt 0.000000 0.000000
vt 0.000000 0.000000
vt 0.000000 0.000000
vt 0.000000 0.000000
vt 0.000000 0.000000
vt 0.000000 0.000000
vt 0.000000 0.000000
vt 0.000000 0.000000
vt 0.000000 0.000000
vt 0.000000 0.000000
vt 0.000000 0.000000
vt 0.000000 0.000000
vt 0.000000 0.000000
vt 0.000000 0.000000
vt 0.000000 0.000000
vt 0.000000 0.000000
vt 0.000000 0.000000
vt 0.000000 0.000000
vt 0.000000 0.000000
vt 0.000000 0.000000
vt 0.000000 0.000000
vt 0.000000 0.000000
vt 0.000000 0.000000
vt 0.000000 0.000000
vt 0.000000 0.000000
vt 0.000000 0.000000
vt 0.000000 0.000000
vt 0.000000 0.000000
vt 0.000000 0.000000
vt 0.000000 0.000000
vt 0.000000 0.000000
vt 0.000000 0.000000
vt 0.000000 0.000000
vt 0.000000 0.000000
vt 0.000000 0.000000
vt 0.000000 0.000000
vt 0.000000 0.000000
vt 0.000000 0.000000
vt 0.000000 0.000000
vt 0.000000 0.000000
vt 0.000000 0.000000
vt 0.000000 0.000000
vt 0.000000 0.000000
vt 0.000000 0.000000
vt 0.000000 0.000000
vt 0.000000 0.000000
vt 0.000000 0.000000
vt 0.000000 0.000000
vt 0.000000 0.000000
vt 0.000000 0.000000
vt 0.000000 0.000000
vt 0.000000 0.000000
vt 0.000000 0.000000
vt 0.000000 0.000000
vt 0.000000 0.000000
vt 0.000000 0.000000
vt 0.000000 0.000000
vt 0.000000 0.000000
vt 0.000000 0.000000
vt 0.000000 0.000000
vt 0.000000 0.000000
vt 0.000000 0.000000
vt 0.000000 0.000000
vt 0.000000 0.000000
vt 0.000000 0.000000
vt 0.000000 0.000000
vt 0.000000 0.000000
vt 0.000000 0.000000
vt 0.000000 0.000000
vt 0.000000 0.000000
vt 0.000000 0.000000
vt 0.000000 0.000000
vt 0.000000 0.000000
vt 0.000000 0.000000
vt 0.000000 0.000000
vt 0.000000 0.000000
vt 0.000000 0.000000
vt 0.000000 0.000000
vt 0.000000 0.000000
vt 0.000000 0.000000
vt 0.000000 0.000000
vt 0.000000 0.000000
vt 0.000000 0.000000
vt 0.000000 0.000000
vt 0.000000 0.000000
vt 0.000000 0.000000
vt 0.000000 0.000000
vt 0.000000 0.000000
vt 0.000000 0.000000
vt 0.000000 0.000000
vt 0.000000 0.000000
vt 0.000000 0.000000
vt 0.000000 0.000000
vt 0.000000 0.000000
vt 0.000000 0.000000
vt 0.000000 0.000000
vt 0.000000 0.000000
vt 0.000000 0.000000
vt 0.000000 0.000000
vt 0.000000 0.000000
vt 0.000000 0.000000
vt 0.000000 0.000000
vt 0.000000 0.000000
vt 0.000000 0.000000
vt 0.000000 0.000000
vt 0.000000 0.000000
vt 0.000000 0.000000
vt 0.000000 0.000000
vt 0.000000 0.000000
vt 0.000000 0.000000
vt 0.000000 0.000000
vt 0.000000 0.000000
vt 0.000000 0.000000
vt 0.000000 0.000000
vt 0.000000 0.000000
vt 0.000000 0.000000
vt 0.000000 0.000000
vt 0.000000 0.000000
vt 0.000000 0.000000
vt 0.000000 0.000000
vt 0.000000 0.000000
vt 0.000000 0.000000
vt 0.000000 0.000000
vt 0.000000 0.000000
vt 0.000000 0.000000
vt 0.000000 0.000000
vt 0.000000 0.000000
vt 0.000000 0.000000
vt 0.000000 0.000000
vt 0.000000 0.000000
vt 0.000000 0.000000
vt 0.000000 0.000000
vt 0.000000 0.000000
vt 0.000000 0.000000
vt 0.000000 0.000000
vt 0.000000 0.000000
vt 0.000000 0.000000
vt 0.000000 0.000000
vt 0.000000 0.000000
vt 0.000000 0.000000
vt 0.000000 0.000000
vt 0.000000 0.000000
vt 0.000000 0.000000
vt 0.000000 0.000000
vt 0.000000 0.000000
vt 0.000000 0.000000
vt 0.000000 0.000000
vt 0.000000 0.000000
vt 0.000000 0.000000
vt 0.000000 0.000000
vt 0.000000 0.000000
vt 0.000000 0.000000
vt 0.000000 0.000000
vt 0.000000 0.000000
vt 0.000000 0.000000
vt 0.000000 0.000000
vt 0.000000 0.000000
vt 0.000000 0.000000
vt 0.000000 0.000000
vt 0.000000 0.000000
vt 0.000000 0.000000
vt 0.000000 0.000000
vt 0.000000 0.000000
vt 0.000000 0.000000
vt 0.000000 0.000000
vt 0.000000 0.000000
vt 0.000000 0.000000
vt 0.000000 0.000000
vt 0.000000 0.000000
vt 0.000000 0.000000
vt 0.000000 0.000000
vn 0.9915 0.1301 0.0000
vn 0.9724 0.1301 0.1934
vn 0.9808 0.0000 0.1951
vn 1.0000 0.0000 0.0000
vn -0.8244 0.1301 0.5508
vn -0.9160 0.1301 0.3794
vn -0.9239 0.0000 0.3827
vn -0.8314 0.0000 0.5556
vn 0.9724 0.1301 -0.1934
vn 0.9808 0.0000 -0.1951
vn -0.7011 0.1301 0.7011
vn -0.7071 0.0000 0.7071
vn 0.9160 0.1301 -0.3794
vn 0.9239 0.0000 -0.3827
vn -0.5508 0.1301 0.8244
vn -0.5556 0.0000 0.8314
vn 0.8244 0.1301 -0.5508
vn 0.8314 0.0000 -0.5556
vn -0.3794 0.1301 0.9160
vn -0.3827 0.0000 0.9239
vn 0.7011 0.1301 -0.7011
vn 0.7071 0.0000 -0.7071
vn -0.1934 0.1301 0.9724
vn -0.1951 0.0000 0.9808
vn -0.3794 0.1301 -0.9160
vn -0.1934 0.1301 -0.9724
vn -0.1951 0.0000 -0.9808
vn -0.3827 0.0000 -0.9239
vn 0.5508 0.1301 -0.8244
vn 0.5556 0.0000 -0.8314
vn 0.0000 0.1301 0.9915
vn 0.0000 0.0000 1.0000
vn -0.5508 0.1301 -0.8244
vn -0.5556 0.0000 -0.8314
vn 0.3794 0.1301 -0.9160
vn 0.3827 0.0000 -0.9239
vn 0.1934 0.1301 0.9724
vn 0.1951 0.0000 0.9808
vn -0.7011 0.1301 -0.7011
vn -0.7071 0.0000 -0.7071
vn 0.1934 0.1301 -0.9724
vn 0.1951 0.0000 -0.9808
vn 0.3794 0.1301 0.9160
vn 0.3827 0.0000 0.9239
vn -0.8244 0.1301 -0.5508
vn -0.8314 0.0000 -0.5556
vn -0.0269 0.9904 -0.1352
vn -0.0528 0.9904 -0.1274
vn -0.0766 0.9904 -0.1146
vn -0.0975 0.9904 -0.0975
vn -0.1146 0.9904 -0.0766
vn -0.1274 0.9904 -0.0528
vn -0.1352 0.9904 -0.0269
vn -0.1379 0.9904 0.0000
vn -0.1352 0.9904 0.0269
vn -0.1274 0.9904 0.0528
vn -0.1146 0.9904 0.0766
vn -0.0975 0.9904 0.0975
vn -0.0766 0.9904 0.1146
vn -0.0528 0.9904 0.1274
vn -0.0269 0.9904 0.1352
vn 0.0000 0.9904 0.1379
vn 0.0269 0.9904 0.1352
vn 0.0528 0.9904 0.1274
vn 0.0766 0.9904 0.1146
vn 0.0975 0.9904 0.0975
vn 0.1146 0.9904 0.0766
vn 0.1274 0.9904 0.0528
vn 0.1352 0.9904 0.0269
vn 0.1379 0.9904 0.0000
vn 0.1352 0.9904 -0.0269
vn 0.1274 0.9904 -0.0528
vn 0.1146 0.9904 -0.0766
vn 0.0975 0.9904 -0.0975
vn 0.0766 0.9904 -0.1146
vn 0.0528 0.9904 -0.1274
vn 0.0269 0.9904 -0.1352
vn 0.0000 0.9904 -0.1379
vn 0.5508 0.1301 0.8244
vn 0.5556 0.0000 0.8314
vn -0.9160 0.1301 -0.3794
vn -0.9239 0.0000 -0.3827
vn 0.0000 0.1301 -0.9915
vn 0.0000 0.0000 -1.0000
vn 0.7011 0.1301 0.7011
vn 0.7071 0.0000 0.7071
vn -0.9724 0.1301 -0.1934
vn -0.9808 0.0000 -0.1951
vn 0.8244 0.1301 0.5508
vn 0.8314 0.0000 0.5556
vn -0.9915 0.1301 0.0000
vn -1.0000 0.0000 0.0000
vn 0.9160 0.1301 0.3794
vn 0.9239 0.0000 0.3827
vn -0.9724 0.1301 0.1934
vn -0.9808 0.0000 0.1951
vn 0.9724 0.1300 -0.1934
vn 0.7011 0.1300 -0.7011
vn 0.0000 0.8600 -0.5104
vn -0.0996 0.8600 -0.5005
vn 0.0000 0.4946 -0.8691
vn -0.1695 0.4946 -0.8524
vn -0.1953 0.8600 -0.4715
vn -0.3326 0.4946 -0.8029
vn -0.2835 0.8600 -0.4243
vn -0.4828 0.4946 -0.7226
vn -0.3609 0.8600 -0.3609
vn -0.6145 0.4946 -0.6145
vn -0.4243 0.8600 -0.2835
vn -0.7226 0.4946 -0.4828
vn -0.4715 0.8600 -0.1953
vn -0.8029 0.4946 -0.3326
vn -0.5005 0.8600 -0.0996
vn -0.8524 0.4946 -0.1695
vn -0.5104 0.8600 0.0000
vn -0.8691 0.4946 0.0000
vn -0.5005 0.8600 0.0996
vn -0.8524 0.4946 0.1695
vn -0.4715 0.8600 0.1953
vn -0.8029 0.4946 0.3326
vn -0.4243 0.8600 0.2835
vn -0.7226 0.4946 0.4828
vn -0.3609 0.8600 0.3609
vn -0.6145 0.4946 0.6145
vn -0.2835 0.8600 0.4243
vn -0.4828 0.4946 0.7226
vn -0.1953 0.8600 0.4715
vn -0.3326 0.4946 0.8029
vn -0.0996 0.8600 0.5005
vn -0.1695 0.4946 0.8524
vn 0.0000 0.8600 0.5104
vn 0.0000 0.4946 0.8691
vn 0.0996 0.8600 0.5005
vn 0.1695 0.4946 0.8524
vn 0.1953 0.8600 0.4715
vn 0.3326 0.4946 0.8029
vn 0.2835 0.8600 0.4243
vn 0.4828 0.4946 0.7226
vn 0.3609 0.8600 0.3609
vn 0.6145 0.4946 0.6145
vn 0.4243 0.8600 0.2835
vn 0.7226 0.4946 0.4828
vn 0.4715 0.8600 0.1953
vn 0.8029 0.4946 0.3326
vn 0.5005 0.8600 0.0996
vn 0.8524 0.4946 0.1695
vn 0.5104 0.8600 0.0000
vn 0.8691 0.4946 0.0000
vn 0.5005 0.8600 -0.0996
vn 0.8524 0.4946 -0.1695
vn 0.4715 0.8600 -0.1953
vn 0.8029 0.4946 -0.3326
vn 0.4243 0.8600 -0.2835
vn 0.7226 0.4946 -0.4828
vn 0.3609 0.8600 -0.3609
vn 0.6145 0.4946 -0.6145
vn 0.2835 0.8600 -0.4243
vn 0.4828 0.4946 -0.7226
vn 0.1953 0.8600 -0.4715
vn 0.3326 0.4946 -0.8029
vn 0.0996 0.8600 -0.5005
vn 0.1695 0.4946 -0.8524
vn -0.8524 0.4947 -0.1695
vn -0.8691 0.4947 0.0000
vn -0.8029 0.4947 0.3326
usemtl Napit
s 1
f 643/534/323 639/535/324 442/536/325 443/537/326
f 591/538/327 587/539/328 429/540/329 430/541/330
f 647/542/331 643/534/323 443/537/326 444/543/332
f 595/544/333 591/538/327 430/541/330 431/545/334
f 651/546/335 647/542/331 444/543/332 445/547/336
f 599/548/337 595/544/333 431/545/334 432/549/338
f 655/550/339 651/546/335 445/547/336 446/551/340
f 603/552/341 599/548/337 432/549/338 433/553/342
f 659/554/343 655/550/339 446/551/340 447/555/344
f 607/556/345 603/552/341 433/553/342 434/557/346
f 555/558/347 551/559/348 420/560/349 421/561/350
f 663/562/351 659/554/343 447/555/344 448/563/352
f 611/564/353 607/556/345 434/557/346 435/565/354
f 559/566/355 555/558/347 421/561/350 422/567/356
f 667/568/357 663/562/351 448/563/352 449/569/358
f 615/570/359 611/564/353 435/565/354 436/571/360
f 563/572/361 559/566/355 422/567/356 423/573/362
f 671/574/363 667/568/357 449/569/358 450/575/364
f 619/576/365 615/570/359 436/571/360 437/577/366
f 567/578/367 563/572/361 423/573/362 424/579/368
f 680/580/369 684/581/370 688/582/371 692/583/372 696/584/373 700/585/374 704/586/375 708/587/376 712/588/377 716/589/378 720/590/379 724/591/380 728/592/381 732/593/382 736/594/383 740/595/384 744/596/385 748/597/386 752/598/387 756/599/388 760/600/389 764/601/390 768/602/391 772/603/392 776/604/393 780/605/394 784/606/395 788/607/396 792/608/397 796/609/398 800/610/399 675/611/400
f 623/612/401 619/576/365 437/577/366 438/613/402
f 571/614/403 567/578/367 424/579/368 425/615/404
f 551/559/348 548/616/405 419/617/406 420/560/349
f 627/618/407 623/612/401 438/613/402 439/619/408
f 575/620/409 571/614/403 425/615/404 426/621/410
f 631/622/411 627/618/407 439/619/408 440/623/412
f 579/624/413 575/620/409 426/621/410 427/625/414
f 635/626/415 631/622/411 440/623/412 441/627/416
f 583/628/417 579/624/413 427/625/414 428/629/418
f 639/535/324 635/626/415 441/627/416 442/536/325
f 587/539/328 583/628/417 428/629/418 429/540/329
f 548/616/405 671/574/363 450/575/364 419/617/406
f 771/630/323 767/631/324 474/632/325 475/633/326
f 719/634/327 715/635/328 461/636/329 462/637/330
f 775/638/331 771/630/323 475/633/326 476/639/332
f 723/640/333 719/634/327 462/637/330 463/641/334
f 779/642/335 775/638/331 476/639/332 477/643/336
f 727/644/337 723/640/333 463/641/334 464/645/338
f 783/646/339 779/642/335 477/643/336 478/647/340
f 731/648/341 727/644/337 464/645/338 465/649/342
f 787/650/343 783/646/339 478/647/340 479/651/344
f 735/652/345 731/648/341 465/649/342 466/653/346
f 683/654/347 679/655/348 452/656/349 453/657/350
f 791/658/351 787/650/343 479/651/344 480/659/352
f 739/660/353 735/652/345 466/653/346 467/661/354
f 687/662/355 683/654/347 453/657/350 454/663/356
f 795/664/357 791/658/351 480/659/352 481/665/358
f 743/666/359 739/660/353 467/661/354 468/667/360
f 691/668/361 687/662/355 454/663/356 455/669/362
f 799/670/363 795/664/357 481/665/358 482/671/364
f 747/672/365 743/666/359 468/667/360 469/673/366
f 695/674/367 691/668/361 455/669/362 456/675/368
f 808/676/369 812/677/370 816/678/371 820/679/372 824/680/373 828/681/374 832/682/375 836/683/376 840/684/377 844/685/378 848/686/379 852/687/380 856/688/381 860/689/382 864/690/383 868/691/384 872/692/385 876/693/386 880/694/387 884/695/388 888/696/389 892/697/390 896/698/391 900/699/392 904/700/393 908/701/394 912/702/395 916/703/396 920/704/397 924/705/398 928/706/399 803/707/400
f 751/708/401 747/672/365 469/673/366 470/709/402
f 699/710/403 695/674/367 456/675/368 457/711/404
f 679/655/348 676/712/405 451/713/406 452/656/349
f 755/714/407 751/708/401 470/709/402 471/715/408
f 703/716/409 699/710/403 457/711/404 458/717/410
f 759/718/411 755/714/407 471/715/408 472/719/412
f 707/720/413 703/716/409 458/717/410 459/721/414
f 763/722/415 759/718/411 472/719/412 473/723/416
f 711/724/417 707/720/413 459/721/414 460/725/418
f 767/631/324 763/722/415 473/723/416 474/632/325
f 715/635/328 711/724/417 460/725/418 461/636/329
f 676/712/405 799/670/363 482/671/364 451/713/406
f 899/726/323 895/727/324 506/728/325 507/729/326
f 847/730/327 843/731/328 493/732/329 494/733/330
f 903/734/419 899/726/323 507/729/326 508/735/332
f 851/736/333 847/730/327 494/733/330 495/737/334
f 907/738/335 903/734/419 508/735/332 509/739/336
f 855/740/337 851/736/333 495/737/334 496/741/338
f 911/742/339 907/738/335 509/739/336 510/743/340
f 859/744/341 855/740/337 496/741/338 497/745/342
f 915/746/420 911/742/339 510/743/340 511/747/344
f 863/748/345 859/744/341 497/745/342 498/749/346
f 811/750/347 807/751/348 484/752/349 485/753/350
f 919/754/351 915/746/420 511/747/344 512/755/352
f 867/756/353 863/748/345 498/749/346 499/757/354
f 815/758/355 811/750/347 485/753/350 486/759/356
f 923/760/357 919/754/351 512/755/352 513/761/358
f 871/762/359 867/756/353 499/757/354 500/763/360
f 819/764/361 815/758/355 486/759/356 487/765/362
f 927/766/363 923/760/357 513/761/358 514/767/364
f 875/768/365 871/762/359 500/763/360 501/769/366
f 823/770/367 819/764/361 487/765/362 488/771/368
f 936/772/369 940/773/370 944/774/371 948/775/372 952/776/373 956/777/374 960/778/375 964/779/376 968/780/377 972/781/378 976/782/379 980/783/380 984/784/381 988/785/382 992/786/383 996/787/384 1000/788/385 1004/789/386 1008/790/387 1012/791/388 1016/792/389 1020/793/390 1024/794/391 1028/795/392 1032/796/393 1036/797/394 1040/798/395 1044/799/396 1048/800/397 1052/801/398 1056/802/399 931/803/400
f 879/804/401 875/768/365 501/769/366 502/805/402
f 827/806/403 823/770/367 488/771/368 489/807/404
f 807/751/348 804/808/405 483/809/406 484/752/349
f 883/810/407 879/804/401 502/805/402 503/811/408
f 831/812/409 827/806/403 489/807/404 490/813/410
f 887/814/411 883/810/407 503/811/408 504/815/412
f 835/816/413 831/812/409 490/813/410 491/817/414
f 891/818/415 887/814/411 504/815/412 505/819/416
f 839/820/417 835/816/413 491/817/414 492/821/418
f 895/727/324 891/818/415 505/819/416 506/728/325
f 843/731/328 839/820/417 492/821/418 493/732/329
f 804/808/405 927/766/363 514/767/364 483/809/406
f 1027/822/323 1023/823/324 538/824/325 539/825/326
f 975/826/327 971/827/328 525/828/329 526/829/330
f 1031/830/331 1027/822/323 539/825/326 540/831/332
f 979/832/333 975/826/327 526/829/330 527/833/334
f 1035/834/335 1031/830/331 540/831/332 541/835/336
f 983/836/337 979/832/333 527/833/334 528/837/338
f 1039/838/339 1035/834/335 541/835/336 542/839/340
f 987/840/341 983/836/337 528/837/338 529/841/342
f 1043/842/343 1039/838/339 542/839/340 543/843/344
f 991/844/345 987/840/341 529/841/342 530/845/346
f 939/846/347 935/847/348 516/848/349 517/849/350
f 1047/850/351 1043/842/343 543/843/344 544/851/352
f 995/852/353 991/844/345 530/845/346 531/853/354
f 943/854/355 939/846/347 517/849/350 518/855/356
f 1051/856/357 1047/850/351 544/851/352 545/857/358
f 999/858/359 995/852/353 531/853/354 532/859/360
f 947/860/361 943/854/355 518/855/356 519/861/362
f 1055/862/363 1051/856/357 545/857/358 546/863/364
f 1003/864/365 999/858/359 532/859/360 533/865/366
f 951/866/367 947/860/361 519/861/362 520/867/368
f 1007/868/401 1003/864/365 533/865/366 534/869/402
f 955/870/403 951/866/367 520/867/368 521/871/404
f 935/847/348 932/872/405 515/873/406 516/848/349
f 1011/874/407 1007/868/401 534/869/402 535/875/408
f 959/876/409 955/870/403 521/871/404 522/877/410
f 1015/878/411 1011/874/407 535/875/408 536/879/412
f 963/880/413 959/876/409 522/877/410 523/881/414
f 1019/882/415 1015/878/411 536/879/412 537/883/416
f 967/884/417 963/880/413 523/881/414 524/885/418
f 1023/823/324 1019/882/415 537/883/416 538/824/325
f 971/827/328 967/884/417 524/885/418 525/828/329
f 932/872/405 1055/862/363 546/863/364 515/873/406
f 552/886/369 547/887/400 549/888/421 554/889/422
f 554/889/422 549/888/421 550/890/423 553/891/424
f 553/891/424 550/890/423 548/616/405 551/559/348
f 556/892/370 552/886/369 554/889/422 558/893/425
f 558/893/425 554/889/422 553/891/424 557/894/426
f 557/894/426 553/891/424 551/559/348 555/558/347
f 560/895/371 556/892/370 558/893/425 562/896/427
f 562/896/427 558/893/425 557/894/426 561/897/428
f 561/897/428 557/894/426 555/558/347 559/566/355
f 564/898/372 560/895/371 562/896/427 566/899/429
f 566/899/429 562/896/427 561/897/428 565/900/430
f 565/900/430 561/897/428 559/566/355 563/572/361
f 568/901/373 564/898/372 566/899/429 570/902/431
f 570/902/431 566/899/429 565/900/430 569/903/432
f 569/903/432 565/900/430 563/572/361 567/578/367
f 572/904/374 568/901/373 570/902/431 574/905/433
f 574/905/433 570/902/431 569/903/432 573/906/434
f 573/906/434 569/903/432 567/578/367 571/614/403
f 576/907/375 572/904/374 574/905/433 578/908/435
f 578/908/435 574/905/433 573/906/434 577/909/436
f 577/909/436 573/906/434 571/614/403 575/620/409
f 580/910/376 576/907/375 578/908/435 582/911/437
f 582/911/437 578/908/435 577/909/436 581/912/438
f 581/912/438 577/909/436 575/620/409 579/624/413
f 584/913/377 580/910/376 582/911/437 586/914/439
f 586/914/439 582/911/437 581/912/438 585/915/440
f 585/915/440 581/912/438 579/624/413 583/628/417
f 588/916/378 584/913/377 586/914/439 590/917/441
f 590/917/441 586/914/439 585/915/440 589/918/442
f 589/918/442 585/915/440 583/628/417 587/539/328
f 592/919/379 588/916/378 590/917/441 594/920/443
f 594/920/443 590/917/441 589/918/442 593/921/444
f 593/921/444 589/918/442 587/539/328 591/538/327
f 596/922/380 592/919/379 594/920/443 598/923/445
f 598/923/445 594/920/443 593/921/444 597/924/446
f 597/924/446 593/921/444 591/538/327 595/544/333
f 600/925/381 596/922/380 598/923/445 602/926/447
f 602/926/447 598/923/445 597/924/446 601/927/448
f 601/927/448 597/924/446 595/544/333 599/548/337
f 604/928/382 600/925/381 602/926/447 606/929/449
f 606/929/449 602/926/447 601/927/448 605/930/450
f 605/930/450 601/927/448 599/548/337 603/552/341
f 608/931/383 604/928/382 606/929/449 610/932/451
f 610/932/451 606/929/449 605/930/450 609/933/452
f 609/933/452 605/930/450 603/552/341 607/556/345
f 612/934/384 608/931/383 610/932/451 614/935/453
f 614/935/453 610/932/451 609/933/452 613/936/454
f 613/936/454 609/933/452 607/556/345 611/564/353
f 616/937/385 612/934/384 614/935/453 618/938/455
f 618/938/455 614/935/453 613/936/454 617/939/456
f 617/939/456 613/936/454 611/564/353 615/570/359
f 620/940/386 616/937/385 618/938/455 622/941/457
f 622/941/457 618/938/455 617/939/456 621/942/458
f 621/942/458 617/939/456 615/570/359 619/576/365
f 624/943/387 620/940/386 622/941/457 626/944/459
f 626/944/459 622/941/457 621/942/458 625/945/460
f 625/945/460 621/942/458 619/576/365 623/612/401
f 628/946/388 624/943/387 626/944/459 630/947/461
f 630/947/461 626/944/459 625/945/460 629/948/462
f 629/948/462 625/945/460 623/612/401 627/618/407
f 632/949/389 628/946/388 630/947/461 634/950/463
f 634/950/463 630/947/461 629/948/462 633/951/464
f 633/951/464 629/948/462 627/618/407 631/622/411
f 636/952/390 632/949/389 634/950/463 638/953/465
f 638/953/465 634/950/463 633/951/464 637/954/466
f 637/954/466 633/951/464 631/622/411 635/626/415
f 640/955/391 636/952/390 638/953/465 642/956/467
f 642/956/467 638/953/465 637/954/466 641/957/468
f 641/957/468 637/954/466 635/626/415 639/535/324
f 644/958/392 640/955/391 642/956/467 646/959/469
f 646/959/469 642/956/467 641/957/468 645/960/470
f 645/960/470 641/957/468 639/535/324 643/534/323
f 648/961/393 644/958/392 646/959/469 650/962/471
f 650/962/471 646/959/469 645/960/470 649/963/472
f 649/963/472 645/960/470 643/534/323 647/542/331
f 652/964/394 648/961/393 650/962/471 654/965/473
f 654/965/473 650/962/471 649/963/472 653/966/474
f 653/966/474 649/963/472 647/542/331 651/546/335
f 656/967/395 652/964/394 654/965/473 658/968/475
f 658/968/475 654/965/473 653/966/474 657/969/476
f 657/969/476 653/966/474 651/546/335 655/550/339
f 660/970/396 656/967/395 658/968/475 662/971/477
f 662/971/477 658/968/475 657/969/476 661/972/478
f 661/972/478 657/969/476 655/550/339 659/554/343
f 664/973/397 660/970/396 662/971/477 666/974/479
f 666/974/479 662/971/477 661/972/478 665/975/480
f 665/975/480 661/972/478 659/554/343 663/562/351
f 668/976/398 664/973/397 666/974/479 670/977/481
f 670/977/481 666/974/479 665/975/480 669/978/482
f 669/978/482 665/975/480 663/562/351 667/568/357
f 672/979/399 668/976/398 670/977/481 674/980/483
f 674/980/483 670/977/481 669/978/482 673/981/484
f 673/981/484 669/978/482 667/568/357 671/574/363
f 547/887/400 672/979/399 674/980/483 549/888/421
f 549/888/421 674/980/483 673/981/484 550/890/423
f 550/890/423 673/981/484 671/574/363 548/616/405
f 680/580/369 675/611/400 677/982/421 682/983/422
f 682/983/422 677/982/421 678/984/423 681/985/424
f 681/985/424 678/984/423 676/712/405 679/655/348
f 684/581/370 680/580/369 682/983/422 686/986/425
f 686/986/425 682/983/422 681/985/424 685/987/426
f 685/987/426 681/985/424 679/655/348 683/654/347
f 688/582/371 684/581/370 686/986/425 690/988/427
f 690/988/427 686/986/425 685/987/426 689/989/428
f 689/989/428 685/987/426 683/654/347 687/662/355
f 692/583/372 688/582/371 690/988/427 694/990/429
f 694/990/429 690/988/427 689/989/428 693/991/430
f 693/991/430 689/989/428 687/662/355 691/668/361
f 696/584/373 692/583/372 694/990/429 698/992/431
f 698/992/431 694/990/429 693/991/430 697/993/432
f 697/993/432 693/991/430 691/668/361 695/674/367
f 700/585/374 696/584/373 698/992/431 702/994/433
f 702/994/433 698/992/431 697/993/432 701/995/434
f 701/995/434 697/993/432 695/674/367 699/710/403
f 704/586/375 700/585/374 702/994/433 706/996/435
f 706/996/435 702/994/433 701/995/434 705/997/436
f 705/997/436 701/995/434 699/710/403 703/716/409
f 708/587/376 704/586/375 706/996/435 710/998/437
f 710/998/437 706/996/435 705/997/436 709/999/438
f 709/999/438 705/997/436 703/716/409 707/720/413
f 712/588/377 708/587/376 710/998/437 714/1000/439
f 714/1000/439 710/998/437 709/999/438 713/1001/440
f 713/1001/440 709/999/438 707/720/413 711/724/417
f 716/589/378 712/588/377 714/1000/439 718/1002/441
f 718/1002/441 714/1000/439 713/1001/440 717/1003/442
f 717/1003/442 713/1001/440 711/724/417 715/635/328
f 720/590/379 716/589/378 718/1002/441 722/1004/443
f 722/1004/443 718/1002/441 717/1003/442 721/1005/444
f 721/1005/444 717/1003/442 715/635/328 719/634/327
f 724/591/380 720/590/379 722/1004/443 726/1006/445
f 726/1006/445 722/1004/443 721/1005/444 725/1007/446
f 725/1007/446 721/1005/444 719/634/327 723/640/333
f 728/592/381 724/591/380 726/1006/445 730/1008/447
f 730/1008/447 726/1006/445 725/1007/446 729/1009/448
f 729/1009/448 725/1007/446 723/640/333 727/644/337
f 732/593/382 728/592/381 730/1008/447 734/1010/449
f 734/1010/449 730/1008/447 729/1009/448 733/1011/450
f 733/1011/450 729/1009/448 727/644/337 731/648/341
f 736/594/383 732/593/382 734/1010/449 738/1012/451
f 738/1012/451 734/1010/449 733/1011/450 737/1013/452
f 737/1013/452 733/1011/450 731/648/341 735/652/345
f 740/595/384 736/594/383 738/1012/451 742/1014/453
f 742/1014/453 738/1012/451 737/1013/452 741/1015/454
f 741/1015/454 737/1013/452 735/652/345 739/660/353
f 744/596/385 740/595/384 742/1014/453 746/1016/455
f 746/1016/455 742/1014/453 741/1015/454 745/1017/456
f 745/1017/456 741/1015/454 739/660/353 743/666/359
f 748/597/386 744/596/385 746/1016/455 750/1018/457
f 750/1018/457 746/1016/455 745/1017/456 749/1019/458
f 749/1019/458 745/1017/456 743/666/359 747/672/365
f 752/598/387 748/597/386 750/1018/457 754/1020/459
f 754/1020/459 750/1018/457 749/1019/458 753/1021/460
f 753/1021/460 749/1019/458 747/672/365 751/708/401
f 756/599/388 752/598/387 754/1020/459 758/1022/461
f 758/1022/461 754/1020/459 753/1021/460 757/1023/462
f 757/1023/462 753/1021/460 751/708/401 755/714/407
f 760/600/389 756/599/388 758/1022/461 762/1024/463
f 762/1024/463 758/1022/461 757/1023/462 761/1025/464
f 761/1025/464 757/1023/462 755/714/407 759/718/411
f 764/601/390 760/600/389 762/1024/463 766/1026/465
f 766/1026/465 762/1024/463 761/1025/464 765/1027/466
f 765/1027/466 761/1025/464 759/718/411 763/722/415
f 768/602/391 764/601/390 766/1026/465 770/1028/467
f 770/1028/467 766/1026/465 765/1027/466 769/1029/468
f 769/1029/468 765/1027/466 763/722/415 767/631/324
f 772/603/392 768/602/391 770/1028/467 774/1030/469
f 774/1030/469 770/1028/467 769/1029/468 773/1031/470
f 773/1031/470 769/1029/468 767/631/324 771/630/323
f 776/604/393 772/603/392 774/1030/469 778/1032/471
f 778/1032/471 774/1030/469 773/1031/470 777/1033/472
f 777/1033/472 773/1031/470 771/630/323 775/638/331
f 780/605/394 776/604/393 778/1032/471 782/1034/473
f 782/1034/473 778/1032/471 777/1033/472 781/1035/474
f 781/1035/474 777/1033/472 775/638/331 779/642/335
f 784/606/395 780/605/394 782/1034/473 786/1036/475
f 786/1036/475 782/1034/473 781/1035/474 785/1037/476
f 785/1037/476 781/1035/474 779/642/335 783/646/339
f 788/607/396 784/606/395 786/1036/475 790/1038/477
f 790/1038/477 786/1036/475 785/1037/476 789/1039/478
f 789/1039/478 785/1037/476 783/646/339 787/650/343
f 792/608/397 788/607/396 790/1038/477 794/1040/479
f 794/1040/479 790/1038/477 789/1039/478 793/1041/480
f 793/1041/480 789/1039/478 787/650/343 791/658/351
f 796/609/398 792/608/397 794/1040/479 798/1042/481
f 798/1042/481 794/1040/479 793/1041/480 797/1043/482
f 797/1043/482 793/1041/480 791/658/351 795/664/357
f 800/610/399 796/609/398 798/1042/481 802/1044/483
f 802/1044/483 798/1042/481 797/1043/482 801/1045/484
f 801/1045/484 797/1043/482 795/664/357 799/670/363
f 675/611/400 800/610/399 802/1044/483 677/982/421
f 677/982/421 802/1044/483 801/1045/484 678/984/423
f 678/984/423 801/1045/484 799/670/363 676/712/405
f 808/676/369 803/707/400 805/1046/421 810/1047/422
f 810/1047/422 805/1046/421 806/1048/423 809/1049/424
f 809/1049/424 806/1048/423 804/808/405 807/751/348
f 812/677/370 808/676/369 810/1047/422 814/1050/425
f 814/1050/425 810/1047/422 809/1049/424 813/1051/426
f 813/1051/426 809/1049/424 807/751/348 811/750/347
f 816/678/371 812/677/370 814/1050/425 818/1052/427
f 818/1052/427 814/1050/425 813/1051/426 817/1053/428
f 817/1053/428 813/1051/426 811/750/347 815/758/355
f 820/679/372 816/678/371 818/1052/427 822/1054/429
f 822/1054/429 818/1052/427 817/1053/428 821/1055/430
f 821/1055/430 817/1053/428 815/758/355 819/764/361
f 824/680/373 820/679/372 822/1054/429 826/1056/431
f 826/1056/431 822/1054/429 821/1055/430 825/1057/432
f 825/1057/432 821/1055/430 819/764/361 823/770/367
f 828/681/374 824/680/373 826/1056/431 830/1058/433
f 830/1058/433 826/1056/431 825/1057/432 829/1059/434
f 829/1059/434 825/1057/432 823/770/367 827/806/403
f 832/682/375 828/681/374 830/1058/433 834/1060/435
f 834/1060/435 830/1058/433 829/1059/434 833/1061/485
f 833/1061/485 829/1059/434 827/806/403 831/812/409
f 836/683/376 832/682/375 834/1060/435 838/1062/437
f 838/1062/437 834/1060/435 833/1061/485 837/1063/486
f 837/1063/486 833/1061/485 831/812/409 835/816/413
f 840/684/377 836/683/376 838/1062/437 842/1064/439
f 842/1064/439 838/1062/437 837/1063/486 841/1065/440
f 841/1065/440 837/1063/486 835/816/413 839/820/417
f 844/685/378 840/684/377 842/1064/439 846/1066/441
f 846/1066/441 842/1064/439 841/1065/440 845/1067/487
f 845/1067/487 841/1065/440 839/820/417 843/731/328
f 848/686/379 844/685/378 846/1066/441 850/1068/443
f 850/1068/443 846/1066/441 845/1067/487 849/1069/444
f 849/1069/444 845/1067/487 843/731/328 847/730/327
f 852/687/380 848/686/379 850/1068/443 854/1070/445
f 854/1070/445 850/1068/443 849/1069/444 853/1071/446
f 853/1071/446 849/1069/444 847/730/327 851/736/333
f 856/688/381 852/687/380 854/1070/445 858/1072/447
f 858/1072/447 854/1070/445 853/1071/446 857/1073/448
f 857/1073/448 853/1071/446 851/736/333 855/740/337
f 860/689/382 856/688/381 858/1072/447 862/1074/449
f 862/1074/449 858/1072/447 857/1073/448 861/1075/450
f 861/1075/450 857/1073/448 855/740/337 859/744/341
f 864/690/383 860/689/382 862/1074/449 866/1076/451
f 866/1076/451 862/1074/449 861/1075/450 865/1077/452
f 865/1077/452 861/1075/450 859/744/341 863/748/345
f 868/691/384 864/690/383 866/1076/451 870/1078/453
f 870/1078/453 866/1076/451 865/1077/452 869/1079/454
f 869/1079/454 865/1077/452 863/748/345 867/756/353
f 872/692/385 868/691/384 870/1078/453 874/1080/455
f 874/1080/455 870/1078/453 869/1079/454 873/1081/456
f 873/1081/456 869/1079/454 867/756/353 871/762/359
f 876/693/386 872/692/385 874/1080/455 878/1082/457
f 878/1082/457 874/1080/455 873/1081/456 877/1083/458
f 877/1083/458 873/1081/456 871/762/359 875/768/365
f 880/694/387 876/693/386 878/1082/457 882/1084/459
f 882/1084/459 878/1082/457 877/1083/458 881/1085/460
f 881/1085/460 877/1083/458 875/768/365 879/804/401
f 884/695/388 880/694/387 882/1084/459 886/1086/461
f 886/1086/461 882/1084/459 881/1085/460 885/1087/462
f 885/1087/462 881/1085/460 879/804/401 883/810/407
f 888/696/389 884/695/388 886/1086/461 890/1088/463
f 890/1088/463 886/1086/461 885/1087/462 889/1089/464
f 889/1089/464 885/1087/462 883/810/407 887/814/411
f 892/697/390 888/696/389 890/1088/463 894/1090/465
f 894/1090/465 890/1088/463 889/1089/464 893/1091/466
f 893/1091/466 889/1089/464 887/814/411 891/818/415
f 896/698/391 892/697/390 894/1090/465 898/1092/467
f 898/1092/467 894/1090/465 893/1091/466 897/1093/468
f 897/1093/468 893/1091/466 891/818/415 895/727/324
f 900/699/392 896/698/391 898/1092/467 902/1094/469
f 902/1094/469 898/1092/467 897/1093/468 901/1095/470
f 901/1095/470 897/1093/468 895/727/324 899/726/323
f 904/700/393 900/699/392 902/1094/469 906/1096/471
f 906/1096/471 902/1094/469 901/1095/470 905/1097/472
f 905/1097/472 901/1095/470 899/726/323 903/734/419
f 908/701/394 904/700/393 906/1096/471 910/1098/473
f 910/1098/473 906/1096/471 905/1097/472 909/1099/474
f 909/1099/474 905/1097/472 903/734/419 907/738/335
f 912/702/395 908/701/394 910/1098/473 914/1100/475
f 914/1100/475 910/1098/473 909/1099/474 913/1101/476
f 913/1101/476 909/1099/474 907/738/335 911/742/339
f 916/703/396 912/702/395 914/1100/475 918/1102/477
f 918/1102/477 914/1100/475 913/1101/476 917/1103/478
f 917/1103/478 913/1101/476 911/742/339 915/746/420
f 920/704/397 916/703/396 918/1102/477 922/1104/479
f 922/1104/479 918/1102/477 917/1103/478 921/1105/480
f 921/1105/480 917/1103/478 915/746/420 919/754/351
f 924/705/398 920/704/397 922/1104/479 926/1106/481
f 926/1106/481 922/1104/479 921/1105/480 925/1107/482
f 925/1107/482 921/1105/480 919/754/351 923/760/357
f 928/706/399 924/705/398 926/1106/481 930/1108/483
f 930/1108/483 926/1106/481 925/1107/482 929/1109/484
f 929/1109/484 925/1107/482 923/760/357 927/766/363
f 803/707/400 928/706/399 930/1108/483 805/1046/421
f 805/1046/421 930/1108/483 929/1109/484 806/1048/423
f 806/1048/423 929/1109/484 927/766/363 804/808/405
f 936/772/369 931/803/400 933/1110/421 938/1111/422
f 938/1111/422 933/1110/421 934/1112/423 937/1113/424
f 937/1113/424 934/1112/423 932/872/405 935/847/348
f 940/773/370 936/772/369 938/1111/422 942/1114/425
f 942/1114/425 938/1111/422 937/1113/424 941/1115/426
f 941/1115/426 937/1113/424 935/847/348 939/846/347
f 944/774/371 940/773/370 942/1114/425 946/1116/427
f 946/1116/427 942/1114/425 941/1115/426 945/1117/428
f 945/1117/428 941/1115/426 939/846/347 943/854/355
f 948/775/372 944/774/371 946/1116/427 950/1118/429
f 950/1118/429 946/1116/427 945/1117/428 949/1119/430
f 949/1119/430 945/1117/428 943/854/355 947/860/361
f 952/776/373 948/775/372 950/1118/429 954/1120/431
f 954/1120/431 950/1118/429 949/1119/430 953/1121/432
f 953/1121/432 949/1119/430 947/860/361 951/866/367
f 956/777/374 952/776/373 954/1120/431 958/1122/433
f 958/1122/433 954/1120/431 953/1121/432 957/1123/434
f 957/1123/434 953/1121/432 951/866/367 955/870/403
f 960/778/375 956/777/374 958/1122/433 962/1124/435
f 962/1124/435 958/1122/433 957/1123/434 961/1125/436
f 961/1125/436 957/1123/434 955/870/403 959/876/409
f 964/779/376 960/778/375 962/1124/435 966/1126/437
f 966/1126/437 962/1124/435 961/1125/436 965/1127/438
f 965/1127/438 961/1125/436 959/876/409 963/880/413
f 968/780/377 964/779/376 966/1126/437 970/1128/439
f 970/1128/439 966/1126/437 965/1127/438 969/1129/440
f 969/1129/440 965/1127/438 963/880/413 967/884/417
f 972/781/378 968/780/377 970/1128/439 974/1130/441
f 974/1130/441 970/1128/439 969/1129/440 973/1131/442
f 973/1131/442 969/1129/440 967/884/417 971/827/328
f 976/782/379 972/781/378 974/1130/441 978/1132/443
f 978/1132/443 974/1130/441 973/1131/442 977/1133/444
f 977/1133/444 973/1131/442 971/827/328 975/826/327
f 980/783/380 976/782/379 978/1132/443 982/1134/445
f 982/1134/445 978/1132/443 977/1133/444 981/1135/446
f 981/1135/446 977/1133/444 975/826/327 979/832/333
f 984/784/381 980/783/380 982/1134/445 986/1136/447
f 986/1136/447 982/1134/445 981/1135/446 985/1137/448
f 985/1137/448 981/1135/446 979/832/333 983/836/337
f 988/785/382 984/784/381 986/1136/447 990/1138/449
f 990/1138/449 986/1136/447 985/1137/448 989/1139/450
f 989/1139/450 985/1137/448 983/836/337 987/840/341
f 992/786/383 988/785/382 990/1138/449 994/1140/451
f 994/1140/451 990/1138/449 989/1139/450 993/1141/452
f 993/1141/452 989/1139/450 987/840/341 991/844/345
f 996/787/384 992/786/383 994/1140/451 998/1142/453
f 998/1142/453 994/1140/451 993/1141/452 997/1143/454
f 997/1143/454 993/1141/452 991/844/345 995/852/353
f 1000/788/385 996/787/384 998/1142/453 1002/1144/455
f 1002/1144/455 998/1142/453 997/1143/454 1001/1145/456
f 1001/1145/456 997/1143/454 995/852/353 999/858/359
f 1004/789/386 1000/788/385 1002/1144/455 1006/1146/457
f 1006/1146/457 1002/1144/455 1001/1145/456 1005/1147/458
f 1005/1147/458 1001/1145/456 999/858/359 1003/864/365
f 1008/790/387 1004/789/386 1006/1146/457 1010/1148/459
f 1010/1148/459 1006/1146/457 1005/1147/458 1009/1149/460
f 1009/1149/460 1005/1147/458 1003/864/365 1007/868/401
f 1012/791/388 1008/790/387 1010/1148/459 1014/1150/461
f 1014/1150/461 1010/1148/459 1009/1149/460 1013/1151/462
f 1013/1151/462 1009/1149/460 1007/868/401 1011/874/407
f 1016/792/389 1012/791/388 1014/1150/461 1018/1152/463
f 1018/1152/463 1014/1150/461 1013/1151/462 1017/1153/464
f 1017/1153/464 1013/1151/462 1011/874/407 1015/878/411
f 1020/793/390 1016/792/389 1018/1152/463 1022/1154/465
f 1022/1154/465 1018/1152/463 1017/1153/464 1021/1155/466
f 1021/1155/466 1017/1153/464 1015/878/411 1019/882/415
f 1024/794/391 1020/793/390 1022/1154/465 1026/1156/467
f 1026/1156/467 1022/1154/465 1021/1155/466 1025/1157/468
f 1025/1157/468 1021/1155/466 1019/882/415 1023/823/324
f 1028/795/392 1024/794/391 1026/1156/467 1030/1158/469
f 1030/1158/469 1026/1156/467 1025/1157/468 1029/1159/470
f 1029/1159/470 1025/1157/468 1023/823/324 1027/822/323
f 1032/796/393 1028/795/392 1030/1158/469 1034/1160/471
f 1034/1160/471 1030/1158/469 1029/1159/470 1033/1161/472
f 1033/1161/472 1029/1159/470 1027/822/323 1031/830/331
f 1036/797/394 1032/796/393 1034/1160/471 1038/1162/473
f 1038/1162/473 1034/1160/471 1033/1161/472 1037/1163/474
f 1037/1163/474 1033/1161/472 1031/830/331 1035/834/335
f 1040/798/395 1036/797/394 1038/1162/473 1042/1164/475
f 1042/1164/475 1038/1162/473 1037/1163/474 1041/1165/476
f 1041/1165/476 1037/1163/474 1035/834/335 1039/838/339
f 1044/799/396 1040/798/395 1042/1164/475 1046/1166/477
f 1046/1166/477 1042/1164/475 1041/1165/476 1045/1167/478
f 1045/1167/478 1041/1165/476 1039/838/339 1043/842/343
f 1048/800/397 1044/799/396 1046/1166/477 1050/1168/479
f 1050/1168/479 1046/1166/477 1045/1167/478 1049/1169/480
f 1049/1169/480 1045/1167/478 1043/842/343 1047/850/351
f 1052/801/398 1048/800/397 1050/1168/479 1054/1170/481
f 1054/1170/481 1050/1168/479 1049/1169/480 1053/1171/482
f 1053/1171/482 1049/1169/480 1047/850/351 1051/856/357
f 1056/802/399 1052/801/398 1054/1170/481 1058/1172/483
f 1058/1172/483 1054/1170/481 1053/1171/482 1057/1173/484
f 1057/1173/484 1053/1171/482 1051/856/357 1055/862/363
f 931/803/400 1056/802/399 1058/1172/483 933/1110/421
f 933/1110/421 1058/1172/483 1057/1173/484 934/1112/423
f 934/1112/423 1057/1173/484 1055/862/363 932/872/405
f 552/886/369 556/892/370 560/895/371 564/898/372 568/901/373 572/904/374 576/907/375 580/910/376 584/913/377 588/916/378 592/919/379 596/922/380 600/925/381 604/928/382 608/931/383 612/934/384 616/937/385 620/940/386 624/943/387 628/946/388 632/949/389 636/952/390 640/955/391 644/958/392 648/961/393 652/964/394 656/967/395 660/970/396 664/973/397 668/976/398 672/979/399 547/887/400
o Cube.001_Cube.005
v -2.197870 0.454266 4.557253
v -2.295189 0.488906 4.042276
v 2.197922 0.454266 4.557253
v 2.268150 0.470589 4.311796
v 2.295241 0.488906 4.042276
v -2.268097 0.470589 4.311796
v -2.116523 0.427516 4.677575
v 2.116575 0.427516 4.677575
v -1.967863 0.412121 4.793084
v 1.967915 0.412121 4.793084
v -1.725613 0.399805 4.870090
v 1.725665 0.399805 4.870090
v -1.192334 0.394676 4.913406
v 1.192386 0.394676 4.913406
v -0.525859 0.375107 4.937470
v 0.525912 0.375107 4.937470
v -2.197870 0.260199 4.557253
v -2.295189 0.260199 4.042276
v 2.197922 0.260199 4.557253
v -2.295189 0.260199 -3.877851
v 2.268150 0.260199 4.311796
v 2.295241 0.260199 4.042276
v -2.268097 0.260199 4.311796
v 2.295241 0.260199 -3.877851
v -2.265228 0.260199 -4.330261
v 2.265280 0.260199 -4.330261
v -2.151110 0.260199 -4.546840
v 2.151162 0.260199 -4.546840
v -2.004364 0.260199 -4.705665
v 2.004416 0.260199 -4.705665
v -1.841056 0.260199 -4.782670
v 1.841108 0.260199 -4.782670
v -1.642806 0.260199 -4.833206
v 1.642858 0.260199 -4.833206
v -0.907879 0.260199 -4.869302
v 0.907931 0.260199 -4.869302
v -0.332829 0.260199 -4.889356
v 0.332881 0.260199 -4.889356
v -2.116523 0.260199 4.677575
v 2.116575 0.260199 4.677575
v -1.967863 0.260199 4.793084
v 1.967915 0.260199 4.793084
v -1.725613 0.260199 4.870090
v 1.725665 0.260199 4.870090
v -1.192334 0.260199 4.913406
v 1.192386 0.260199 4.913406
v -0.525859 0.260199 4.937470
v 0.525912 0.260199 4.937470
v -2.295189 0.461727 -3.877851
v -2.261447 0.488906 -3.877851
v -2.295189 0.488906 -3.850740
v -2.290668 0.475317 -3.877851
v -2.278318 0.485265 -3.877851
v 2.261499 0.488906 -3.877851
v 2.295241 0.461727 -3.877851
v 2.295241 0.488906 -3.850740
v 2.278370 0.485265 -3.877851
v 2.290720 0.475317 -3.877851
v -2.265228 0.431506 -4.330261
v -2.231223 0.458685 -4.330261
v -2.260672 0.445095 -4.330261
v -2.248225 0.455043 -4.330261
v 2.231275 0.458685 -4.330261
v 2.265280 0.431506 -4.330261
v 2.248277 0.455043 -4.330261
v 2.260724 0.445095 -4.330261
v -2.151110 0.414715 -4.546840
v -2.116289 0.441895 -4.546840
v -2.146445 0.428305 -4.546840
v -2.133699 0.438254 -4.546840
v 2.116341 0.441895 -4.546840
v 2.151162 0.414715 -4.546840
v 2.133752 0.438254 -4.546840
v 2.146497 0.428305 -4.546840
v -2.004364 0.388974 -4.705665
v -1.968204 0.416151 -4.705665
v -1.999520 0.402562 -4.705665
v -1.986285 0.412510 -4.705665
v 1.968256 0.416151 -4.705665
v 2.004416 0.388974 -4.705665
v 1.986337 0.412510 -4.705665
v 1.999572 0.402562 -4.705665
v -1.841056 0.376671 -4.782670
v -1.802095 0.403838 -4.782670
v -1.835837 0.390254 -4.782670
v -1.821576 0.400198 -4.782670
v 1.802147 0.403838 -4.782670
v 1.841108 0.376671 -4.782670
v 1.821628 0.400198 -4.782670
v 1.835889 0.390254 -4.782670
v -1.642806 0.365486 -4.833206
v -1.720118 0.399359 -4.802894
v -1.653164 0.379965 -4.829144
v -1.681461 0.392363 -4.818050
v 1.720170 0.399359 -4.802894
v 1.642858 0.365486 -4.833206
v 1.681513 0.392363 -4.818050
v 1.653216 0.379965 -4.829144
v -0.907879 0.356537 -4.869302
v -0.906674 0.391257 -4.843296
v -0.907718 0.371128 -4.865819
v -0.907277 0.383836 -4.856299
v 0.906726 0.391257 -4.843296
v 0.907931 0.356537 -4.869302
v 0.907328 0.383836 -4.856299
v 0.907770 0.371128 -4.865819
v -0.332326 0.385584 -4.863648
v -0.332829 0.349825 -4.889356
v -0.332577 0.377642 -4.876502
v -0.332762 0.364553 -4.885911
v 0.332881 0.349825 -4.889356
v 0.332378 0.385584 -4.863648
v 0.332814 0.364553 -4.885911
v 0.332629 0.377642 -4.876502
v 1.925985 0.272891 -4.438115
v 1.800188 0.272891 -4.564616
v 1.916409 0.272891 -4.486525
v 1.889140 0.272891 -4.527565
v 1.848328 0.272891 -4.554987
v -1.824359 0.272891 -4.564616
v -1.950156 0.272891 -4.438115
v -1.872499 0.272891 -4.554987
v -1.913311 0.272891 -4.527565
v -1.940580 0.272891 -4.486525
v 1.800188 0.272891 -4.151678
v 1.925985 0.272891 -4.278179
v 1.848328 0.272891 -4.161308
v 1.889140 0.272891 -4.188730
v 1.916409 0.272891 -4.229770
v -1.950156 0.272891 -4.278179
v -1.824359 0.272891 -4.151678
v -1.940580 0.272891 -4.229770
v -1.913311 0.272891 -4.188730
v -1.872499 0.272891 -4.161308
v 1.925985 0.261857 -4.279347
v 1.800188 0.235435 -4.155645
v 1.916409 0.251746 -4.232009
v 1.889140 0.243174 -4.191877
v 1.848328 0.237446 -4.165062
v -1.950156 0.261857 -4.279347
v -1.824359 0.235435 -4.155645
v -1.940580 0.251746 -4.232009
v -1.913311 0.243174 -4.191877
v -1.872499 0.237446 -4.165062
v 1.925985 0.250815 -4.282949
v 1.800188 0.199418 -4.167395
v 1.916409 0.231146 -4.238729
v 1.889140 0.214472 -4.201240
v 1.848328 0.203330 -4.176191
v -1.950156 0.250815 -4.282949
v -1.824359 0.199418 -4.167395
v -1.940580 0.231146 -4.238729
v -1.913311 0.214472 -4.201240
v -1.872499 0.203330 -4.176191
v 1.925985 0.239934 -4.289204
v 1.800188 0.166225 -4.186474
v 1.916409 0.211727 -4.249890
v 1.889140 0.187813 -4.216562
v 1.848328 0.171835 -4.194294
v -1.950156 0.239934 -4.289204
v -1.824359 0.166225 -4.186474
v -1.940580 0.211727 -4.249891
v -1.913311 0.187814 -4.216563
v -1.872499 0.171835 -4.194294
v 1.925985 0.229637 -4.298292
v 1.800188 0.137130 -4.212152
v 1.916409 0.194236 -4.265327
v 1.889140 0.164225 -4.237381
v 1.848328 0.144172 -4.218709
v -1.950164 0.229637 -4.298292
v -1.824359 0.137130 -4.212152
v -1.940585 0.194236 -4.265327
v -1.913313 0.164225 -4.237381
v -1.872500 0.144172 -4.218709
v 1.925985 0.220551 -4.310197
v 1.800188 0.113253 -4.243439
v 1.916409 0.179490 -4.284650
v 1.889140 0.144680 -4.262992
v 1.848328 0.121421 -4.248521
v -1.950148 0.220551 -4.310197
v -1.824359 0.113253 -4.243439
v -1.940575 0.179490 -4.284650
v -1.913309 0.144680 -4.262992
v -1.872499 0.121421 -4.248521
v 1.925985 0.213392 -4.324601
v 1.800188 0.095511 -4.279135
v 1.916409 0.168281 -4.307201
v 1.889140 0.130038 -4.292451
v 1.848328 0.104484 -4.282596
v -1.950156 0.213392 -4.324601
v -1.824359 0.095511 -4.279135
v -1.940581 0.168281 -4.307201
v -1.913311 0.130038 -4.292451
v -1.872500 0.104484 -4.282596
v 1.925985 0.208802 -4.340873
v 1.800188 0.084586 -4.317867
v 1.916409 0.161267 -4.332069
v 1.889140 0.120968 -4.324605
v 1.848328 0.094041 -4.319618
v -1.950156 0.208802 -4.340873
v -1.824359 0.084586 -4.317867
v -1.940581 0.161267 -4.332069
v -1.913311 0.120968 -4.324605
v -1.872500 0.094041 -4.319618
v 1.925985 0.207220 -4.358147
v 1.800188 0.080897 -4.358147
v 1.916409 0.158878 -4.358147
v 1.889140 0.117896 -4.358147
v 1.848328 0.090513 -4.358147
v -1.950156 0.207220 -4.358147
v -1.824359 0.080897 -4.358147
v -1.940581 0.158878 -4.358147
v -1.913311 0.117896 -4.358147
v -1.872500 0.090513 -4.358147
v 1.925985 0.208802 -4.375421
v 1.800188 0.084586 -4.398427
v 1.916409 0.161267 -4.384225
v 1.889140 0.120968 -4.391689
v 1.848328 0.094041 -4.396676
v -1.950156 0.208803 -4.375421
v -1.824359 0.084586 -4.398427
v -1.940581 0.161267 -4.384225
v -1.913311 0.120968 -4.391689
v -1.872500 0.094042 -4.396676
v 1.925985 0.213393 -4.391694
v 1.800188 0.095512 -4.437160
v 1.916409 0.168281 -4.409093
v 1.889140 0.130038 -4.423843
v 1.848328 0.104484 -4.433699
v -1.950156 0.213393 -4.391694
v -1.824359 0.095512 -4.437160
v -1.940581 0.168282 -4.409093
v -1.913311 0.130038 -4.423843
v -1.872500 0.104485 -4.433699
v 1.925985 0.220552 -4.406097
v 1.800188 0.113254 -4.472855
v 1.916409 0.179491 -4.431644
v 1.889140 0.144681 -4.453302
v 1.848328 0.121421 -4.467773
v -1.950148 0.220552 -4.406097
v -1.824359 0.113254 -4.472855
v -1.940575 0.179491 -4.431644
v -1.913309 0.144681 -4.453302
v -1.872499 0.121422 -4.467773
v 1.925985 0.229637 -4.418001
v 1.800188 0.137131 -4.504142
v 1.916409 0.194236 -4.450966
v 1.889140 0.164225 -4.478912
v 1.848328 0.144172 -4.497585
v -1.950163 0.229637 -4.418001
v -1.824359 0.137131 -4.504142
v -1.940585 0.194236 -4.450966
v -1.913313 0.164225 -4.478912
v -1.872500 0.144172 -4.497585
v 1.925985 0.239935 -4.427090
v 1.800188 0.166225 -4.529819
v 1.916409 0.211727 -4.466403
v 1.889140 0.187814 -4.499731
v 1.848328 0.171836 -4.522000
v -1.950156 0.239935 -4.427090
v -1.824359 0.166225 -4.529819
v -1.940580 0.211727 -4.466403
v -1.913311 0.187814 -4.499731
v -1.872499 0.171836 -4.521999
v 1.925985 0.250816 -4.433344
v 1.800188 0.199418 -4.548899
v 1.916409 0.231147 -4.477565
v 1.889140 0.214472 -4.515054
v 1.848328 0.203331 -4.540103
v -1.950156 0.250816 -4.433344
v -1.824359 0.199418 -4.548899
v -1.940580 0.231147 -4.477565
v -1.913311 0.214472 -4.515054
v -1.872499 0.203331 -4.540103
v 1.925985 0.261857 -4.436946
v 1.800188 0.235435 -4.560648
v 1.916409 0.251746 -4.484285
v 1.889140 0.243174 -4.524417
v 1.848328 0.237446 -4.551232
v -1.950156 0.261857 -4.436946
v -1.824359 0.235435 -4.560648
v -1.940580 0.251746 -4.484285
v -1.913311 0.243174 -4.524417
v -1.872499 0.237446 -4.551232
v 1.896222 0.274403 4.237037
v 1.896222 0.246318 4.239803
v 1.896222 0.154704 4.301017
v 1.924307 0.274403 4.239803
v 1.923767 0.246318 4.242516
v 1.922169 0.219312 4.250551
v 1.919574 0.194423 4.263598
v 1.916081 0.172607 4.281158
v 1.911825 0.154704 4.302554
v 1.906969 0.141401 4.326964
v 1.901701 0.133209 4.353452
v 1.951313 0.274403 4.247995
v 1.950254 0.246318 4.250551
v 1.947119 0.219312 4.258120
v 1.942028 0.194423 4.270410
v 1.935177 0.172607 4.286951
v 1.926829 0.154704 4.307106
v 1.917304 0.141401 4.330100
v 1.906969 0.133209 4.355050
v 1.976202 0.274403 4.261298
v 1.974665 0.246318 4.263598
v 1.970114 0.219312 4.270410
v 1.962723 0.194423 4.281471
v 1.952776 0.172607 4.296358
v 1.940656 0.154704 4.314496
v 1.926829 0.141401 4.335190
v 1.911825 0.133209 4.357645
v 1.998017 0.274403 4.279202
v 1.996061 0.246318 4.281158
v 1.990268 0.219312 4.286951
v 1.980861 0.194423 4.296358
v 1.968202 0.172607 4.309017
v 1.952776 0.154704 4.324443
v 1.935177 0.141401 4.342041
v 1.916081 0.133209 4.361138
v 2.015920 0.274403 4.301017
v 2.013620 0.246318 4.302554
v 2.006809 0.219312 4.307106
v 1.995747 0.194423 4.314496
v 1.980861 0.172607 4.324443
v 1.962723 0.154704 4.336563
v 1.942028 0.141401 4.350390
v 1.919574 0.133209 4.365394
v 2.029224 0.274403 4.325906
v 2.026668 0.246318 4.326964
v 2.019100 0.219312 4.330100
v 2.006809 0.194423 4.335190
v 1.990268 0.172607 4.342041
v 1.970114 0.154704 4.350390
v 1.947119 0.141401 4.359915
v 1.922169 0.133209 4.370249
v 2.037416 0.274403 4.352912
v 2.034703 0.246318 4.353452
v 2.026668 0.219312 4.355050
v 2.013620 0.194423 4.357645
v 1.996061 0.172607 4.361138
v 1.974665 0.154704 4.365394
v 1.950254 0.141401 4.370249
v 1.923767 0.133209 4.375518
v 2.040182 0.274403 4.380998
v 2.037416 0.246318 4.380998
v 2.029224 0.219312 4.380998
v 2.015920 0.194423 4.380998
v 1.998017 0.172607 4.380998
v 1.976202 0.154704 4.380998
v 1.951313 0.141401 4.380998
v 1.924307 0.133209 4.380998
v 2.037416 0.274403 4.409083
v 2.034703 0.246318 4.408543
v 2.026668 0.219312 4.406945
v 2.013620 0.194423 4.404349
v 1.996061 0.172607 4.400856
v 1.974665 0.154704 4.396600
v 1.950254 0.141401 4.391745
v 1.923767 0.133209 4.386477
v 2.029224 0.274403 4.436089
v 2.026668 0.246318 4.435030
v 2.019100 0.219312 4.431895
v 2.006809 0.194423 4.426804
v 1.990268 0.172607 4.419953
v 1.970114 0.154704 4.411604
v 1.947119 0.141401 4.402080
v 1.922169 0.133209 4.391745
v 2.015920 0.274403 4.460978
v 2.013620 0.246318 4.459441
v 2.006809 0.219312 4.454889
v 1.995747 0.194423 4.447498
v 1.980861 0.172607 4.437551
v 1.962723 0.154704 4.425432
v 1.942028 0.141401 4.411604
v 1.919574 0.133209 4.396600
v 1.998017 0.274403 4.482793
v 1.996061 0.246318 4.480837
v 1.990268 0.219312 4.475044
v 1.980861 0.194423 4.465637
v 1.968202 0.172607 4.452977
v 1.952776 0.154704 4.437551
v 1.935177 0.141401 4.419953
v 1.916081 0.133209 4.400856
v 1.976202 0.274403 4.500696
v 1.974665 0.246318 4.498396
v 1.970114 0.219312 4.491585
v 1.962723 0.194423 4.480523
v 1.952776 0.172607 4.465637
v 1.940656 0.154704 4.447498
v 1.926829 0.141401 4.426804
v 1.911825 0.133209 4.404349
v 1.896222 0.130442 4.380998
v 1.951313 0.274403 4.513999
v 1.950254 0.246318 4.511444
v 1.947119 0.219312 4.503875
v 1.942028 0.194423 4.491585
v 1.935177 0.172607 4.475044
v 1.926829 0.154704 4.454889
v 1.917304 0.141401 4.431895
v 1.906969 0.133209 4.406945
v 1.924307 0.274403 4.522192
v 1.923767 0.246318 4.519479
v 1.922169 0.219312 4.511444
v 1.919574 0.194423 4.498396
v 1.916081 0.172607 4.480837
v 1.911825 0.154704 4.459441
v 1.906969 0.141401 4.435030
v 1.901701 0.133209 4.408543
v 1.896222 0.274403 4.524958
v 1.896222 0.246318 4.522192
v 1.896222 0.219312 4.513999
v 1.896222 0.194423 4.500696
v 1.896222 0.172607 4.482793
v 1.896222 0.154704 4.460978
v 1.896222 0.141401 4.436089
v 1.896222 0.133209 4.409083
v 1.868136 0.274403 4.522192
v 1.868676 0.246318 4.519479
v 1.870274 0.219312 4.511444
v 1.872869 0.194423 4.498396
v 1.876362 0.172607 4.480837
v 1.880618 0.154704 4.459441
v 1.885474 0.141401 4.435030
v 1.890742 0.133209 4.408543
v 1.841130 0.274403 4.513999
v 1.842189 0.246318 4.511444
v 1.845324 0.219312 4.503875
v 1.850415 0.194423 4.491585
v 1.857266 0.172607 4.475044
v 1.865615 0.154704 4.454889
v 1.875139 0.141401 4.431895
v 1.885474 0.133209 4.406945
v 1.816242 0.274403 4.500696
v 1.817778 0.246318 4.498396
v 1.822330 0.219312 4.491585
v 1.829721 0.194423 4.480523
v 1.839667 0.172607 4.465637
v 1.851787 0.154704 4.447498
v 1.865615 0.141401 4.426804
v 1.880618 0.133209 4.404349
v 1.794426 0.274403 4.482793
v 1.796382 0.246318 4.480837
v 1.802175 0.219312 4.475044
v 1.811582 0.194423 4.465637
v 1.824241 0.172607 4.452977
v 1.839667 0.154704 4.437551
v 1.857266 0.141401 4.419953
v 1.876362 0.133209 4.400856
v 1.776523 0.274403 4.460978
v 1.778823 0.246318 4.459441
v 1.785634 0.219312 4.454889
v 1.796696 0.194423 4.447498
v 1.811582 0.172607 4.437551
v 1.829721 0.154704 4.425432
v 1.850415 0.141401 4.411604
v 1.872869 0.133209 4.396600
v 1.763219 0.274403 4.436089
v 1.765775 0.246318 4.435030
v 1.773344 0.219312 4.431895
v 1.785635 0.194423 4.426804
v 1.802175 0.172607 4.419953
v 1.822330 0.154704 4.411604
v 1.845324 0.141401 4.402080
v 1.870274 0.133209 4.391745
v 1.755027 0.274403 4.409083
v 1.757740 0.246318 4.408543
v 1.765775 0.219312 4.406945
v 1.778823 0.194423 4.404349
v 1.796382 0.172607 4.400856
v 1.817778 0.154704 4.396600
v 1.842189 0.141401 4.391745
v 1.868676 0.133209 4.386477
v 1.752261 0.274403 4.380998
v 1.755027 0.246318 4.380998
v 1.763219 0.219312 4.380998
v 1.776523 0.194423 4.380998
v 1.794426 0.172607 4.380998
v 1.816242 0.154704 4.380998
v 1.841130 0.141401 4.380998
v 1.868136 0.133209 4.380998
v 1.755027 0.274403 4.352912
v 1.757740 0.246318 4.353452
v 1.765775 0.219312 4.355050
v 1.778823 0.194423 4.357645
v 1.796382 0.172607 4.361138
v 1.817778 0.154704 4.365394
v 1.842189 0.141401 4.370249
v 1.868676 0.133209 4.375518
v 1.763220 0.274403 4.325906
v 1.765775 0.246318 4.326964
v 1.773344 0.219312 4.330100
v 1.785635 0.194423 4.335191
v 1.802175 0.172607 4.342041
v 1.822330 0.154704 4.350390
v 1.845324 0.141401 4.359915
v 1.870274 0.133209 4.370249
v 1.776523 0.274403 4.301017
v 1.778823 0.246318 4.302554
v 1.785634 0.219312 4.307106
v 1.796696 0.194423 4.314496
v 1.811582 0.172607 4.324443
v 1.829721 0.154704 4.336563
v 1.850415 0.141401 4.350390
v 1.872869 0.133209 4.365394
v 1.794426 0.274403 4.279202
v 1.796382 0.246318 4.281158
v 1.802175 0.219312 4.286951
v 1.811582 0.194423 4.296358
v 1.824242 0.172607 4.309017
v 1.839667 0.154704 4.324443
v 1.857266 0.141401 4.342042
v 1.876362 0.133209 4.361138
v 1.816242 0.274403 4.261299
v 1.817778 0.246318 4.263598
v 1.822330 0.219312 4.270410
v 1.829721 0.194423 4.281471
v 1.839667 0.172607 4.296358
v 1.851787 0.154704 4.314497
v 1.865615 0.141401 4.335191
v 1.880618 0.133209 4.357645
v 1.841130 0.274403 4.247995
v 1.842189 0.246318 4.250551
v 1.845324 0.219312 4.258120
v 1.850415 0.194423 4.270410
v 1.857266 0.172607 4.286951
v 1.865615 0.154704 4.307106
v 1.875139 0.141401 4.330100
v 1.885474 0.133209 4.355050
v 1.868136 0.274403 4.239803
v 1.868676 0.246318 4.242516
v 1.870274 0.219312 4.250551
v 1.872870 0.194423 4.263598
v 1.876362 0.172607 4.281158
v 1.880618 0.154704 4.302554
v 1.885474 0.141401 4.326964
v 1.890742 0.133209 4.353452
v 1.896222 0.219312 4.247995
v 1.896222 0.194423 4.261299
v 1.896222 0.172607 4.279202
v 1.896222 0.141401 4.325906
v 1.896222 0.133209 4.352912
v -1.929461 0.274403 4.237037
v -1.929461 0.246318 4.239803
v -1.929461 0.154704 4.301017
v -1.901376 0.274403 4.239803
v -1.901915 0.246318 4.242516
v -1.903513 0.219312 4.250551
v -1.906109 0.194423 4.263598
v -1.909602 0.172607 4.281158
v -1.913857 0.154704 4.302554
v -1.918713 0.141401 4.326964
v -1.923982 0.133209 4.353452
v -1.874370 0.274403 4.247995
v -1.875428 0.246318 4.250551
v -1.878563 0.219312 4.258120
v -1.883654 0.194423 4.270410
v -1.890505 0.172607 4.286951
v -1.898854 0.154704 4.307106
v -1.908378 0.141401 4.330100
v -1.918713 0.133209 4.355050
v -1.849481 0.274403 4.261298
v -1.851017 0.246318 4.263598
v -1.855569 0.219312 4.270410
v -1.862960 0.194423 4.281471
v -1.872906 0.172607 4.296358
v -1.885026 0.154704 4.314496
v -1.898854 0.141401 4.335190
v -1.913857 0.133209 4.357645
v -1.827665 0.274403 4.279202
v -1.829621 0.246318 4.281158
v -1.835414 0.219312 4.286951
v -1.844821 0.194423 4.296358
v -1.857481 0.172607 4.309017
v -1.872906 0.154704 4.324443
v -1.890505 0.141401 4.342041
v -1.909602 0.133209 4.361138
v -1.809762 0.274403 4.301017
v -1.812062 0.246318 4.302554
v -1.818874 0.219312 4.307106
v -1.829935 0.194423 4.314496
v -1.844821 0.172607 4.324443
v -1.862960 0.154704 4.336563
v -1.883654 0.141401 4.350390
v -1.906109 0.133209 4.365394
v -1.796459 0.274403 4.325906
v -1.799014 0.246318 4.326964
v -1.806583 0.219312 4.330100
v -1.818874 0.194423 4.335190
v -1.835414 0.172607 4.342041
v -1.855569 0.154704 4.350390
v -1.878563 0.141401 4.359915
v -1.903513 0.133209 4.370249
v -1.788267 0.274403 4.352912
v -1.790980 0.246318 4.353452
v -1.799014 0.219312 4.355050
v -1.812062 0.194423 4.357645
v -1.829621 0.172607 4.361138
v -1.851017 0.154704 4.365394
v -1.875428 0.141401 4.370249
v -1.901915 0.133209 4.375518
v -1.785500 0.274403 4.380998
v -1.788267 0.246318 4.380998
v -1.796459 0.219312 4.380998
v -1.809762 0.194423 4.380998
v -1.827665 0.172607 4.380998
v -1.849481 0.154704 4.380998
v -1.874370 0.141401 4.380998
v -1.901376 0.133209 4.380998
v -1.788267 0.274403 4.409083
v -1.790980 0.246318 4.408543
v -1.799014 0.219312 4.406945
v -1.812062 0.194423 4.404349
v -1.829621 0.172607 4.400856
v -1.851017 0.154704 4.396600
v -1.875428 0.141401 4.391745
v -1.901915 0.133209 4.386477
v -1.796459 0.274403 4.436089
v -1.799014 0.246318 4.435030
v -1.806583 0.219312 4.431895
v -1.818874 0.194423 4.426804
v -1.835414 0.172607 4.419953
v -1.855569 0.154704 4.411604
v -1.878563 0.141401 4.402080
v -1.903513 0.133209 4.391745
v -1.809762 0.274403 4.460978
v -1.812062 0.246318 4.459441
v -1.818874 0.219312 4.454889
v -1.829935 0.194423 4.447498
v -1.844821 0.172607 4.437551
v -1.862960 0.154704 4.425432
v -1.883654 0.141401 4.411604
v -1.906109 0.133209 4.396600
v -1.827665 0.274403 4.482793
v -1.829621 0.246318 4.480837
v -1.835414 0.219312 4.475044
v -1.844821 0.194423 4.465637
v -1.857481 0.172607 4.452977
v -1.872906 0.154704 4.437551
v -1.890505 0.141401 4.419953
v -1.909602 0.133209 4.400856
v -1.849481 0.274403 4.500696
v -1.851017 0.246318 4.498396
v -1.855569 0.219312 4.491585
v -1.862960 0.194423 4.480523
v -1.872906 0.172607 4.465637
v -1.885026 0.154704 4.447498
v -1.898854 0.141401 4.426804
v -1.913857 0.133209 4.404349
v -1.929461 0.130442 4.380998
v -1.874370 0.274403 4.513999
v -1.875428 0.246318 4.511444
v -1.878563 0.219312 4.503875
v -1.883654 0.194423 4.491585
v -1.890505 0.172607 4.475044
v -1.898854 0.154704 4.454889
v -1.908378 0.141401 4.431895
v -1.918713 0.133209 4.406945
v -1.901376 0.274403 4.522192
v -1.901915 0.246318 4.519479
v -1.903513 0.219312 4.511444
v -1.906109 0.194423 4.498396
v -1.909602 0.172607 4.480837
v -1.913857 0.154704 4.459441
v -1.918713 0.141401 4.435030
v -1.923982 0.133209 4.408543
v -1.929461 0.274403 4.524958
v -1.929461 0.246318 4.522192
v -1.929461 0.219312 4.513999
v -1.929461 0.194423 4.500696
v -1.929461 0.172607 4.482793
v -1.929461 0.154704 4.460978
v -1.929461 0.141401 4.436089
v -1.929461 0.133209 4.409083
v -1.957546 0.274403 4.522192
v -1.957006 0.246318 4.519479
v -1.955408 0.219312 4.511444
v -1.952813 0.194423 4.498396
v -1.949320 0.172607 4.480837
v -1.945064 0.154704 4.459441
v -1.940209 0.141401 4.435030
v -1.934940 0.133209 4.408543
v -1.984552 0.274403 4.513999
v -1.983494 0.246318 4.511444
v -1.980358 0.219312 4.503875
v -1.975268 0.194423 4.491585
v -1.968416 0.172607 4.475044
v -1.960068 0.154704 4.454889
v -1.950543 0.141401 4.431895
v -1.940209 0.133209 4.406945
v -2.009441 0.274403 4.500696
v -2.007904 0.246318 4.498396
v -2.003353 0.219312 4.491585
v -1.995962 0.194423 4.480523
v -1.986015 0.172607 4.465637
v -1.973895 0.154704 4.447498
v -1.960068 0.141401 4.426804
v -1.945064 0.133209 4.404349
v -2.031256 0.274403 4.482793
v -2.029300 0.246318 4.480837
v -2.023507 0.219312 4.475044
v -2.014100 0.194423 4.465637
v -2.001441 0.172607 4.452977
v -1.986015 0.154704 4.437551
v -1.968416 0.141401 4.419953
v -1.949320 0.133209 4.400856
v -2.049159 0.274403 4.460978
v -2.046860 0.246318 4.459441
v -2.040048 0.219312 4.454889
v -2.028986 0.194423 4.447498
v -2.014100 0.172607 4.437551
v -1.995962 0.154704 4.425432
v -1.975268 0.141401 4.411604
v -1.952813 0.133209 4.396600
v -2.062463 0.274403 4.436089
v -2.059907 0.246318 4.435030
v -2.052339 0.219312 4.431895
v -2.040048 0.194423 4.426804
v -2.023507 0.172607 4.419953
v -2.003353 0.154704 4.411604
v -1.980358 0.141401 4.402080
v -1.955408 0.133209 4.391745
v -2.070655 0.274403 4.409083
v -2.067942 0.246318 4.408543
v -2.059907 0.219312 4.406945
v -2.046860 0.194423 4.404349
v -2.029300 0.172607 4.400856
v -2.007904 0.154704 4.396600
v -1.983494 0.141401 4.391745
v -1.957006 0.133209 4.386477
v -2.073421 0.274403 4.380998
v -2.070655 0.246318 4.380998
v -2.062463 0.219312 4.380998
v -2.049159 0.194423 4.380998
v -2.031256 0.172607 4.380998
v -2.009441 0.154704 4.380998
v -1.984552 0.141401 4.380998
v -1.957546 0.133209 4.380998
v -2.070655 0.274403 4.352912
v -2.067942 0.246318 4.353452
v -2.059907 0.219312 4.355050
v -2.046860 0.194423 4.357645
v -2.029300 0.172607 4.361138
v -2.007904 0.154704 4.365394
v -1.983494 0.141401 4.370249
v -1.957006 0.133209 4.375518
v -2.062463 0.274403 4.325906
v -2.059907 0.246318 4.326964
v -2.052339 0.219312 4.330100
v -2.040048 0.194423 4.335191
v -2.023507 0.172607 4.342041
v -2.003353 0.154704 4.350390
v -1.980358 0.141401 4.359915
v -1.955408 0.133209 4.370249
v -2.049159 0.274403 4.301017
v -2.046860 0.246318 4.302554
v -2.040048 0.219312 4.307106
v -2.028986 0.194423 4.314496
v -2.014100 0.172607 4.324443
v -1.995962 0.154704 4.336563
v -1.975268 0.141401 4.350390
v -1.952813 0.133209 4.365394
v -2.031256 0.274403 4.279202
v -2.029300 0.246318 4.281158
v -2.023507 0.219312 4.286951
v -2.014100 0.194423 4.296358
v -2.001441 0.172607 4.309017
v -1.986015 0.154704 4.324443
v -1.968416 0.141401 4.342042
v -1.949320 0.133209 4.361138
v -2.009441 0.274403 4.261299
v -2.007904 0.246318 4.263598
v -2.003353 0.219312 4.270410
v -1.995962 0.194423 4.281471
v -1.986015 0.172607 4.296358
v -1.973895 0.154704 4.314497
v -1.960068 0.141401 4.335191
v -1.945064 0.133209 4.357645
v -1.984552 0.274403 4.247995
v -1.983493 0.246318 4.250551
v -1.980358 0.219312 4.258120
v -1.975267 0.194423 4.270410
v -1.968416 0.172607 4.286951
v -1.960068 0.154704 4.307106
v -1.950543 0.141401 4.330100
v -1.940209 0.133209 4.355050
v -1.957546 0.274403 4.239803
v -1.957006 0.246318 4.242516
v -1.955408 0.219312 4.250551
v -1.952813 0.194423 4.263598
v -1.949320 0.172607 4.281158
v -1.945064 0.154704 4.302554
v -1.940209 0.141401 4.326964
v -1.934940 0.133209 4.353452
v -1.929461 0.219312 4.247995
v -1.929461 0.194423 4.261299
v -1.929461 0.172607 4.279202
v -1.929461 0.141401 4.325906
v -1.929461 0.133209 4.352912
vt 0.625000 0.750000
vt 0.625000 0.750000
vt 0.875000 0.750000
vt 0.875000 0.750000
vt 0.625000 0.750000
vt 0.875000 0.750000
vt 0.625000 0.750000
vt 0.875000 0.750000
vt 0.625000 0.251838
vt 0.625000 0.251876
vt 0.625000 0.498124
vt 0.625000 0.498162
vt 0.625000 0.250000
vt 0.625000 0.250000
vt 0.625000 0.250000
vt 0.625000 0.250000
vt 0.625000 0.250000
vt 0.625000 0.250000
vt 0.625000 0.250000
vt 0.625000 0.250000
vt 0.625000 0.250000
vt 0.625000 0.250000
vt 0.625000 0.250000
vt 0.625000 0.250000
vt 0.625000 0.250000
vt 0.625000 0.250000
vt 0.625000 0.250000
vt 0.625000 0.250000
vt 0.625000 0.750000
vt 0.875000 0.750000
vt 0.625000 0.750000
vt 0.875000 0.750000
vt 0.625000 0.750000
vt 0.875000 0.750000
vt 0.625000 0.750000
vt 0.875000 0.750000
vt 0.625000 0.750000
vt 0.875000 0.750000
vt 0.875000 0.750000
vt 0.625000 0.750000
vt 0.625000 0.750000
vt 0.875000 0.750000
vt 0.875000 0.750000
vt 0.625000 0.750000
vt 0.625000 0.500000
vt 0.875000 0.500000
vt 0.625000 0.500000
vt 0.625000 0.500000
vt 0.625000 0.500000
vt 0.625000 0.500000
vt 0.625000 0.500000
vt 0.625000 0.500000
vt 0.625000 0.500000
vt 0.875000 0.750000
vt 0.625000 0.750000
vt 0.875000 0.750000
vt 0.625000 0.750000
vt 0.875000 0.750000
vt 0.625000 0.750000
vt 0.875000 0.750000
vt 0.625000 0.750000
vt 0.625000 0.500000
vt 0.625000 0.500000
vt 0.625000 0.252023
vt 0.625000 0.252255
vt 0.625000 0.497745
vt 0.625000 0.497977
vt 0.625000 0.500000
vt 0.625000 0.500000
vt 0.625000 0.500000
vt 0.625000 0.252645
vt 0.625000 0.497355
vt 0.625000 0.500000
vt 0.625000 0.500000
vt 0.625000 0.252830
vt 0.625000 0.497170
vt 0.625000 0.500000
vt 0.625000 0.285120
vt 0.625000 0.291018
vt 0.625000 0.458982
vt 0.625000 0.464880
vt 0.625000 0.500856
vt 0.625000 0.348242
vt 0.625000 0.350653
vt 0.625000 0.399347
vt 0.625000 0.401758
vt 0.875000 0.500000
vt 0.875000 0.500000
vt 0.875000 0.500856
vt 0.875000 0.500000
vt 0.875000 0.500000
vt 0.625000 0.500000
vt 0.625000 0.500000
vt 0.625000 0.500000
vt 0.625000 0.499066
vt 0.625000 0.499082
vt 0.625000 0.500000
vt 0.625000 0.250918
vt 0.625000 0.250934
vt 0.625000 0.250000
vt 0.625000 0.250000
vt 0.625000 0.499007
vt 0.625000 0.500000
vt 0.625000 0.250993
vt 0.625000 0.250000
vt 0.625000 0.498925
vt 0.625000 0.500000
vt 0.625000 0.251075
vt 0.625000 0.250000
vt 0.625000 0.498816
vt 0.625000 0.500000
vt 0.625000 0.251184
vt 0.625000 0.250000
vt 0.625000 0.490993
vt 0.625000 0.500000
vt 0.625000 0.259007
vt 0.625000 0.250000
vt 0.625000 0.467667
vt 0.625000 0.500000
vt 0.625000 0.282333
vt 0.625000 0.250000
vt 0.625000 0.499987
vt 0.625000 0.250013
vt 0.625000 0.452928
vt 0.625000 0.297072
vt 0.346828 1.000000
vt 0.153172 1.000000
vt 0.156356 1.000000
vt 0.162476 1.000000
vt 0.171513 1.000000
vt 0.183350 1.000000
vt 0.197670 1.000000
vt 0.213975 1.000000
vt 0.231642 1.000000
vt 0.250000 1.000000
vt 0.268358 1.000000
vt 0.286024 1.000000
vt 0.302329 1.000000
vt 0.316651 1.000000
vt 0.328486 1.000000
vt 0.337524 1.000000
vt 0.343644 1.000000
vt 0.500000 0.516227
vt 0.500000 0.983773
vt 0.468750 0.983773
vt 0.468750 0.516227
vt 0.437500 0.983773
vt 0.437500 0.516227
vt 0.406250 0.983773
vt 0.406250 0.516227
vt 0.375000 0.983773
vt 0.375000 0.516227
vt 0.343750 0.983773
vt 0.343750 0.516227
vt 0.312500 0.983773
vt 0.312500 0.516227
vt 0.281250 0.983773
vt 0.281250 0.516227
vt 0.250000 0.983773
vt 0.250000 0.516227
vt 0.218750 0.983773
vt 0.218750 0.516227
vt 0.187500 0.983773
vt 0.187500 0.516227
vt 0.156250 0.983773
vt 0.156250 0.516227
vt 0.125000 0.983773
vt 0.125000 0.516227
vt 0.093750 0.983773
vt 0.093750 0.516227
vt 0.062500 0.983773
vt 0.062500 0.516227
vt 0.031250 0.983773
vt 0.031250 0.516227
vt 0.153172 0.500000
vt 0.346828 0.500000
vt 0.343644 0.500000
vt 0.337524 0.500000
vt 0.328487 0.500000
vt 0.316651 0.500000
vt 0.302329 0.500000
vt 0.286024 0.500000
vt 0.268358 0.500000
vt 0.250000 0.500000
vt 0.231642 0.500000
vt 0.213975 0.500000
vt 0.197670 0.500000
vt 0.183350 0.500000
vt 0.171514 0.500000
vt 0.162476 0.500000
vt 0.156356 0.500000
vt 0.468752 0.510017
vt 0.499159 0.510017
vt 0.468760 0.500000
vt 0.496762 0.500000
vt 0.396686 0.500000
vt 0.405444 0.500000
vt 0.499159 0.989983
vt 0.468752 0.989983
vt 0.496762 1.000000
vt 0.468759 1.000000
vt 0.405444 1.000000
vt 0.396686 1.000000
vt 0.437504 0.510017
vt 0.437517 0.500000
vt 0.382518 0.500000
vt 0.437504 0.989983
vt 0.437516 1.000000
vt 0.382518 1.000000
vt 0.406255 0.510017
vt 0.406270 0.500000
vt 0.364608 0.500000
vt 0.406255 0.989983
vt 0.406270 1.000000
vt 0.364607 1.000000
vt 0.375005 0.510017
vt 0.375021 0.500000
vt 0.344168 0.500000
vt 0.375005 0.989983
vt 0.375021 1.000000
vt 0.344168 1.000000
vt 0.343755 0.510017
vt 0.343768 0.500000
vt 0.321983 0.500000
vt 0.343755 0.989983
vt 0.343768 1.000000
vt 0.321983 1.000000
vt 0.312503 0.510017
vt 0.312513 0.500000
vt 0.298609 0.500000
vt 0.312503 0.989983
vt 0.312513 1.000000
vt 0.298609 1.000000
vt 0.281252 0.510017
vt 0.281257 0.500000
vt 0.274486 0.500000
vt 0.281252 0.989983
vt 0.281257 1.000000
vt 0.274486 1.000000
vt 0.250000 0.510017
vt 0.250000 0.500000
vt 0.250000 0.500000
vt 0.250000 0.989983
vt 0.250000 1.000000
vt 0.250000 1.000000
vt 0.218748 0.510017
vt 0.218743 0.500000
vt 0.225514 0.500000
vt 0.218748 0.989983
vt 0.218743 1.000000
vt 0.225514 1.000000
vt 0.187497 0.510017
vt 0.187487 0.500000
vt 0.201390 0.500000
vt 0.187497 0.989983
vt 0.187488 1.000000
vt 0.201390 1.000000
vt 0.156245 0.510017
vt 0.156232 0.500000
vt 0.178016 0.500000
vt 0.156245 0.989983
vt 0.156232 1.000000
vt 0.178016 1.000000
vt 0.124995 0.510017
vt 0.124979 0.500000
vt 0.155833 0.500000
vt 0.124995 0.989983
vt 0.124979 1.000000
vt 0.155833 1.000000
vt 0.093745 0.510017
vt 0.093730 0.500000
vt 0.135393 0.500000
vt 0.093745 0.989983
vt 0.093730 1.000000
vt 0.135393 1.000000
vt 0.062496 0.510017
vt 0.062484 0.500000
vt 0.117482 0.500000
vt 0.062496 0.989983
vt 0.062484 1.000000
vt 0.117482 1.000000
vt 0.031247 0.510017
vt 0.031240 0.500000
vt 0.103313 0.500000
vt 0.031247 0.989983
vt 0.031240 1.000000
vt 0.103313 1.000000
vt 0.000000 0.516227
vt 0.000841 0.510017
vt 0.003238 0.500000
vt 0.094555 0.500000
vt 0.000000 0.983773
vt 0.000841 0.989983
vt 0.003238 1.000000
vt 0.094555 1.000000
vt 0.750000 0.312500
vt 0.750000 0.375000
vt 0.718750 0.375000
vt 0.718750 0.312500
vt 0.750000 0.250000
vt 0.718750 0.250000
vt 0.750000 0.187500
vt 0.718750 0.187500
vt 0.750000 0.125000
vt 0.718750 0.125000
vt 0.750000 0.062500
vt 0.718750 0.062500
vt 0.734375 0.000000
vt 0.750000 0.437500
vt 0.750000 0.500000
vt 0.718750 0.500000
vt 0.718750 0.437500
vt 0.687500 0.500000
vt 0.687500 0.437500
vt 0.687500 0.375000
vt 0.687500 0.312500
vt 0.687500 0.250000
vt 0.687500 0.187500
vt 0.687500 0.125000
vt 0.687500 0.062500
vt 0.703125 0.000000
vt 0.656250 0.250000
vt 0.656250 0.187500
vt 0.656250 0.125000
vt 0.656250 0.062500
vt 0.671875 0.000000
vt 0.656250 0.500000
vt 0.656250 0.437500
vt 0.656250 0.375000
vt 0.656250 0.312500
vt 0.625000 0.437500
vt 0.625000 0.375000
vt 0.625000 0.312500
vt 0.625000 0.250000
vt 0.625000 0.187500
vt 0.625000 0.125000
vt 0.625000 0.062500
vt 0.640625 0.000000
vt 0.625000 0.500000
vt 0.593750 0.187500
vt 0.593750 0.125000
vt 0.593750 0.062500
vt 0.609375 0.000000
vt 0.593750 0.500000
vt 0.593750 0.437500
vt 0.593750 0.375000
vt 0.593750 0.312500
vt 0.593750 0.250000
vt 0.562500 0.375000
vt 0.562500 0.312500
vt 0.562500 0.250000
vt 0.562500 0.187500
vt 0.562500 0.125000
vt 0.562500 0.062500
vt 0.578125 0.000000
vt 0.562500 0.500000
vt 0.562500 0.437500
vt 0.531250 0.125000
vt 0.531250 0.062500
vt 0.546875 0.000000
vt 0.531250 0.500000
vt 0.531250 0.437500
vt 0.531250 0.375000
vt 0.531250 0.312500
vt 0.531250 0.250000
vt 0.531250 0.187500
vt 0.500000 0.375000
vt 0.500000 0.312500
vt 0.500000 0.250000
vt 0.500000 0.187500
vt 0.500000 0.125000
vt 0.500000 0.062500
vt 0.515625 0.000000
vt 0.500000 0.500000
vt 0.500000 0.437500
vt 0.468750 0.125000
vt 0.468750 0.062500
vt 0.484375 0.000000
vt 0.468750 0.500000
vt 0.468750 0.437500
vt 0.468750 0.375000
vt 0.468750 0.312500
vt 0.468750 0.250000
vt 0.468750 0.187500
vt 0.437500 0.312500
vt 0.437500 0.250000
vt 0.437500 0.187500
vt 0.437500 0.125000
vt 0.437500 0.062500
vt 0.453125 0.000000
vt 0.437500 0.500000
vt 0.437500 0.437500
vt 0.437500 0.375000
vt 0.421875 0.000000
vt 0.406250 0.062500
vt 0.406250 0.500000
vt 0.406250 0.437500
vt 0.406250 0.375000
vt 0.406250 0.312500
vt 0.406250 0.250000
vt 0.406250 0.187500
vt 0.406250 0.125000
vt 0.375000 0.312500
vt 0.375000 0.250000
vt 0.375000 0.187500
vt 0.375000 0.125000
vt 0.375000 0.062500
vt 0.390625 0.000000
vt 0.375000 0.500000
vt 0.375000 0.437500
vt 0.375000 0.375000
vt 0.359375 0.000000
vt 0.343750 0.062500
vt 0.343750 0.500000
vt 0.343750 0.437500
vt 0.343750 0.375000
vt 0.343750 0.312500
vt 0.343750 0.250000
vt 0.343750 0.187500
vt 0.343750 0.125000
vt 0.312500 0.250000
vt 0.312500 0.187500
vt 0.312500 0.125000
vt 0.312500 0.062500
vt 0.328125 0.000000
vt 0.312500 0.500000
vt 0.312500 0.437500
vt 0.312500 0.375000
vt 0.312500 0.312500
vt 0.281250 0.437500
vt 0.281250 0.375000
vt 0.281250 0.312500
vt 0.281250 0.250000
vt 0.281250 0.187500
vt 0.281250 0.125000
vt 0.281250 0.062500
vt 0.296875 0.000000
vt 0.281250 0.500000
vt 0.250000 0.187500
vt 0.250000 0.125000
vt 0.250000 0.062500
vt 0.265625 0.000000
vt 0.250000 0.500000
vt 0.250000 0.437500
vt 0.250000 0.375000
vt 0.250000 0.312500
vt 0.250000 0.250000
vt 0.218750 0.437500
vt 0.218750 0.375000
vt 0.218750 0.312500
vt 0.218750 0.250000
vt 0.218750 0.187500
vt 0.218750 0.125000
vt 0.218750 0.062500
vt 0.234375 0.000000
vt 0.218750 0.500000
vt 0.187500 0.187500
vt 0.187500 0.125000
vt 0.187500 0.062500
vt 0.203125 0.000000
vt 0.187500 0.500000
vt 0.187500 0.437500
vt 0.187500 0.375000
vt 0.187500 0.312500
vt 0.187500 0.250000
vt 0.156250 0.375000
vt 0.156250 0.312500
vt 0.156250 0.250000
vt 0.156250 0.187500
vt 0.156250 0.125000
vt 0.156250 0.062500
vt 0.171875 0.000000
vt 0.156250 0.500000
vt 0.156250 0.437500
vt 0.125000 0.125000
vt 0.125000 0.062500
vt 0.140625 0.000000
vt 0.125000 0.500000
vt 0.125000 0.437500
vt 0.125000 0.375000
vt 0.125000 0.312500
vt 0.125000 0.250000
vt 0.125000 0.187500
vt 0.093750 0.375000
vt 0.093750 0.312500
vt 0.093750 0.250000
vt 0.093750 0.187500
vt 0.093750 0.125000
vt 0.093750 0.062500
vt 0.109375 0.000000
vt 0.093750 0.500000
vt 0.093750 0.437500
vt 0.062500 0.125000
vt 0.062500 0.062500
vt 0.078125 0.000000
vt 0.062500 0.500000
vt 0.062500 0.437500
vt 0.062500 0.375000
vt 0.062500 0.312500
vt 0.062500 0.250000
vt 0.062500 0.187500
vt 0.031250 0.312500
vt 0.031250 0.250000
vt 0.031250 0.187500
vt 0.031250 0.125000
vt 0.031250 0.062500
vt 0.046875 0.000000
vt 0.031250 0.500000
vt 0.031250 0.437500
vt 0.031250 0.375000
vt 0.015625 0.000000
vt 0.000000 0.062500
vt 0.000000 0.500000
vt 0.000000 0.437500
vt 0.000000 0.375000
vt 0.000000 0.312500
vt 0.000000 0.250000
vt 0.000000 0.187500
vt 0.000000 0.125000
vt 1.000000 0.187500
vt 1.000000 0.250000
vt 0.968750 0.250000
vt 0.968750 0.187500
vt 1.000000 0.125000
vt 0.968750 0.125000
vt 1.000000 0.062500
vt 0.968750 0.062500
vt 0.984375 0.000000
vt 1.000000 0.437500
vt 1.000000 0.500000
vt 0.968750 0.500000
vt 0.968750 0.437500
vt 1.000000 0.375000
vt 0.968750 0.375000
vt 1.000000 0.312500
vt 0.968750 0.312500
vt 0.937500 0.500000
vt 0.937500 0.437500
vt 0.937500 0.375000
vt 0.937500 0.312500
vt 0.937500 0.250000
vt 0.937500 0.187500
vt 0.937500 0.125000
vt 0.937500 0.062500
vt 0.953125 0.000000
vt 0.906250 0.250000
vt 0.906250 0.187500
vt 0.906250 0.125000
vt 0.906250 0.062500
vt 0.921875 0.000000
vt 0.906250 0.500000
vt 0.906250 0.437500
vt 0.906250 0.375000
vt 0.906250 0.312500
vt 0.875000 0.437500
vt 0.875000 0.375000
vt 0.875000 0.312500
vt 0.875000 0.250000
vt 0.875000 0.187500
vt 0.875000 0.125000
vt 0.875000 0.062500
vt 0.890625 0.000000
vt 0.875000 0.500000
vt 0.843750 0.187500
vt 0.843750 0.125000
vt 0.843750 0.062500
vt 0.859375 0.000000
vt 0.843750 0.500000
vt 0.843750 0.437500
vt 0.843750 0.375000
vt 0.843750 0.312500
vt 0.843750 0.250000
vt 0.812500 0.437500
vt 0.812500 0.375000
vt 0.812500 0.312500
vt 0.812500 0.250000
vt 0.812500 0.187500
vt 0.812500 0.125000
vt 0.812500 0.062500
vt 0.828125 0.000000
vt 0.812500 0.500000
vt 0.781250 0.187500
vt 0.781250 0.125000
vt 0.781250 0.062500
vt 0.796875 0.000000
vt 0.781250 0.500000
vt 0.781250 0.437500
vt 0.781250 0.375000
vt 0.781250 0.312500
vt 0.781250 0.250000
vt 0.765625 0.000000
vt 0.750000 0.312500
vt 0.750000 0.375000
vt 0.718750 0.375000
vt 0.718750 0.312500
vt 0.750000 0.250000
vt 0.718750 0.250000
vt 0.750000 0.187500
vt 0.718750 0.187500
vt 0.750000 0.125000
vt 0.718750 0.125000
vt 0.750000 0.062500
vt 0.718750 0.062500
vt 0.734375 0.000000
vt 0.750000 0.437500
vt 0.750000 0.500000
vt 0.718750 0.500000
vt 0.718750 0.437500
vt 0.687500 0.500000
vt 0.687500 0.437500
vt 0.687500 0.375000
vt 0.687500 0.312500
vt 0.687500 0.250000
vt 0.687500 0.187500
vt 0.687500 0.125000
vt 0.687500 0.062500
vt 0.703125 0.000000
vt 0.656250 0.250000
vt 0.656250 0.187500
vt 0.656250 0.125000
vt 0.656250 0.062500
vt 0.671875 0.000000
vt 0.656250 0.500000
vt 0.656250 0.437500
vt 0.656250 0.375000
vt 0.656250 0.312500
vt 0.625000 0.437500
vt 0.625000 0.375000
vt 0.625000 0.312500
vt 0.625000 0.250000
vt 0.625000 0.187500
vt 0.625000 0.125000
vt 0.625000 0.062500
vt 0.640625 0.000000
vt 0.625000 0.500000
vt 0.593750 0.187500
vt 0.593750 0.125000
vt 0.593750 0.062500
vt 0.609375 0.000000
vt 0.593750 0.500000
vt 0.593750 0.437500
vt 0.593750 0.375000
vt 0.593750 0.312500
vt 0.593750 0.250000
vt 0.562500 0.375000
vt 0.562500 0.312500
vt 0.562500 0.250000
vt 0.562500 0.187500
vt 0.562500 0.125000
vt 0.562500 0.062500
vt 0.578125 0.000000
vt 0.562500 0.500000
vt 0.562500 0.437500
vt 0.531250 0.125000
vt 0.531250 0.062500
vt 0.546875 0.000000
vt 0.531250 0.500000
vt 0.531250 0.437500
vt 0.531250 0.375000
vt 0.531250 0.312500
vt 0.531250 0.250000
vt 0.531250 0.187500
vt 0.500000 0.375000
vt 0.500000 0.312500
vt 0.500000 0.250000
vt 0.500000 0.187500
vt 0.500000 0.125000
vt 0.500000 0.062500
vt 0.515625 0.000000
vt 0.500000 0.500000
vt 0.500000 0.437500
vt 0.468750 0.125000
vt 0.468750 0.062500
vt 0.484375 0.000000
vt 0.468750 0.500000
vt 0.468750 0.437500
vt 0.468750 0.375000
vt 0.468750 0.312500
vt 0.468750 0.250000
vt 0.468750 0.187500
vt 0.437500 0.312500
vt 0.437500 0.250000
vt 0.437500 0.187500
vt 0.437500 0.125000
vt 0.437500 0.062500
vt 0.453125 0.000000
vt 0.437500 0.500000
vt 0.437500 0.437500
vt 0.437500 0.375000
vt 0.421875 0.000000
vt 0.406250 0.062500
vt 0.406250 0.500000
vt 0.406250 0.437500
vt 0.406250 0.375000
vt 0.406250 0.312500
vt 0.406250 0.250000
vt 0.406250 0.187500
vt 0.406250 0.125000
vt 0.375000 0.312500
vt 0.375000 0.250000
vt 0.375000 0.187500
vt 0.375000 0.125000
vt 0.375000 0.062500
vt 0.390625 0.000000
vt 0.375000 0.500000
vt 0.375000 0.437500
vt 0.375000 0.375000
vt 0.359375 0.000000
vt 0.343750 0.062500
vt 0.343750 0.500000
vt 0.343750 0.437500
vt 0.343750 0.375000
vt 0.343750 0.312500
vt 0.343750 0.250000
vt 0.343750 0.187500
vt 0.343750 0.125000
vt 0.312500 0.250000
vt 0.312500 0.187500
vt 0.312500 0.125000
vt 0.312500 0.062500
vt 0.328125 0.000000
vt 0.312500 0.500000
vt 0.312500 0.437500
vt 0.312500 0.375000
vt 0.312500 0.312500
vt 0.281250 0.437500
vt 0.281250 0.375000
vt 0.281250 0.312500
vt 0.281250 0.250000
vt 0.281250 0.187500
vt 0.281250 0.125000
vt 0.281250 0.062500
vt 0.296875 0.000000
vt 0.281250 0.500000
vt 0.250000 0.187500
vt 0.250000 0.125000
vt 0.250000 0.062500
vt 0.265625 0.000000
vt 0.250000 0.500000
vt 0.250000 0.437500
vt 0.250000 0.375000
vt 0.250000 0.312500
vt 0.250000 0.250000
vt 0.218750 0.437500
vt 0.218750 0.375000
vt 0.218750 0.312500
vt 0.218750 0.250000
vt 0.218750 0.187500
vt 0.218750 0.125000
vt 0.218750 0.062500
vt 0.234375 0.000000
vt 0.218750 0.500000
vt 0.187500 0.187500
vt 0.187500 0.125000
vt 0.187500 0.062500
vt 0.203125 0.000000
vt 0.187500 0.500000
vt 0.187500 0.437500
vt 0.187500 0.375000
vt 0.187500 0.312500
vt 0.187500 0.250000
vt 0.156250 0.375000
vt 0.156250 0.312500
vt 0.156250 0.250000
vt 0.156250 0.187500
vt 0.156250 0.125000
vt 0.156250 0.062500
vt 0.171875 0.000000
vt 0.156250 0.500000
vt 0.156250 0.437500
vt 0.125000 0.125000
vt 0.125000 0.062500
vt 0.140625 0.000000
vt 0.125000 0.500000
vt 0.125000 0.437500
vt 0.125000 0.375000
vt 0.125000 0.312500
vt 0.125000 0.250000
vt 0.125000 0.187500
vt 0.093750 0.375000
vt 0.093750 0.312500
vt 0.093750 0.250000
vt 0.093750 0.187500
vt 0.093750 0.125000
vt 0.093750 0.062500
vt 0.109375 0.000000
vt 0.093750 0.500000
vt 0.093750 0.437500
vt 0.062500 0.125000
vt 0.062500 0.062500
vt 0.078125 0.000000
vt 0.062500 0.500000
vt 0.062500 0.437500
vt 0.062500 0.375000
vt 0.062500 0.312500
vt 0.062500 0.250000
vt 0.062500 0.187500
vt 0.031250 0.312500
vt 0.031250 0.250000
vt 0.031250 0.187500
vt 0.031250 0.125000
vt 0.031250 0.062500
vt 0.046875 0.000000
vt 0.031250 0.500000
vt 0.031250 0.437500
vt 0.031250 0.375000
vt 0.015625 0.000000
vt 0.000000 0.062500
vt 0.000000 0.500000
vt 0.000000 0.437500
vt 0.000000 0.375000
vt 0.000000 0.312500
vt 0.000000 0.250000
vt 0.000000 0.187500
vt 0.000000 0.125000
vt 1.000000 0.187500
vt 1.000000 0.250000
vt 0.968750 0.250000
vt 0.968750 0.187500
vt 1.000000 0.125000
vt 0.968750 0.125000
vt 1.000000 0.062500
vt 0.968750 0.062500
vt 0.984375 0.000000
vt 1.000000 0.437500
vt 1.000000 0.500000
vt 0.968750 0.500000
vt 0.968750 0.437500
vt 1.000000 0.375000
vt 0.968750 0.375000
vt 1.000000 0.312500
vt 0.968750 0.312500
vt 0.937500 0.500000
vt 0.937500 0.437500
vt 0.937500 0.375000
vt 0.937500 0.312500
vt 0.937500 0.250000
vt 0.937500 0.187500
vt 0.937500 0.125000
vt 0.937500 0.062500
vt 0.953125 0.000000
vt 0.906250 0.250000
vt 0.906250 0.187500
vt 0.906250 0.125000
vt 0.906250 0.062500
vt 0.921875 0.000000
vt 0.906250 0.500000
vt 0.906250 0.437500
vt 0.906250 0.375000
vt 0.906250 0.312500
vt 0.875000 0.437500
vt 0.875000 0.375000
vt 0.875000 0.312500
vt 0.875000 0.250000
vt 0.875000 0.187500
vt 0.875000 0.125000
vt 0.875000 0.062500
vt 0.890625 0.000000
vt 0.875000 0.500000
vt 0.843750 0.187500
vt 0.843750 0.125000
vt 0.843750 0.062500
vt 0.859375 0.000000
vt 0.843750 0.500000
vt 0.843750 0.437500
vt 0.843750 0.375000
vt 0.843750 0.312500
vt 0.843750 0.250000
vt 0.812500 0.437500
vt 0.812500 0.375000
vt 0.812500 0.312500
vt 0.812500 0.250000
vt 0.812500 0.187500
vt 0.812500 0.125000
vt 0.812500 0.062500
vt 0.828125 0.000000
vt 0.812500 0.500000
vt 0.781250 0.187500
vt 0.781250 0.125000
vt 0.781250 0.062500
vt 0.796875 0.000000
vt 0.781250 0.500000
vt 0.781250 0.437500
vt 0.781250 0.375000
vt 0.781250 0.312500
vt 0.781250 0.250000
vt 0.765625 0.000000
vn 0.0000 -0.9977 -0.0672
vn 0.0000 -0.9929 -0.1191
vn 0.0000 -0.9977 -0.0678
vn 0.0000 -0.9804 -0.1971
vn 0.1272 -0.9861 0.1072
vn 0.1175 -0.9870 0.1097
vn -0.1175 -0.9870 0.1097
vn -0.1272 -0.9861 0.1072
vn 0.9498 -0.1521 0.2733
vn 0.9894 -0.1225 0.0784
vn 0.9995 0.0000 0.0331
vn 0.9623 0.0000 0.2721
vn 0.8063 -0.1354 0.5758
vn 0.8165 0.0000 0.5773
vn 0.5930 -0.1008 0.7989
vn 0.5914 0.0000 0.8064
vn 0.3432 -0.0645 0.9370
vn 0.3383 0.0000 0.9410
vn 0.1270 -0.0974 0.9871
vn 0.1488 0.0000 0.9889
vn 0.0403 -0.1173 0.9923
vn 0.0420 0.0000 0.9991
vn 0.0167 -0.1147 0.9933
vn 0.0174 0.0000 0.9998
vn 0.0000 -0.9908 -0.1350
vn 0.0000 -0.9876 -0.1568
vn 0.0000 -0.9931 -0.1176
vn 0.0000 -0.7759 -0.6309
vn 0.0000 1.0000 -0.0000
vn -0.0588 0.0000 -0.9983
vn -0.1952 0.0000 -0.9808
vn -0.1932 0.0000 -0.9812
vn -0.0585 0.0000 -0.9983
vn -0.1270 -0.0974 0.9871
vn -0.0403 -0.1173 0.9923
vn -0.0420 0.0000 0.9991
vn -0.1488 0.0000 0.9889
vn 0.1060 -0.9742 0.1993
vn 0.0979 -0.9393 0.3288
vn -0.0979 -0.9393 0.3288
vn -0.1060 -0.9742 0.1993
vn 0.0182 0.0000 -0.9998
vn -0.0182 0.0000 -0.9998
vn -0.0180 0.0000 -0.9998
vn 0.0180 0.0000 -0.9998
vn 0.9828 0.0000 -0.1846
vn 0.9116 0.0000 -0.4111
vn 0.9062 0.0000 -0.4228
vn 0.9821 0.0000 -0.1883
vn -0.9498 -0.1521 0.2733
vn -0.8063 -0.1354 0.5758
vn -0.8165 0.0000 0.5773
vn -0.9623 0.0000 0.2721
vn 0.0588 0.0000 -0.9983
vn 0.0585 0.0000 -0.9983
vn -0.0167 -0.1147 0.9933
vn -0.0174 0.0000 0.9998
vn 0.0737 -0.8970 0.4358
vn -0.0737 -0.8970 0.4358
vn -0.7389 0.0000 -0.6739
vn -0.9116 0.0000 -0.4111
vn -0.9062 0.0000 -0.4228
vn -0.7301 0.0000 -0.6834
vn -0.5930 -0.1008 0.7989
vn -0.5914 0.0000 0.8064
vn -0.9828 0.0000 -0.1846
vn -0.9988 0.0000 -0.0490
vn -0.9987 0.0000 -0.0501
vn -0.9821 0.0000 -0.1883
vn -0.9894 -0.1225 0.0784
vn -0.9995 0.0000 0.0331
vn 0.7389 0.0000 -0.6739
vn 0.4719 0.0000 -0.8816
vn 0.4655 0.0000 -0.8851
vn 0.7301 0.0000 -0.6834
vn 0.0637 -0.8841 0.4629
vn -0.0637 -0.8841 0.4629
vn 0.9988 0.0000 -0.0490
vn 0.9987 0.0000 -0.0501
vn -0.4719 0.0000 -0.8816
vn -0.4655 0.0000 -0.8851
vn -0.3432 -0.0645 0.9370
vn -0.3383 0.0000 0.9410
vn 0.1952 0.0000 -0.9808
vn 0.1932 0.0000 -0.9812
vn 0.0059 -0.9371 0.3490
vn -0.0059 -0.9371 0.3490
vn -0.9984 -0.0397 0.0398
vn 0.0023 -0.9172 0.3985
vn -0.0023 -0.9172 0.3985
vn 0.9281 -0.3093 0.2073
vn 0.9984 -0.0397 0.0398
vn 0.6043 -0.7518 0.2637
vn 0.3909 -0.8946 0.2167
vn 0.4267 -0.8225 0.3760
vn -0.3909 -0.8946 0.2167
vn -0.4267 -0.8225 0.3760
vn -0.6043 -0.7518 0.2637
vn -0.9281 -0.3093 0.2073
vn -0.4400 -0.8767 0.1943
vn -0.6089 -0.7640 0.2136
vn -0.9093 -0.3060 0.2820
vn 0.4400 -0.8767 0.1943
vn 0.6089 -0.7640 0.2136
vn 0.9093 -0.3060 0.2820
vn -0.3886 -0.8392 0.3805
vn -0.6861 -0.4967 0.5316
vn 0.3886 -0.8392 0.3805
vn 0.6861 -0.4967 0.5316
vn -0.3159 -0.7399 0.5940
vn -0.5195 -0.4005 0.7548
vn 0.3159 -0.7398 0.5940
vn 0.5195 -0.4005 0.7548
vn -0.2175 -0.6233 0.7512
vn -0.3187 -0.2817 0.9050
vn 0.2175 -0.6233 0.7512
vn 0.3187 -0.2817 0.9050
vn -0.1163 -0.6486 0.7522
vn -0.1252 -0.3636 0.9231
vn 0.1163 -0.6486 0.7522
vn 0.1252 -0.3636 0.9231
vn -0.0197 -0.7522 0.6587
vn -0.0332 -0.4263 0.9040
vn 0.0197 -0.7522 0.6587
vn 0.0332 -0.4263 0.9040
vn -0.0135 -0.4151 0.9097
vn 0.0135 -0.4151 0.9097
vn -0.0079 -0.7346 0.6784
vn 0.0079 -0.7346 0.6784
vn -0.9945 -0.0110 0.1040
vn -0.9945 -0.0110 -0.1040
vn -0.9946 -0.0217 -0.1016
vn -0.9946 -0.0422 -0.0949
vn -0.9946 -0.0604 -0.0843
vn -0.9946 -0.0758 -0.0705
vn -0.9946 -0.0879 -0.0546
vn -0.9946 -0.0964 -0.0373
vn -0.9947 -0.1015 -0.0188
vn -0.9947 -0.1032 -0.0000
vn -0.9947 -0.1015 0.0188
vn -0.9946 -0.0964 0.0373
vn -0.9946 -0.0879 0.0546
vn -0.9946 -0.0758 0.0705
vn -0.9946 -0.0604 0.0843
vn -0.9946 -0.0422 0.0949
vn -0.9946 -0.0217 0.1016
vn 0.0974 -0.1048 0.9897
vn -0.0974 -0.1048 0.9897
vn -0.0979 -0.2079 0.9732
vn 0.0979 -0.2079 0.9732
vn -0.0979 -0.4044 0.9093
vn 0.0979 -0.4044 0.9093
vn -0.0979 -0.5802 0.8086
vn 0.0979 -0.5802 0.8086
vn -0.0979 -0.7283 0.6782
vn 0.0979 -0.7283 0.6782
vn -0.0979 -0.8450 0.5257
vn 0.0979 -0.8450 0.5257
vn -0.0979 -0.9285 0.3581
vn 0.0979 -0.9285 0.3581
vn -0.0979 -0.9786 0.1812
vn 0.0979 -0.9786 0.1812
vn -0.0979 -0.9952 -0.0000
vn 0.0979 -0.9952 -0.0000
vn -0.0979 -0.9786 -0.1812
vn 0.0979 -0.9786 -0.1812
vn -0.0979 -0.9285 -0.3581
vn 0.0979 -0.9285 -0.3581
vn -0.0979 -0.8450 -0.5257
vn 0.0979 -0.8450 -0.5257
vn -0.0979 -0.7283 -0.6782
vn 0.0979 -0.7283 -0.6782
vn -0.0979 -0.5802 -0.8086
vn 0.0979 -0.5802 -0.8086
vn -0.0979 -0.4044 -0.9093
vn 0.0979 -0.4044 -0.9093
vn -0.0979 -0.2079 -0.9732
vn 0.0979 -0.2079 -0.9732
vn 0.9945 -0.0110 -0.1040
vn 0.9945 -0.0110 0.1040
vn 0.9946 -0.0217 0.1016
vn 0.9946 -0.0422 0.0949
vn 0.9946 -0.0605 0.0843
vn 0.9946 -0.0758 0.0706
vn 0.9946 -0.0878 0.0546
vn 0.9946 -0.0964 0.0372
vn 0.9947 -0.1015 0.0188
vn 0.9947 -0.1032 -0.0000
vn 0.9947 -0.1015 -0.0188
vn 0.9946 -0.0964 -0.0372
vn 0.9946 -0.0878 -0.0546
vn 0.9946 -0.0758 -0.0706
vn 0.9946 -0.0605 -0.0843
vn 0.9946 -0.0422 -0.0949
vn 0.9946 -0.0217 -0.1016
vn 0.3798 -0.1932 0.9047
vn 0.3780 -0.0975 0.9207
vn 0.7025 -0.1487 0.6960
vn 0.7004 -0.0752 0.7097
vn 0.9200 -0.0819 0.3834
vn 0.9192 -0.0415 0.3917
vn -0.3780 -0.0975 0.9207
vn -0.3798 -0.1932 0.9047
vn -0.7004 -0.0752 0.7097
vn -0.7025 -0.1487 0.6960
vn -0.9192 -0.0415 0.3917
vn -0.9200 -0.0819 0.3834
vn 0.3798 -0.3759 0.8452
vn 0.7025 -0.2892 0.6503
vn 0.9200 -0.1593 0.3581
vn -0.3798 -0.3759 0.8452
vn -0.7025 -0.2892 0.6503
vn -0.9200 -0.1593 0.3581
vn 0.3798 -0.5393 0.7516
vn 0.7026 -0.4149 0.5782
vn 0.9201 -0.2284 0.3183
vn -0.3798 -0.5393 0.7516
vn -0.7026 -0.4148 0.5782
vn -0.9201 -0.2283 0.3183
vn 0.3799 -0.6770 0.6304
vn 0.7026 -0.5207 0.4849
vn 0.9202 -0.2865 0.2668
vn -0.3799 -0.6770 0.6304
vn -0.7027 -0.5207 0.4849
vn -0.9202 -0.2866 0.2667
vn 0.3799 -0.7854 0.4887
vn 0.7027 -0.6041 0.3758
vn 0.9203 -0.3322 0.2067
vn -0.3799 -0.7854 0.4887
vn -0.7027 -0.6041 0.3758
vn -0.9203 -0.3323 0.2066
vn 0.3799 -0.8630 0.3329
vn 0.7028 -0.6637 0.2560
vn 0.9203 -0.3649 0.1408
vn -0.3799 -0.8630 0.3329
vn -0.7028 -0.6637 0.2560
vn -0.9203 -0.3649 0.1408
vn 0.3800 -0.9095 0.1685
vn 0.7028 -0.6995 0.1295
vn 0.9204 -0.3845 0.0712
vn -0.3800 -0.9095 0.1685
vn -0.7028 -0.6995 0.1295
vn -0.9204 -0.3845 0.0712
vn 0.3800 -0.9250 -0.0000
vn 0.7028 -0.7113 -0.0000
vn 0.9204 -0.3910 -0.0000
vn -0.3800 -0.9250 -0.0000
vn -0.7028 -0.7113 -0.0000
vn -0.9204 -0.3910 -0.0000
vn 0.3800 -0.9095 -0.1685
vn 0.7028 -0.6995 -0.1295
vn 0.9204 -0.3845 -0.0712
vn -0.3800 -0.9095 -0.1685
vn -0.7028 -0.6995 -0.1295
vn -0.9204 -0.3845 -0.0712
vn 0.3799 -0.8630 -0.3329
vn 0.7028 -0.6637 -0.2560
vn 0.9203 -0.3649 -0.1408
vn -0.3799 -0.8630 -0.3329
vn -0.7028 -0.6637 -0.2560
vn -0.9203 -0.3649 -0.1408
vn 0.3799 -0.7854 -0.4887
vn 0.7027 -0.6041 -0.3759
vn 0.9203 -0.3322 -0.2067
vn -0.3799 -0.7854 -0.4887
vn -0.7027 -0.6041 -0.3758
vn -0.9203 -0.3323 -0.2066
vn 0.3799 -0.6770 -0.6304
vn 0.7026 -0.5207 -0.4849
vn 0.9202 -0.2865 -0.2668
vn -0.3799 -0.6770 -0.6304
vn -0.7027 -0.5207 -0.4849
vn -0.9202 -0.2866 -0.2667
vn 0.3798 -0.5393 -0.7516
vn 0.7026 -0.4149 -0.5782
vn 0.9201 -0.2284 -0.3183
vn -0.3798 -0.5393 -0.7516
vn -0.7026 -0.4148 -0.5782
vn -0.9201 -0.2283 -0.3183
vn 0.3798 -0.3759 -0.8452
vn 0.7025 -0.2892 -0.6503
vn 0.9200 -0.1593 -0.3581
vn -0.3798 -0.3759 -0.8452
vn -0.7025 -0.2892 -0.6503
vn -0.9200 -0.1593 -0.3581
vn 0.3798 -0.1932 -0.9047
vn 0.7025 -0.1487 -0.6960
vn 0.9200 -0.0819 -0.3834
vn -0.3798 -0.1932 -0.9047
vn -0.7025 -0.1487 -0.6960
vn -0.9200 -0.0819 -0.3834
vn 0.0974 -0.1048 -0.9897
vn 0.3780 -0.0975 -0.9207
vn 0.7005 -0.0752 -0.7097
vn 0.9192 -0.0415 -0.3917
vn -0.0974 -0.1048 -0.9897
vn -0.3780 -0.0975 -0.9207
vn -0.7005 -0.0752 -0.7097
vn -0.9192 -0.0415 -0.3917
vn 0.0000 -0.5528 -0.8333
vn 0.0000 -0.3805 -0.9248
vn 0.1804 -0.3805 -0.9070
vn 0.1626 -0.5528 -0.8173
vn 0.0000 -0.7041 -0.7101
vn 0.1385 -0.7041 -0.6965
vn 0.0000 -0.8286 -0.5598
vn 0.1092 -0.8286 -0.5490
vn 0.0000 -0.9217 -0.3879
vn 0.0757 -0.9217 -0.3804
vn 0.0000 -0.9796 -0.2010
vn 0.0392 -0.9796 -0.1971
vn 0.0000 -1.0000 0.0000
vn 0.0000 -0.1939 -0.9810
vn 0.0000 -0.0980 -0.9952
vn 0.1942 -0.0980 -0.9761
vn 0.1914 -0.1939 -0.9622
vn 0.3808 -0.0980 -0.9194
vn 0.3754 -0.1939 -0.9063
vn 0.3539 -0.3805 -0.8544
vn 0.3189 -0.5528 -0.7699
vn 0.2718 -0.7041 -0.6561
vn 0.2142 -0.8286 -0.5172
vn 0.1484 -0.9217 -0.3584
vn 0.0769 -0.9796 -0.1857
vn 0.3945 -0.7041 -0.5905
vn 0.3110 -0.8286 -0.4654
vn 0.2155 -0.9217 -0.3225
vn 0.1117 -0.9796 -0.1671
vn 0.5529 -0.0980 -0.8275
vn 0.5450 -0.1939 -0.8157
vn 0.5138 -0.3805 -0.7689
vn 0.4630 -0.5528 -0.6929
vn 0.6937 -0.1939 -0.6937
vn 0.6539 -0.3805 -0.6539
vn 0.5893 -0.5528 -0.5893
vn 0.5021 -0.7041 -0.5021
vn 0.3958 -0.8286 -0.3958
vn 0.2743 -0.9217 -0.2743
vn 0.1421 -0.9796 -0.1421
vn 0.7037 -0.0980 -0.7037
vn 0.4654 -0.8286 -0.3110
vn 0.3225 -0.9217 -0.2155
vn 0.1671 -0.9796 -0.1116
vn 0.8275 -0.0980 -0.5529
vn 0.8157 -0.1939 -0.5450
vn 0.7689 -0.3805 -0.5138
vn 0.6929 -0.5528 -0.4630
vn 0.5905 -0.7041 -0.3945
vn 0.8544 -0.3805 -0.3539
vn 0.7699 -0.5528 -0.3189
vn 0.6561 -0.7041 -0.2718
vn 0.5172 -0.8286 -0.2142
vn 0.3584 -0.9217 -0.1484
vn 0.1857 -0.9796 -0.0769
vn 0.9194 -0.0980 -0.3808
vn 0.9063 -0.1939 -0.3754
vn 0.3804 -0.9217 -0.0757
vn 0.1971 -0.9796 -0.0392
vn 0.9761 -0.0980 -0.1941
vn 0.9622 -0.1939 -0.1914
vn 0.9070 -0.3805 -0.1804
vn 0.8173 -0.5528 -0.1626
vn 0.6965 -0.7041 -0.1385
vn 0.5490 -0.8286 -0.1092
vn 0.9248 -0.3805 0.0000
vn 0.8333 -0.5528 0.0000
vn 0.7101 -0.7041 0.0000
vn 0.5598 -0.8286 0.0000
vn 0.3879 -0.9217 0.0000
vn 0.2010 -0.9796 0.0000
vn 0.9952 -0.0980 0.0000
vn 0.9810 -0.1939 0.0000
vn 0.3804 -0.9217 0.0757
vn 0.1971 -0.9796 0.0392
vn 0.9761 -0.0980 0.1942
vn 0.9622 -0.1939 0.1914
vn 0.9070 -0.3805 0.1804
vn 0.8173 -0.5528 0.1626
vn 0.6965 -0.7041 0.1385
vn 0.5490 -0.8286 0.1092
vn 0.7699 -0.5528 0.3189
vn 0.6561 -0.7041 0.2718
vn 0.5172 -0.8286 0.2142
vn 0.3584 -0.9217 0.1484
vn 0.1857 -0.9796 0.0769
vn 0.9194 -0.0980 0.3808
vn 0.9063 -0.1939 0.3754
vn 0.8544 -0.3805 0.3539
vn 0.1671 -0.9796 0.1117
vn 0.8275 -0.0980 0.5529
vn 0.8157 -0.1939 0.5450
vn 0.7689 -0.3805 0.5138
vn 0.6929 -0.5528 0.4630
vn 0.5905 -0.7041 0.3945
vn 0.4654 -0.8286 0.3110
vn 0.3225 -0.9217 0.2155
vn 0.5893 -0.5528 0.5893
vn 0.5021 -0.7041 0.5021
vn 0.3958 -0.8286 0.3958
vn 0.2743 -0.9217 0.2743
vn 0.1421 -0.9796 0.1421
vn 0.7037 -0.0980 0.7037
vn 0.6937 -0.1939 0.6937
vn 0.6539 -0.3805 0.6539
vn 0.1117 -0.9796 0.1671
vn 0.5529 -0.0980 0.8275
vn 0.5450 -0.1939 0.8157
vn 0.5138 -0.3805 0.7689
vn 0.4630 -0.5528 0.6929
vn 0.3945 -0.7041 0.5905
vn 0.3110 -0.8286 0.4654
vn 0.2155 -0.9217 0.3225
vn 0.2718 -0.7041 0.6561
vn 0.2142 -0.8286 0.5172
vn 0.1484 -0.9217 0.3584
vn 0.0769 -0.9796 0.1857
vn 0.3808 -0.0980 0.9194
vn 0.3754 -0.1939 0.9063
vn 0.3539 -0.3805 0.8544
vn 0.3189 -0.5528 0.7699
vn 0.1914 -0.1939 0.9622
vn 0.1804 -0.3805 0.9070
vn 0.1626 -0.5528 0.8173
vn 0.1385 -0.7041 0.6965
vn 0.1092 -0.8286 0.5490
vn 0.0757 -0.9217 0.3804
vn 0.0392 -0.9796 0.1971
vn 0.1942 -0.0980 0.9761
vn 0.0000 -0.8286 0.5598
vn 0.0000 -0.9217 0.3879
vn 0.0000 -0.9796 0.2010
vn -0.0000 -0.0980 0.9952
vn -0.0000 -0.1939 0.9810
vn 0.0000 -0.3805 0.9248
vn -0.0000 -0.5528 0.8333
vn 0.0000 -0.7041 0.7101
vn -0.1914 -0.1939 0.9622
vn -0.1804 -0.3805 0.9070
vn -0.1626 -0.5528 0.8173
vn -0.1385 -0.7041 0.6965
vn -0.1092 -0.8286 0.5490
vn -0.0757 -0.9217 0.3804
vn -0.0392 -0.9796 0.1971
vn -0.1942 -0.0980 0.9761
vn -0.2142 -0.8286 0.5172
vn -0.1484 -0.9217 0.3584
vn -0.0769 -0.9796 0.1857
vn -0.3808 -0.0980 0.9194
vn -0.3754 -0.1939 0.9063
vn -0.3539 -0.3805 0.8544
vn -0.3189 -0.5528 0.7699
vn -0.2718 -0.7041 0.6561
vn -0.5138 -0.3805 0.7689
vn -0.4630 -0.5528 0.6929
vn -0.3945 -0.7041 0.5905
vn -0.3110 -0.8286 0.4654
vn -0.2155 -0.9217 0.3225
vn -0.1117 -0.9796 0.1671
vn -0.5529 -0.0980 0.8275
vn -0.5450 -0.1939 0.8157
vn -0.2743 -0.9217 0.2743
vn -0.1421 -0.9796 0.1421
vn -0.7037 -0.0980 0.7037
vn -0.6937 -0.1939 0.6937
vn -0.6539 -0.3805 0.6539
vn -0.5893 -0.5528 0.5893
vn -0.5021 -0.7041 0.5021
vn -0.3958 -0.8286 0.3958
vn -0.7689 -0.3805 0.5138
vn -0.6929 -0.5528 0.4630
vn -0.5905 -0.7041 0.3945
vn -0.4654 -0.8286 0.3110
vn -0.3225 -0.9217 0.2155
vn -0.1671 -0.9796 0.1117
vn -0.8275 -0.0980 0.5529
vn -0.8157 -0.1939 0.5450
vn -0.3584 -0.9217 0.1484
vn -0.1857 -0.9796 0.0769
vn -0.9194 -0.0980 0.3808
vn -0.9063 -0.1939 0.3754
vn -0.8544 -0.3805 0.3539
vn -0.7699 -0.5528 0.3189
vn -0.6561 -0.7041 0.2718
vn -0.5172 -0.8286 0.2142
vn -0.8173 -0.5528 0.1626
vn -0.6965 -0.7041 0.1385
vn -0.5490 -0.8286 0.1092
vn -0.3804 -0.9217 0.0757
vn -0.1971 -0.9796 0.0392
vn -0.9761 -0.0980 0.1942
vn -0.9622 -0.1939 0.1914
vn -0.9070 -0.3805 0.1804
vn -0.2010 -0.9796 0.0000
vn -0.9952 -0.0980 0.0000
vn -0.9810 -0.1939 0.0000
vn -0.9248 -0.3805 0.0000
vn -0.8333 -0.5528 0.0000
vn -0.7101 -0.7041 0.0000
vn -0.5598 -0.8286 0.0000
vn -0.3879 -0.9217 0.0000
vn -0.6965 -0.7041 -0.1385
vn -0.5490 -0.8286 -0.1092
vn -0.3804 -0.9217 -0.0757
vn -0.1971 -0.9796 -0.0392
vn -0.9761 -0.0980 -0.1942
vn -0.9622 -0.1939 -0.1914
vn -0.9070 -0.3805 -0.1804
vn -0.8173 -0.5528 -0.1626
vn -0.9194 -0.0980 -0.3808
vn -0.9063 -0.1939 -0.3754
vn -0.8544 -0.3805 -0.3539
vn -0.7699 -0.5528 -0.3189
vn -0.6561 -0.7041 -0.2718
vn -0.5172 -0.8286 -0.2142
vn -0.3584 -0.9217 -0.1484
vn -0.1857 -0.9796 -0.0769
vn -0.5905 -0.7041 -0.3945
vn -0.4654 -0.8286 -0.3110
vn -0.3225 -0.9217 -0.2155
vn -0.1671 -0.9796 -0.1117
vn -0.8275 -0.0980 -0.5529
vn -0.8157 -0.1939 -0.5450
vn -0.7689 -0.3805 -0.5138
vn -0.6929 -0.5528 -0.4630
vn -0.6937 -0.1939 -0.6937
vn -0.6539 -0.3805 -0.6539
vn -0.5893 -0.5528 -0.5893
vn -0.5021 -0.7041 -0.5021
vn -0.3958 -0.8286 -0.3958
vn -0.2743 -0.9217 -0.2743
vn -0.1421 -0.9796 -0.1421
vn -0.7037 -0.0980 -0.7037
vn -0.3110 -0.8286 -0.4654
vn -0.2155 -0.9217 -0.3225
vn -0.1117 -0.9796 -0.1671
vn -0.5529 -0.0980 -0.8275
vn -0.5450 -0.1939 -0.8157
vn -0.5138 -0.3805 -0.7689
vn -0.4630 -0.5528 -0.6929
vn -0.3945 -0.7041 -0.5905
vn -0.3754 -0.1939 -0.9063
vn -0.3539 -0.3805 -0.8544
vn -0.3189 -0.5528 -0.7699
vn -0.2718 -0.7041 -0.6561
vn -0.2142 -0.8286 -0.5172
vn -0.1484 -0.9217 -0.3584
vn -0.0769 -0.9796 -0.1857
vn -0.3808 -0.0980 -0.9194
vn -0.1092 -0.8286 -0.5490
vn -0.0757 -0.9217 -0.3804
vn -0.0392 -0.9796 -0.1971
vn -0.1942 -0.0980 -0.9761
vn -0.1914 -0.1939 -0.9622
vn -0.1804 -0.3805 -0.9070
vn -0.1626 -0.5528 -0.8173
vn -0.1385 -0.7041 -0.6965
usemtl Musta_muovi
s 1
f 1062/1174/488 1061/1175/489 1059/1176/489 1064/1177/488
f 1063/1178/490 1062/1174/488 1064/1177/488 1060/1179/490
f 1061/1175/489 1066/1180/491 1065/1181/491 1059/1176/489
f 1108/1182/492 1118/1183/493 1121/1184/494 1112/1185/495
f 1117/1186/496 1107/1187/497 1078/1188/498 1083/1189/499
f 1125/1190/500 1117/1186/496 1083/1189/499 1085/1191/501
f 1133/1192/502 1125/1190/500 1085/1191/501 1087/1193/503
f 1141/1194/504 1133/1192/502 1087/1193/503 1089/1195/505
f 1149/1196/506 1141/1194/504 1089/1195/505 1091/1197/507
f 1157/1198/508 1149/1196/506 1091/1197/507 1093/1199/509
f 1166/1200/510 1157/1198/508 1093/1199/509 1095/1201/511
f 1066/1180/491 1068/1202/512 1067/1203/512 1065/1181/491
f 1068/1202/512 1070/1204/513 1069/1205/513 1067/1203/512
f 1070/1204/513 1072/1206/514 1071/1207/514 1069/1205/513
f 1072/1206/515 1074/1208/515 1073/1209/515 1071/1207/515
f 1079/1210/516 1081/1211/516 1075/1212/516 1077/1213/516
f 1080/1214/516 1076/1215/516 1081/1211/516 1079/1210/516
f 1077/1213/516 1075/1212/516 1097/1216/516 1098/1217/516
f 1082/1218/516 1078/1219/516 1076/1215/516 1080/1214/516
f 1078/1188/516 1082/1218/516 1084/1220/516 1083/1189/516
f 1083/1189/516 1084/1220/516 1086/1221/516 1085/1191/516
f 1085/1191/516 1086/1221/516 1088/1222/516 1087/1193/516
f 1087/1193/516 1088/1222/516 1090/1223/516 1089/1195/516
f 1089/1195/516 1090/1223/516 1092/1224/516 1091/1197/516
f 1091/1197/516 1092/1224/516 1094/1225/516 1093/1199/516
f 1093/1199/516 1094/1225/516 1096/1226/516 1095/1201/516
f 1098/1217/516 1097/1216/516 1099/1227/516 1100/1228/516
f 1100/1228/516 1099/1227/516 1101/1229/516 1102/1230/516
f 1102/1230/516 1101/1229/516 1103/1231/516 1104/1232/516
f 1104/1232/516 1103/1231/516 1105/1233/516 1106/1234/516
f 1072/1206/517 1070/1204/518 1102/1230/519 1104/1232/520
f 1154/1235/521 1162/1236/522 1094/1225/523 1092/1224/524
f 1126/1237/525 1134/1238/526 1137/1239/527 1129/1240/528
f 1073/1209/529 1074/1208/530 1106/1234/531 1105/1233/532
f 1064/1177/533 1059/1176/534 1075/1212/535 1081/1211/536
f 1122/1241/537 1130/1242/538 1086/1221/539 1084/1220/540
f 1071/1207/541 1073/1209/529 1105/1233/532 1103/1231/542
f 1169/1243/543 1166/1200/510 1095/1201/511 1096/1226/544
f 1074/1208/530 1072/1206/517 1104/1232/520 1106/1234/531
f 1162/1236/522 1169/1243/543 1096/1226/544 1094/1225/523
f 1134/1238/526 1142/1244/545 1145/1245/546 1137/1239/527
f 1066/1180/547 1061/1175/548 1077/1213/549 1098/1217/550
f 1130/1242/538 1138/1246/551 1088/1222/552 1086/1221/539
f 1062/1174/553 1063/1178/554 1080/1214/555 1079/1210/556
f 1113/1247/557 1122/1241/537 1084/1220/540 1082/1218/558
f 1065/1181/559 1067/1203/560 1099/1227/561 1097/1216/562
f 1142/1244/545 1150/1248/563 1153/1249/564 1145/1245/546
f 1060/1179/565 1064/1177/533 1081/1211/536 1076/1215/566
f 1068/1202/567 1066/1180/547 1098/1217/550 1100/1228/568
f 1138/1246/551 1146/1250/569 1090/1223/570 1088/1222/552
f 1061/1175/548 1062/1174/553 1079/1210/556 1077/1213/549
f 1067/1203/560 1069/1205/571 1101/1229/572 1099/1227/561
f 1150/1251/563 1158/1252/573 1161/1253/574 1153/1254/564
f 1070/1204/518 1068/1202/567 1100/1228/568 1102/1230/519
f 1146/1250/569 1154/1235/521 1092/1224/524 1090/1223/570
f 1118/1183/493 1126/1237/525 1129/1240/528 1121/1184/494
f 1059/1176/534 1065/1181/559 1097/1216/562 1075/1212/535
f 1063/1178/554 1114/1255/575 1113/1247/557 1082/1218/558 1080/1214/555
f 1069/1205/571 1071/1207/541 1103/1231/542 1101/1229/572
f 1158/1256/573 1165/1257/576 1170/1258/577 1161/1259/574
f 1107/1260/497 1110/1261/578 1109/1262/579
f 1110/1261/580 1111/1263/581 1109/1262/582
f 1111/1263/581 1108/1264/492 1109/1262/582
f 1112/1265/495 1115/1266/583 1114/1255/584
f 1115/1266/583 1116/1267/585 1114/1255/584
f 1116/1267/586 1113/1247/557 1114/1255/575
f 1112/1185/495 1121/1184/494 1123/1268/587 1115/1269/583
f 1115/1269/583 1123/1268/587 1124/1270/588 1116/1267/585
f 1116/1267/586 1124/1270/589 1122/1241/537 1113/1247/557
f 1118/1183/493 1108/1182/492 1111/1271/581 1120/1272/590
f 1120/1272/590 1111/1271/581 1110/1273/580 1119/1274/591
f 1119/1274/592 1110/1273/578 1107/1187/497 1117/1186/496
f 1121/1184/494 1129/1240/528 1131/1275/593 1123/1268/587
f 1123/1268/587 1131/1275/593 1132/1276/594 1124/1270/588
f 1124/1270/589 1132/1276/594 1130/1242/538 1122/1241/537
f 1126/1237/525 1118/1183/493 1120/1272/590 1128/1277/595
f 1128/1277/595 1120/1272/590 1119/1274/591 1127/1278/596
f 1127/1278/596 1119/1274/592 1117/1186/496 1125/1190/500
f 1129/1240/528 1137/1239/527 1139/1279/597 1131/1275/593
f 1131/1275/593 1139/1279/597 1140/1280/598 1132/1276/594
f 1132/1276/594 1140/1280/598 1138/1246/551 1130/1242/538
f 1134/1238/526 1126/1237/525 1128/1277/595 1136/1281/599
f 1136/1281/599 1128/1277/595 1127/1278/596 1135/1282/600
f 1135/1282/600 1127/1278/596 1125/1190/500 1133/1192/502
f 1137/1239/527 1145/1245/546 1147/1283/601 1139/1279/597
f 1139/1279/597 1147/1283/601 1148/1284/602 1140/1280/598
f 1140/1280/598 1148/1284/602 1146/1250/569 1138/1246/551
f 1142/1244/545 1134/1238/526 1136/1281/599 1144/1285/603
f 1144/1285/603 1136/1281/599 1135/1282/600 1143/1286/604
f 1143/1286/604 1135/1282/600 1133/1192/502 1141/1194/504
f 1145/1245/546 1153/1249/564 1155/1287/605 1147/1283/601
f 1147/1283/601 1155/1287/605 1156/1288/606 1148/1284/602
f 1148/1284/602 1156/1288/606 1154/1235/521 1146/1250/569
f 1150/1248/563 1142/1244/545 1144/1285/603 1152/1289/607
f 1152/1289/607 1144/1285/603 1143/1286/604 1151/1290/608
f 1151/1290/608 1143/1286/604 1141/1194/504 1149/1196/506
f 1153/1254/564 1161/1253/574 1163/1291/609 1155/1287/605
f 1155/1287/605 1163/1291/609 1164/1292/610 1156/1288/606
f 1156/1288/606 1164/1292/610 1162/1236/522 1154/1235/521
f 1158/1252/573 1150/1251/563 1152/1289/607 1160/1293/611
f 1160/1293/611 1152/1289/607 1151/1290/608 1159/1294/612
f 1159/1294/612 1151/1290/608 1149/1196/506 1157/1198/508
f 1166/1200/510 1169/1243/543 1171/1295/613 1168/1296/614
f 1168/1296/614 1171/1295/613 1172/1297/615 1167/1298/616
f 1167/1298/616 1172/1297/615 1170/1258/577 1165/1257/576
f 1161/1259/574 1170/1258/577 1172/1297/615 1163/1291/609
f 1163/1291/609 1172/1297/615 1171/1295/613 1164/1292/610
f 1164/1292/610 1171/1295/613 1169/1243/543 1162/1236/522
f 1165/1257/576 1158/1256/573 1160/1293/611 1167/1298/616
f 1167/1298/616 1160/1293/611 1159/1294/612 1168/1296/614
f 1168/1296/614 1159/1294/612 1157/1198/508 1166/1200/510
f 1107/1260/497 1109/1262/579 1060/1179/565 1076/1215/566 1078/1219/498
f 1188/1299/617 1179/1300/618 1338/1301/619 1328/1302/620 1318/1303/621 1308/1304/622 1298/1305/623 1288/1306/624 1278/1307/625 1268/1308/626 1258/1309/627 1248/1310/628 1238/1311/629 1228/1312/630 1218/1313/631 1208/1314/632 1198/1315/633
f 1183/1316/634 1189/1317/635 1199/1318/636 1194/1319/637
f 1194/1319/637 1199/1318/636 1209/1320/638 1204/1321/639
f 1204/1321/639 1209/1320/638 1219/1322/640 1214/1323/641
f 1214/1323/641 1219/1322/640 1229/1324/642 1224/1325/643
f 1224/1325/643 1229/1324/642 1239/1326/644 1234/1327/645
f 1234/1327/645 1239/1326/644 1249/1328/646 1244/1329/647
f 1244/1329/647 1249/1328/646 1259/1330/648 1254/1331/649
f 1254/1331/649 1259/1330/648 1269/1332/650 1264/1333/651
f 1264/1333/651 1269/1332/650 1279/1334/652 1274/1335/653
f 1274/1335/653 1279/1334/652 1289/1336/654 1284/1337/655
f 1284/1337/655 1289/1336/654 1299/1338/656 1294/1339/657
f 1294/1339/657 1299/1338/656 1309/1340/658 1304/1341/659
f 1304/1341/659 1309/1340/658 1319/1342/660 1314/1343/661
f 1314/1343/661 1319/1342/660 1329/1344/662 1324/1345/663
f 1324/1345/663 1329/1344/662 1339/1346/664 1334/1347/665
f 1173/1348/666 1184/1349/667 1193/1350/668 1203/1351/669 1213/1352/670 1223/1353/671 1233/1354/672 1243/1355/673 1253/1356/674 1263/1357/675 1273/1358/676 1283/1359/677 1293/1360/678 1303/1361/679 1313/1362/680 1323/1363/681 1333/1364/682
f 1183/1316/634 1194/1319/637 1197/1365/683 1185/1366/684
f 1185/1366/684 1197/1365/683 1196/1367/685 1186/1368/686
f 1186/1368/686 1196/1367/685 1195/1369/687 1187/1370/688
f 1187/1370/688 1195/1369/687 1193/1350/668 1184/1349/667
f 1199/1318/636 1189/1317/635 1192/1371/689 1202/1372/690
f 1202/1372/690 1192/1371/689 1191/1373/691 1201/1374/692
f 1201/1374/692 1191/1373/691 1190/1375/693 1200/1376/694
f 1200/1376/694 1190/1375/693 1188/1299/617 1198/1315/633
f 1194/1319/637 1204/1321/639 1207/1377/695 1197/1365/683
f 1197/1365/683 1207/1377/695 1206/1378/696 1196/1367/685
f 1196/1367/685 1206/1378/696 1205/1379/697 1195/1369/687
f 1195/1369/687 1205/1379/697 1203/1351/669 1193/1350/668
f 1209/1320/638 1199/1318/636 1202/1372/690 1212/1380/698
f 1212/1380/698 1202/1372/690 1201/1374/692 1211/1381/699
f 1211/1381/699 1201/1374/692 1200/1376/694 1210/1382/700
f 1210/1382/700 1200/1376/694 1198/1315/633 1208/1314/632
f 1204/1321/639 1214/1323/641 1217/1383/701 1207/1377/695
f 1207/1377/695 1217/1383/701 1216/1384/702 1206/1378/696
f 1206/1378/696 1216/1384/702 1215/1385/703 1205/1379/697
f 1205/1379/697 1215/1385/703 1213/1352/670 1203/1351/669
f 1219/1322/640 1209/1320/638 1212/1380/698 1222/1386/704
f 1222/1386/704 1212/1380/698 1211/1381/699 1221/1387/705
f 1221/1387/705 1211/1381/699 1210/1382/700 1220/1388/706
f 1220/1388/706 1210/1382/700 1208/1314/632 1218/1313/631
f 1214/1323/641 1224/1325/643 1227/1389/707 1217/1383/701
f 1217/1383/701 1227/1389/707 1226/1390/708 1216/1384/702
f 1216/1384/702 1226/1390/708 1225/1391/709 1215/1385/703
f 1215/1385/703 1225/1391/709 1223/1353/671 1213/1352/670
f 1229/1324/642 1219/1322/640 1222/1386/704 1232/1392/710
f 1232/1392/710 1222/1386/704 1221/1387/705 1231/1393/711
f 1231/1393/711 1221/1387/705 1220/1388/706 1230/1394/712
f 1230/1394/712 1220/1388/706 1218/1313/631 1228/1312/630
f 1224/1325/643 1234/1327/645 1237/1395/713 1227/1389/707
f 1227/1389/707 1237/1395/713 1236/1396/714 1226/1390/708
f 1226/1390/708 1236/1396/714 1235/1397/715 1225/1391/709
f 1225/1391/709 1235/1397/715 1233/1354/672 1223/1353/671
f 1239/1326/644 1229/1324/642 1232/1392/710 1242/1398/716
f 1242/1398/716 1232/1392/710 1231/1393/711 1241/1399/717
f 1241/1399/717 1231/1393/711 1230/1394/712 1240/1400/718
f 1240/1400/718 1230/1394/712 1228/1312/630 1238/1311/629
f 1234/1327/645 1244/1329/647 1247/1401/719 1237/1395/713
f 1237/1395/713 1247/1401/719 1246/1402/720 1236/1396/714
f 1236/1396/714 1246/1402/720 1245/1403/721 1235/1397/715
f 1235/1397/715 1245/1403/721 1243/1355/673 1233/1354/672
f 1249/1328/646 1239/1326/644 1242/1398/716 1252/1404/722
f 1252/1404/722 1242/1398/716 1241/1399/717 1251/1405/723
f 1251/1405/723 1241/1399/717 1240/1400/718 1250/1406/724
f 1250/1406/724 1240/1400/718 1238/1311/629 1248/1310/628
f 1244/1329/647 1254/1331/649 1257/1407/725 1247/1401/719
f 1247/1401/719 1257/1407/725 1256/1408/726 1246/1402/720
f 1246/1402/720 1256/1408/726 1255/1409/727 1245/1403/721
f 1245/1403/721 1255/1409/727 1253/1356/674 1243/1355/673
f 1259/1330/648 1249/1328/646 1252/1404/722 1262/1410/728
f 1262/1410/728 1252/1404/722 1251/1405/723 1261/1411/729
f 1261/1411/729 1251/1405/723 1250/1406/724 1260/1412/730
f 1260/1412/730 1250/1406/724 1248/1310/628 1258/1309/627
f 1254/1331/649 1264/1333/651 1267/1413/731 1257/1407/725
f 1257/1407/725 1267/1413/731 1266/1414/732 1256/1408/726
f 1256/1408/726 1266/1414/732 1265/1415/733 1255/1409/727
f 1255/1409/727 1265/1415/733 1263/1357/675 1253/1356/674
f 1269/1332/650 1259/1330/648 1262/1410/728 1272/1416/734
f 1272/1416/734 1262/1410/728 1261/1411/729 1271/1417/735
f 1271/1417/735 1261/1411/729 1260/1412/730 1270/1418/736
f 1270/1418/736 1260/1412/730 1258/1309/627 1268/1308/626
f 1264/1333/651 1274/1335/653 1277/1419/737 1267/1413/731
f 1267/1413/731 1277/1419/737 1276/1420/738 1266/1414/732
f 1266/1414/732 1276/1420/738 1275/1421/739 1265/1415/733
f 1265/1415/733 1275/1421/739 1273/1358/676 1263/1357/675
f 1279/1334/652 1269/1332/650 1272/1416/734 1282/1422/740
f 1282/1422/740 1272/1416/734 1271/1417/735 1281/1423/741
f 1281/1423/741 1271/1417/735 1270/1418/736 1280/1424/742
f 1280/1424/742 1270/1418/736 1268/1308/626 1278/1307/625
f 1274/1335/653 1284/1337/655 1287/1425/743 1277/1419/737
f 1277/1419/737 1287/1425/743 1286/1426/744 1276/1420/738
f 1276/1420/738 1286/1426/744 1285/1427/745 1275/1421/739
f 1275/1421/739 1285/1427/745 1283/1359/677 1273/1358/676
f 1289/1336/654 1279/1334/652 1282/1422/740 1292/1428/746
f 1292/1428/746 1282/1422/740 1281/1423/741 1291/1429/747
f 1291/1429/747 1281/1423/741 1280/1424/742 1290/1430/748
f 1290/1430/748 1280/1424/742 1278/1307/625 1288/1306/624
f 1284/1337/655 1294/1339/657 1297/1431/749 1287/1425/743
f 1287/1425/743 1297/1431/749 1296/1432/750 1286/1426/744
f 1286/1426/744 1296/1432/750 1295/1433/751 1285/1427/745
f 1285/1427/745 1295/1433/751 1293/1360/678 1283/1359/677
f 1299/1338/656 1289/1336/654 1292/1428/746 1302/1434/752
f 1302/1434/752 1292/1428/746 1291/1429/747 1301/1435/753
f 1301/1435/753 1291/1429/747 1290/1430/748 1300/1436/754
f 1300/1436/754 1290/1430/748 1288/1306/624 1298/1305/623
f 1294/1339/657 1304/1341/659 1307/1437/755 1297/1431/749
f 1297/1431/749 1307/1437/755 1306/1438/756 1296/1432/750
f 1296/1432/750 1306/1438/756 1305/1439/757 1295/1433/751
f 1295/1433/751 1305/1439/757 1303/1361/679 1293/1360/678
f 1309/1340/658 1299/1338/656 1302/1434/752 1312/1440/758
f 1312/1440/758 1302/1434/752 1301/1435/753 1311/1441/759
f 1311/1441/759 1301/1435/753 1300/1436/754 1310/1442/760
f 1310/1442/760 1300/1436/754 1298/1305/623 1308/1304/622
f 1304/1341/659 1314/1343/661 1317/1443/761 1307/1437/755
f 1307/1437/755 1317/1443/761 1316/1444/762 1306/1438/756
f 1306/1438/756 1316/1444/762 1315/1445/763 1305/1439/757
f 1305/1439/757 1315/1445/763 1313/1362/680 1303/1361/679
f 1319/1342/660 1309/1340/658 1312/1440/758 1322/1446/764
f 1322/1446/764 1312/1440/758 1311/1441/759 1321/1447/765
f 1321/1447/765 1311/1441/759 1310/1442/760 1320/1448/766
f 1320/1448/766 1310/1442/760 1308/1304/622 1318/1303/621
f 1314/1343/661 1324/1345/663 1327/1449/767 1317/1443/761
f 1317/1443/761 1327/1449/767 1326/1450/768 1316/1444/762
f 1316/1444/762 1326/1450/768 1325/1451/769 1315/1445/763
f 1315/1445/763 1325/1451/769 1323/1363/681 1313/1362/680
f 1329/1344/662 1319/1342/660 1322/1446/764 1332/1452/770
f 1332/1452/770 1322/1446/764 1321/1447/765 1331/1453/771
f 1331/1453/771 1321/1447/765 1320/1448/766 1330/1454/772
f 1330/1454/772 1320/1448/766 1318/1303/621 1328/1302/620
f 1324/1345/663 1334/1347/665 1337/1455/773 1327/1449/767
f 1327/1449/767 1337/1455/773 1336/1456/774 1326/1450/768
f 1326/1450/768 1336/1456/774 1335/1457/775 1325/1451/769
f 1325/1451/769 1335/1457/775 1333/1364/682 1323/1363/681
f 1339/1346/664 1329/1344/662 1332/1452/770 1342/1458/776
f 1342/1458/776 1332/1452/770 1331/1453/771 1341/1459/777
f 1341/1459/777 1331/1453/771 1330/1454/772 1340/1460/778
f 1340/1460/778 1330/1454/772 1328/1302/620 1338/1301/619
f 1334/1347/665 1174/1461/779 1177/1462/780 1337/1455/773
f 1337/1455/773 1177/1462/780 1176/1463/781 1336/1456/774
f 1336/1456/774 1176/1463/781 1175/1464/782 1335/1457/775
f 1335/1457/775 1175/1464/782 1173/1348/666 1333/1364/682
f 1178/1465/783 1339/1346/664 1342/1458/776 1180/1466/784
f 1180/1466/784 1342/1458/776 1341/1459/777 1181/1467/785
f 1181/1467/785 1341/1459/777 1340/1460/778 1182/1468/786
f 1182/1468/786 1340/1460/778 1338/1301/619 1179/1300/618
f 1334/1347/665 1339/1346/664 1178/1465/783 1174/1461/779
f 1596/1469/787 1595/1470/788 1348/1471/789 1349/1472/790
f 1597/1473/791 1596/1469/787 1349/1472/790 1350/1474/792
f 1345/1475/793 1597/1473/791 1350/1474/792 1351/1476/794
f 1598/1477/795 1345/1475/793 1351/1476/794 1352/1478/796
f 1599/1479/797 1598/1477/795 1352/1478/796 1353/1480/798
f 1450/1481/799 1599/1479/797 1353/1480/798
f 1344/1482/800 1343/1483/801 1346/1484/802 1347/1485/803
f 1595/1470/788 1344/1482/800 1347/1485/803 1348/1471/789
f 1347/1485/803 1346/1484/802 1354/1486/804 1355/1487/805
f 1348/1471/789 1347/1485/803 1355/1487/805 1356/1488/806
f 1349/1472/790 1348/1471/789 1356/1488/806 1357/1489/807
f 1350/1474/792 1349/1472/790 1357/1489/807 1358/1490/808
f 1351/1476/794 1350/1474/792 1358/1490/808 1359/1491/809
f 1352/1478/796 1351/1476/794 1359/1491/809 1360/1492/810
f 1353/1480/798 1352/1478/796 1360/1492/810 1361/1493/811
f 1450/1494/799 1353/1480/798 1361/1493/811
f 1359/1491/809 1358/1490/808 1366/1495/812 1367/1496/813
f 1360/1492/810 1359/1491/809 1367/1496/813 1368/1497/814
f 1361/1493/811 1360/1492/810 1368/1497/814 1369/1498/815
f 1450/1499/799 1361/1493/811 1369/1498/815
f 1355/1487/805 1354/1486/804 1362/1500/816 1363/1501/817
f 1356/1488/806 1355/1487/805 1363/1501/817 1364/1502/818
f 1357/1489/807 1356/1488/806 1364/1502/818 1365/1503/819
f 1358/1490/808 1357/1489/807 1365/1503/819 1366/1495/812
f 1364/1502/818 1363/1501/817 1371/1504/820 1372/1505/821
f 1365/1503/819 1364/1502/818 1372/1505/821 1373/1506/822
f 1366/1495/812 1365/1503/819 1373/1506/822 1374/1507/823
f 1367/1496/813 1366/1495/812 1374/1507/823 1375/1508/824
f 1368/1497/814 1367/1496/813 1375/1508/824 1376/1509/825
f 1369/1498/815 1368/1497/814 1376/1509/825 1377/1510/826
f 1450/1511/799 1369/1498/815 1377/1510/826
f 1363/1501/817 1362/1500/816 1370/1512/827 1371/1504/820
f 1376/1509/825 1375/1508/824 1383/1513/828 1384/1514/829
f 1377/1510/826 1376/1509/825 1384/1514/829 1385/1515/830
f 1450/1516/799 1377/1510/826 1385/1515/830
f 1371/1504/820 1370/1512/827 1378/1517/831 1379/1518/832
f 1372/1505/821 1371/1504/820 1379/1518/832 1380/1519/833
f 1373/1506/822 1372/1505/821 1380/1519/833 1381/1520/834
f 1374/1507/823 1373/1506/822 1381/1520/834 1382/1521/835
f 1375/1508/824 1374/1507/823 1382/1521/835 1383/1513/828
f 1381/1520/834 1380/1519/833 1388/1522/836 1389/1523/837
f 1382/1521/835 1381/1520/834 1389/1523/837 1390/1524/838
f 1383/1513/828 1382/1521/835 1390/1524/838 1391/1525/839
f 1384/1514/829 1383/1513/828 1391/1525/839 1392/1526/840
f 1385/1515/830 1384/1514/829 1392/1526/840 1393/1527/841
f 1450/1528/799 1385/1515/830 1393/1527/841
f 1379/1518/832 1378/1517/831 1386/1529/842 1387/1530/843
f 1380/1519/833 1379/1518/832 1387/1530/843 1388/1522/836
f 1393/1527/841 1392/1526/840 1400/1531/844 1401/1532/845
f 1450/1533/799 1393/1527/841 1401/1532/845
f 1387/1530/843 1386/1529/842 1394/1534/846 1395/1535/847
f 1388/1522/836 1387/1530/843 1395/1535/847 1396/1536/848
f 1389/1523/837 1388/1522/836 1396/1536/848 1397/1537/849
f 1390/1524/838 1389/1523/837 1397/1537/849 1398/1538/850
f 1391/1525/839 1390/1524/838 1398/1538/850 1399/1539/851
f 1392/1526/840 1391/1525/839 1399/1539/851 1400/1531/844
f 1397/1537/849 1396/1536/848 1404/1540/852 1405/1541/853
f 1398/1538/850 1397/1537/849 1405/1541/853 1406/1542/854
f 1399/1539/851 1398/1538/850 1406/1542/854 1407/1543/855
f 1400/1531/844 1399/1539/851 1407/1543/855 1408/1544/856
f 1401/1532/845 1400/1531/844 1408/1544/856 1409/1545/857
f 1450/1546/799 1401/1532/845 1409/1545/857
f 1395/1535/847 1394/1534/846 1402/1547/858 1403/1548/859
f 1396/1536/848 1395/1535/847 1403/1548/859 1404/1540/852
f 1409/1545/857 1408/1544/856 1416/1549/860 1417/1550/861
f 1450/1551/799 1409/1545/857 1417/1550/861
f 1403/1548/859 1402/1547/858 1410/1552/862 1411/1553/863
f 1404/1540/852 1403/1548/859 1411/1553/863 1412/1554/864
f 1405/1541/853 1404/1540/852 1412/1554/864 1413/1555/865
f 1406/1542/854 1405/1541/853 1413/1555/865 1414/1556/866
f 1407/1543/855 1406/1542/854 1414/1556/866 1415/1557/867
f 1408/1544/856 1407/1543/855 1415/1557/867 1416/1549/860
f 1414/1556/866 1413/1555/865 1421/1558/868 1422/1559/869
f 1415/1557/867 1414/1556/866 1422/1559/869 1423/1560/870
f 1416/1549/860 1415/1557/867 1423/1560/870 1424/1561/871
f 1417/1550/861 1416/1549/860 1424/1561/871 1425/1562/872
f 1450/1563/799 1417/1550/861 1425/1562/872
f 1411/1553/863 1410/1552/862 1418/1564/873 1419/1565/874
f 1412/1554/864 1411/1553/863 1419/1565/874 1420/1566/875
f 1413/1555/865 1412/1554/864 1420/1566/875 1421/1558/868
f 1450/1567/799 1425/1562/872 1433/1568/876
f 1419/1565/874 1418/1564/873 1426/1569/877 1427/1570/878
f 1420/1566/875 1419/1565/874 1427/1570/878 1428/1571/879
f 1421/1558/868 1420/1566/875 1428/1571/879 1429/1572/880
f 1422/1559/869 1421/1558/868 1429/1572/880 1430/1573/881
f 1423/1560/870 1422/1559/869 1430/1573/881 1431/1574/882
f 1424/1561/871 1423/1560/870 1431/1574/882 1432/1575/883
f 1425/1562/872 1424/1561/871 1432/1575/883 1433/1568/876
f 1430/1573/881 1429/1572/880 1437/1576/884 1438/1577/885
f 1431/1574/882 1430/1573/881 1438/1577/885 1439/1578/886
f 1432/1575/883 1431/1574/882 1439/1578/886 1440/1579/887
f 1433/1568/876 1432/1575/883 1440/1579/887 1441/1580/888
f 1450/1581/799 1433/1568/876 1441/1580/888
f 1427/1570/878 1426/1569/877 1434/1582/889 1435/1583/890
f 1428/1571/879 1427/1570/878 1435/1583/890 1436/1584/891
f 1429/1572/880 1428/1571/879 1436/1584/891 1437/1576/884
f 1450/1585/799 1441/1580/888 1449/1586/892
f 1435/1583/890 1434/1582/889 1442/1587/893 1443/1588/894
f 1436/1584/891 1435/1583/890 1443/1588/894 1444/1589/895
f 1437/1576/884 1436/1584/891 1444/1589/895 1445/1590/896
f 1438/1577/885 1437/1576/884 1445/1590/896 1446/1591/897
f 1439/1578/886 1438/1577/885 1446/1591/897 1447/1592/898
f 1440/1579/887 1439/1578/886 1447/1592/898 1448/1593/899
f 1441/1580/888 1440/1579/887 1448/1593/899 1449/1586/892
f 1447/1592/898 1446/1591/897 1455/1594/900 1456/1595/901
f 1448/1593/899 1447/1592/898 1456/1595/901 1457/1596/902
f 1449/1586/892 1448/1593/899 1457/1596/902 1458/1597/903
f 1450/1598/799 1449/1586/892 1458/1597/903
f 1443/1588/894 1442/1587/893 1451/1599/904 1452/1600/905
f 1444/1589/895 1443/1588/894 1452/1600/905 1453/1601/906
f 1445/1590/896 1444/1589/895 1453/1601/906 1454/1602/907
f 1446/1591/897 1445/1590/896 1454/1602/907 1455/1594/900
f 1453/1601/906 1452/1600/905 1460/1603/908 1461/1604/909
f 1454/1602/907 1453/1601/906 1461/1604/909 1462/1605/910
f 1455/1594/900 1454/1602/907 1462/1605/910 1463/1606/911
f 1456/1595/901 1455/1594/900 1463/1606/911 1464/1607/912
f 1457/1596/902 1456/1595/901 1464/1607/912 1465/1608/913
f 1458/1597/903 1457/1596/902 1465/1608/913 1466/1609/914
f 1450/1610/799 1458/1597/903 1466/1609/914
f 1452/1600/905 1451/1599/904 1459/1611/915 1460/1603/908
f 1465/1608/913 1464/1607/912 1472/1612/916 1473/1613/917
f 1466/1609/914 1465/1608/913 1473/1613/917 1474/1614/918
f 1450/1615/799 1466/1609/914 1474/1614/918
f 1460/1603/908 1459/1611/915 1467/1616/919 1468/1617/920
f 1461/1604/909 1460/1603/908 1468/1617/920 1469/1618/921
f 1462/1605/910 1461/1604/909 1469/1618/921 1470/1619/922
f 1463/1606/911 1462/1605/910 1470/1619/922 1471/1620/923
f 1464/1607/912 1463/1606/911 1471/1620/923 1472/1612/916
f 1469/1618/921 1468/1617/920 1476/1621/924 1477/1622/925
f 1470/1619/922 1469/1618/921 1477/1622/925 1478/1623/926
f 1471/1620/923 1470/1619/922 1478/1623/926 1479/1624/927
f 1472/1612/916 1471/1620/923 1479/1624/927 1480/1625/928
f 1473/1613/917 1472/1612/916 1480/1625/928 1481/1626/929
f 1474/1614/918 1473/1613/917 1481/1626/929 1482/1627/930
f 1450/1628/799 1474/1614/918 1482/1627/930
f 1468/1617/920 1467/1616/919 1475/1629/931 1476/1621/924
f 1481/1626/929 1480/1625/928 1488/1630/932 1489/1631/933
f 1482/1627/930 1481/1626/929 1489/1631/933 1490/1632/934
f 1450/1633/799 1482/1627/930 1490/1632/934
f 1476/1621/924 1475/1629/931 1483/1634/935 1484/1635/936
f 1477/1622/925 1476/1621/924 1484/1635/936 1485/1636/937
f 1478/1623/926 1477/1622/925 1485/1636/937 1486/1637/938
f 1479/1624/927 1478/1623/926 1486/1637/938 1487/1638/939
f 1480/1625/928 1479/1624/927 1487/1638/939 1488/1630/932
f 1486/1637/938 1485/1636/937 1493/1639/940 1494/1640/941
f 1487/1638/939 1486/1637/938 1494/1640/941 1495/1641/942
f 1488/1630/932 1487/1638/939 1495/1641/942 1496/1642/943
f 1489/1631/933 1488/1630/932 1496/1642/943 1497/1643/944
f 1490/1632/934 1489/1631/933 1497/1643/944 1498/1644/945
f 1450/1645/799 1490/1632/934 1498/1644/945
f 1484/1635/936 1483/1634/935 1491/1646/946 1492/1647/947
f 1485/1636/937 1484/1635/936 1492/1647/947 1493/1639/940
f 1498/1644/945 1497/1643/944 1505/1648/948 1506/1649/949
f 1450/1650/799 1498/1644/945 1506/1649/949
f 1492/1647/947 1491/1646/946 1499/1651/950 1500/1652/951
f 1493/1639/940 1492/1647/947 1500/1652/951 1501/1653/952
f 1494/1640/941 1493/1639/940 1501/1653/952 1502/1654/953
f 1495/1641/942 1494/1640/941 1502/1654/953 1503/1655/954
f 1496/1642/943 1495/1641/942 1503/1655/954 1504/1656/955
f 1497/1643/944 1496/1642/943 1504/1656/955 1505/1648/948
f 1502/1654/953 1501/1653/952 1509/1657/956 1510/1658/957
f 1503/1655/954 1502/1654/953 1510/1658/957 1511/1659/958
f 1504/1656/955 1503/1655/954 1511/1659/958 1512/1660/959
f 1505/1648/948 1504/1656/955 1512/1660/959 1513/1661/960
f 1506/1649/949 1505/1648/948 1513/1661/960 1514/1662/961
f 1450/1663/799 1506/1649/949 1514/1662/961
f 1500/1652/951 1499/1651/950 1507/1664/962 1508/1665/963
f 1501/1653/952 1500/1652/951 1508/1665/963 1509/1657/956
f 1514/1662/961 1513/1661/960 1521/1666/964 1522/1667/965
f 1450/1668/799 1514/1662/961 1522/1667/965
f 1508/1665/963 1507/1664/962 1515/1669/966 1516/1670/967
f 1509/1657/956 1508/1665/963 1516/1670/967 1517/1671/968
f 1510/1658/957 1509/1657/956 1517/1671/968 1518/1672/969
f 1511/1659/958 1510/1658/957 1518/1672/969 1519/1673/970
f 1512/1660/959 1511/1659/958 1519/1673/970 1520/1674/971
f 1513/1661/960 1512/1660/959 1520/1674/971 1521/1666/964
f 1519/1673/970 1518/1672/969 1526/1675/972 1527/1676/973
f 1520/1674/971 1519/1673/970 1527/1676/973 1528/1677/974
f 1521/1666/964 1520/1674/971 1528/1677/974 1529/1678/975
f 1522/1667/965 1521/1666/964 1529/1678/975 1530/1679/976
f 1450/1680/799 1522/1667/965 1530/1679/976
f 1516/1670/967 1515/1669/966 1523/1681/977 1524/1682/978
f 1517/1671/968 1516/1670/967 1524/1682/978 1525/1683/979
f 1518/1672/969 1517/1671/968 1525/1683/979 1526/1675/972
f 1450/1684/799 1530/1679/976 1538/1685/980
f 1524/1682/978 1523/1681/977 1531/1686/981 1532/1687/982
f 1525/1683/979 1524/1682/978 1532/1687/982 1533/1688/983
f 1526/1675/972 1525/1683/979 1533/1688/983 1534/1689/984
f 1527/1676/973 1526/1675/972 1534/1689/984 1535/1690/985
f 1528/1677/974 1527/1676/973 1535/1690/985 1536/1691/986
f 1529/1678/975 1528/1677/974 1536/1691/986 1537/1692/987
f 1530/1679/976 1529/1678/975 1537/1692/987 1538/1685/980
f 1536/1693/986 1535/1694/985 1543/1695/988 1544/1696/989
f 1537/1697/987 1536/1693/986 1544/1696/989 1545/1698/990
f 1538/1699/980 1537/1697/987 1545/1698/990 1546/1700/991
f 1450/1701/799 1538/1699/980 1546/1700/991
f 1532/1702/982 1531/1703/981 1539/1704/992 1540/1705/993
f 1533/1706/983 1532/1702/982 1540/1705/993 1541/1707/994
f 1534/1708/984 1533/1706/983 1541/1707/994 1542/1709/995
f 1535/1694/985 1534/1708/984 1542/1709/995 1543/1695/988
f 1540/1705/993 1539/1704/992 1547/1710/996 1548/1711/997
f 1541/1707/994 1540/1705/993 1548/1711/997 1549/1712/998
f 1542/1709/995 1541/1707/994 1549/1712/998 1550/1713/999
f 1543/1695/988 1542/1709/995 1550/1713/999 1551/1714/1000
f 1544/1696/989 1543/1695/988 1551/1714/1000 1552/1715/1001
f 1545/1698/990 1544/1696/989 1552/1715/1001 1553/1716/1002
f 1546/1700/991 1545/1698/990 1553/1716/1002 1554/1717/1003
f 1450/1718/799 1546/1700/991 1554/1717/1003
f 1552/1715/1001 1551/1714/1000 1559/1719/1004 1560/1720/1005
f 1553/1716/1002 1552/1715/1001 1560/1720/1005 1561/1721/1006
f 1554/1717/1003 1553/1716/1002 1561/1721/1006 1562/1722/1007
f 1450/1723/799 1554/1717/1003 1562/1722/1007
f 1548/1711/997 1547/1710/996 1555/1724/1008 1556/1725/1009
f 1549/1712/998 1548/1711/997 1556/1725/1009 1557/1726/1010
f 1550/1713/999 1549/1712/998 1557/1726/1010 1558/1727/1011
f 1551/1714/1000 1550/1713/999 1558/1727/1011 1559/1719/1004
f 1557/1726/1010 1556/1725/1009 1564/1728/1012 1565/1729/1013
f 1558/1727/1011 1557/1726/1010 1565/1729/1013 1566/1730/1014
f 1559/1719/1004 1558/1727/1011 1566/1730/1014 1567/1731/1015
f 1560/1720/1005 1559/1719/1004 1567/1731/1015 1568/1732/1016
f 1561/1721/1006 1560/1720/1005 1568/1732/1016 1569/1733/1017
f 1562/1722/1007 1561/1721/1006 1569/1733/1017 1570/1734/1018
f 1450/1735/799 1562/1722/1007 1570/1734/1018
f 1556/1725/1009 1555/1724/1008 1563/1736/1019 1564/1728/1012
f 1569/1733/1017 1568/1732/1016 1576/1737/1020 1577/1738/1021
f 1570/1734/1018 1569/1733/1017 1577/1738/1021 1578/1739/1022
f 1450/1740/799 1570/1734/1018 1578/1739/1022
f 1564/1728/1012 1563/1736/1019 1571/1741/1023 1572/1742/1024
f 1565/1729/1013 1564/1728/1012 1572/1742/1024 1573/1743/1025
f 1566/1730/1014 1565/1729/1013 1573/1743/1025 1574/1744/1026
f 1567/1731/1015 1566/1730/1014 1574/1744/1026 1575/1745/1027
f 1568/1732/1016 1567/1731/1015 1575/1745/1027 1576/1737/1020
f 1573/1743/1025 1572/1742/1024 1580/1746/1028 1581/1747/1029
f 1574/1744/1026 1573/1743/1025 1581/1747/1029 1582/1748/1030
f 1575/1745/1027 1574/1744/1026 1582/1748/1030 1583/1749/1031
f 1576/1737/1020 1575/1745/1027 1583/1749/1031 1584/1750/1032
f 1577/1738/1021 1576/1737/1020 1584/1750/1032 1585/1751/1033
f 1578/1739/1022 1577/1738/1021 1585/1751/1033 1586/1752/1034
f 1450/1753/799 1578/1739/1022 1586/1752/1034
f 1572/1742/1024 1571/1741/1023 1579/1754/1035 1580/1746/1028
f 1585/1751/1033 1584/1750/1032 1592/1755/1036 1593/1756/1037
f 1586/1752/1034 1585/1751/1033 1593/1756/1037 1594/1757/1038
f 1450/1758/799 1586/1752/1034 1594/1757/1038
f 1580/1746/1028 1579/1754/1035 1587/1759/1039 1588/1760/1040
f 1581/1747/1029 1580/1746/1028 1588/1760/1040 1589/1761/1041
f 1582/1748/1030 1581/1747/1029 1589/1761/1041 1590/1762/1042
f 1583/1749/1031 1582/1748/1030 1590/1762/1042 1591/1763/1043
f 1584/1750/1032 1583/1749/1031 1591/1763/1043 1592/1755/1036
f 1590/1762/1042 1589/1761/1041 1595/1470/788 1596/1469/787
f 1591/1763/1043 1590/1762/1042 1596/1469/787 1597/1473/791
f 1592/1755/1036 1591/1763/1043 1597/1473/791 1345/1475/793
f 1593/1756/1037 1592/1755/1036 1345/1475/793 1598/1477/795
f 1594/1757/1038 1593/1756/1037 1598/1477/795 1599/1479/797
f 1450/1764/799 1594/1757/1038 1599/1479/797
f 1588/1760/1040 1587/1759/1039 1343/1483/801 1344/1482/800
f 1589/1761/1041 1588/1760/1040 1344/1482/800 1595/1470/788
f 1853/1765/787 1852/1766/788 1605/1767/789 1606/1768/790
f 1854/1769/791 1853/1765/787 1606/1768/790 1607/1770/792
f 1602/1771/793 1854/1769/791 1607/1770/792 1608/1772/794
f 1855/1773/795 1602/1771/793 1608/1772/794 1609/1774/796
f 1856/1775/797 1855/1773/795 1609/1774/796 1610/1776/798
f 1707/1777/799 1856/1775/797 1610/1776/798
f 1601/1778/800 1600/1779/801 1603/1780/802 1604/1781/803
f 1852/1766/788 1601/1778/800 1604/1781/803 1605/1767/789
f 1604/1781/803 1603/1780/802 1611/1782/804 1612/1783/805
f 1605/1767/789 1604/1781/803 1612/1783/805 1613/1784/806
f 1606/1768/790 1605/1767/789 1613/1784/806 1614/1785/807
f 1607/1770/792 1606/1768/790 1614/1785/807 1615/1786/808
f 1608/1772/794 1607/1770/792 1615/1786/808 1616/1787/809
f 1609/1774/796 1608/1772/794 1616/1787/809 1617/1788/810
f 1610/1776/798 1609/1774/796 1617/1788/810 1618/1789/811
f 1707/1790/799 1610/1776/798 1618/1789/811
f 1616/1787/809 1615/1786/808 1623/1791/812 1624/1792/813
f 1617/1788/810 1616/1787/809 1624/1792/813 1625/1793/814
f 1618/1789/811 1617/1788/810 1625/1793/814 1626/1794/815
f 1707/1795/799 1618/1789/811 1626/1794/815
f 1612/1783/805 1611/1782/804 1619/1796/816 1620/1797/817
f 1613/1784/806 1612/1783/805 1620/1797/817 1621/1798/818
f 1614/1785/807 1613/1784/806 1621/1798/818 1622/1799/819
f 1615/1786/808 1614/1785/807 1622/1799/819 1623/1791/812
f 1621/1798/818 1620/1797/817 1628/1800/820 1629/1801/821
f 1622/1799/819 1621/1798/818 1629/1801/821 1630/1802/822
f 1623/1791/812 1622/1799/819 1630/1802/822 1631/1803/823
f 1624/1792/813 1623/1791/812 1631/1803/823 1632/1804/824
f 1625/1793/814 1624/1792/813 1632/1804/824 1633/1805/825
f 1626/1794/815 1625/1793/814 1633/1805/825 1634/1806/826
f 1707/1807/799 1626/1794/815 1634/1806/826
f 1620/1797/817 1619/1796/816 1627/1808/827 1628/1800/820
f 1633/1805/825 1632/1804/824 1640/1809/828 1641/1810/829
f 1634/1806/826 1633/1805/825 1641/1810/829 1642/1811/830
f 1707/1812/799 1634/1806/826 1642/1811/830
f 1628/1800/820 1627/1808/827 1635/1813/831 1636/1814/832
f 1629/1801/821 1628/1800/820 1636/1814/832 1637/1815/833
f 1630/1802/822 1629/1801/821 1637/1815/833 1638/1816/834
f 1631/1803/823 1630/1802/822 1638/1816/834 1639/1817/835
f 1632/1804/824 1631/1803/823 1639/1817/835 1640/1809/828
f 1638/1816/834 1637/1815/833 1645/1818/836 1646/1819/837
f 1639/1817/835 1638/1816/834 1646/1819/837 1647/1820/838
f 1640/1809/828 1639/1817/835 1647/1820/838 1648/1821/839
f 1641/1810/829 1640/1809/828 1648/1821/839 1649/1822/840
f 1642/1811/830 1641/1810/829 1649/1822/840 1650/1823/841
f 1707/1824/799 1642/1811/830 1650/1823/841
f 1636/1814/832 1635/1813/831 1643/1825/842 1644/1826/843
f 1637/1815/833 1636/1814/832 1644/1826/843 1645/1818/836
f 1650/1823/841 1649/1822/840 1657/1827/844 1658/1828/845
f 1707/1829/799 1650/1823/841 1658/1828/845
f 1644/1826/843 1643/1825/842 1651/1830/846 1652/1831/847
f 1645/1818/836 1644/1826/843 1652/1831/847 1653/1832/848
f 1646/1819/837 1645/1818/836 1653/1832/848 1654/1833/849
f 1647/1820/838 1646/1819/837 1654/1833/849 1655/1834/850
f 1648/1821/839 1647/1820/838 1655/1834/850 1656/1835/851
f 1649/1822/840 1648/1821/839 1656/1835/851 1657/1827/844
f 1654/1833/849 1653/1832/848 1661/1836/852 1662/1837/853
f 1655/1834/850 1654/1833/849 1662/1837/853 1663/1838/854
f 1656/1835/851 1655/1834/850 1663/1838/854 1664/1839/855
f 1657/1827/844 1656/1835/851 1664/1839/855 1665/1840/856
f 1658/1828/845 1657/1827/844 1665/1840/856 1666/1841/857
f 1707/1842/799 1658/1828/845 1666/1841/857
f 1652/1831/847 1651/1830/846 1659/1843/858 1660/1844/859
f 1653/1832/848 1652/1831/847 1660/1844/859 1661/1836/852
f 1666/1841/857 1665/1840/856 1673/1845/860 1674/1846/861
f 1707/1847/799 1666/1841/857 1674/1846/861
f 1660/1844/859 1659/1843/858 1667/1848/862 1668/1849/863
f 1661/1836/852 1660/1844/859 1668/1849/863 1669/1850/864
f 1662/1837/853 1661/1836/852 1669/1850/864 1670/1851/865
f 1663/1838/854 1662/1837/853 1670/1851/865 1671/1852/866
f 1664/1839/855 1663/1838/854 1671/1852/866 1672/1853/867
f 1665/1840/856 1664/1839/855 1672/1853/867 1673/1845/860
f 1671/1852/866 1670/1851/865 1678/1854/868 1679/1855/869
f 1672/1853/867 1671/1852/866 1679/1855/869 1680/1856/870
f 1673/1845/860 1672/1853/867 1680/1856/870 1681/1857/871
f 1674/1846/861 1673/1845/860 1681/1857/871 1682/1858/872
f 1707/1859/799 1674/1846/861 1682/1858/872
f 1668/1849/863 1667/1848/862 1675/1860/873 1676/1861/874
f 1669/1850/864 1668/1849/863 1676/1861/874 1677/1862/875
f 1670/1851/865 1669/1850/864 1677/1862/875 1678/1854/868
f 1707/1863/799 1682/1858/872 1690/1864/876
f 1676/1861/874 1675/1860/873 1683/1865/877 1684/1866/878
f 1677/1862/875 1676/1861/874 1684/1866/878 1685/1867/879
f 1678/1854/868 1677/1862/875 1685/1867/879 1686/1868/880
f 1679/1855/869 1678/1854/868 1686/1868/880 1687/1869/881
f 1680/1856/870 1679/1855/869 1687/1869/881 1688/1870/882
f 1681/1857/871 1680/1856/870 1688/1870/882 1689/1871/883
f 1682/1858/872 1681/1857/871 1689/1871/883 1690/1864/876
f 1687/1869/881 1686/1868/880 1694/1872/884 1695/1873/885
f 1688/1870/882 1687/1869/881 1695/1873/885 1696/1874/886
f 1689/1871/883 1688/1870/882 1696/1874/886 1697/1875/887
f 1690/1864/876 1689/1871/883 1697/1875/887 1698/1876/888
f 1707/1877/799 1690/1864/876 1698/1876/888
f 1684/1866/878 1683/1865/877 1691/1878/889 1692/1879/890
f 1685/1867/879 1684/1866/878 1692/1879/890 1693/1880/891
f 1686/1868/880 1685/1867/879 1693/1880/891 1694/1872/884
f 1707/1881/799 1698/1876/888 1706/1882/892
f 1692/1879/890 1691/1878/889 1699/1883/893 1700/1884/894
f 1693/1880/891 1692/1879/890 1700/1884/894 1701/1885/895
f 1694/1872/884 1693/1880/891 1701/1885/895 1702/1886/896
f 1695/1873/885 1694/1872/884 1702/1886/896 1703/1887/897
f 1696/1874/886 1695/1873/885 1703/1887/897 1704/1888/898
f 1697/1875/887 1696/1874/886 1704/1888/898 1705/1889/899
f 1698/1876/888 1697/1875/887 1705/1889/899 1706/1882/892
f 1704/1888/898 1703/1887/897 1712/1890/900 1713/1891/901
f 1705/1889/899 1704/1888/898 1713/1891/901 1714/1892/902
f 1706/1882/892 1705/1889/899 1714/1892/902 1715/1893/903
f 1707/1894/799 1706/1882/892 1715/1893/903
f 1700/1884/894 1699/1883/893 1708/1895/904 1709/1896/905
f 1701/1885/895 1700/1884/894 1709/1896/905 1710/1897/906
f 1702/1886/896 1701/1885/895 1710/1897/906 1711/1898/907
f 1703/1887/897 1702/1886/896 1711/1898/907 1712/1890/900
f 1710/1897/906 1709/1896/905 1717/1899/908 1718/1900/909
f 1711/1898/907 1710/1897/906 1718/1900/909 1719/1901/910
f 1712/1890/900 1711/1898/907 1719/1901/910 1720/1902/911
f 1713/1891/901 1712/1890/900 1720/1902/911 1721/1903/912
f 1714/1892/902 1713/1891/901 1721/1903/912 1722/1904/913
f 1715/1893/903 1714/1892/902 1722/1904/913 1723/1905/914
f 1707/1906/799 1715/1893/903 1723/1905/914
f 1709/1896/905 1708/1895/904 1716/1907/915 1717/1899/908
f 1722/1904/913 1721/1903/912 1729/1908/916 1730/1909/917
f 1723/1905/914 1722/1904/913 1730/1909/917 1731/1910/918
f 1707/1911/799 1723/1905/914 1731/1910/918
f 1717/1899/908 1716/1907/915 1724/1912/919 1725/1913/920
f 1718/1900/909 1717/1899/908 1725/1913/920 1726/1914/921
f 1719/1901/910 1718/1900/909 1726/1914/921 1727/1915/922
f 1720/1902/911 1719/1901/910 1727/1915/922 1728/1916/923
f 1721/1903/912 1720/1902/911 1728/1916/923 1729/1908/916
f 1726/1914/921 1725/1913/920 1733/1917/924 1734/1918/925
f 1727/1915/922 1726/1914/921 1734/1918/925 1735/1919/926
f 1728/1916/923 1727/1915/922 1735/1919/926 1736/1920/927
f 1729/1908/916 1728/1916/923 1736/1920/927 1737/1921/928
f 1730/1909/917 1729/1908/916 1737/1921/928 1738/1922/929
f 1731/1910/918 1730/1909/917 1738/1922/929 1739/1923/930
f 1707/1924/799 1731/1910/918 1739/1923/930
f 1725/1913/920 1724/1912/919 1732/1925/931 1733/1917/924
f 1738/1922/929 1737/1921/928 1745/1926/932 1746/1927/933
f 1739/1923/930 1738/1922/929 1746/1927/933 1747/1928/934
f 1707/1929/799 1739/1923/930 1747/1928/934
f 1733/1917/924 1732/1925/931 1740/1930/935 1741/1931/936
f 1734/1918/925 1733/1917/924 1741/1931/936 1742/1932/937
f 1735/1919/926 1734/1918/925 1742/1932/937 1743/1933/938
f 1736/1920/927 1735/1919/926 1743/1933/938 1744/1934/939
f 1737/1921/928 1736/1920/927 1744/1934/939 1745/1926/932
f 1743/1933/938 1742/1932/937 1750/1935/940 1751/1936/941
f 1744/1934/939 1743/1933/938 1751/1936/941 1752/1937/942
f 1745/1926/932 1744/1934/939 1752/1937/942 1753/1938/943
f 1746/1927/933 1745/1926/932 1753/1938/943 1754/1939/944
f 1747/1928/934 1746/1927/933 1754/1939/944 1755/1940/945
f 1707/1941/799 1747/1928/934 1755/1940/945
f 1741/1931/936 1740/1930/935 1748/1942/946 1749/1943/947
f 1742/1932/937 1741/1931/936 1749/1943/947 1750/1935/940
f 1755/1940/945 1754/1939/944 1762/1944/948 1763/1945/949
f 1707/1946/799 1755/1940/945 1763/1945/949
f 1749/1943/947 1748/1942/946 1756/1947/950 1757/1948/951
f 1750/1935/940 1749/1943/947 1757/1948/951 1758/1949/952
f 1751/1936/941 1750/1935/940 1758/1949/952 1759/1950/953
f 1752/1937/942 1751/1936/941 1759/1950/953 1760/1951/954
f 1753/1938/943 1752/1937/942 1760/1951/954 1761/1952/955
f 1754/1939/944 1753/1938/943 1761/1952/955 1762/1944/948
f 1759/1950/953 1758/1949/952 1766/1953/956 1767/1954/957
f 1760/1951/954 1759/1950/953 1767/1954/957 1768/1955/958
f 1761/1952/955 1760/1951/954 1768/1955/958 1769/1956/959
f 1762/1944/948 1761/1952/955 1769/1956/959 1770/1957/960
f 1763/1945/949 1762/1944/948 1770/1957/960 1771/1958/961
f 1707/1959/799 1763/1945/949 1771/1958/961
f 1757/1948/951 1756/1947/950 1764/1960/962 1765/1961/963
f 1758/1949/952 1757/1948/951 1765/1961/963 1766/1953/956
f 1771/1958/961 1770/1957/960 1778/1962/964 1779/1963/965
f 1707/1964/799 1771/1958/961 1779/1963/965
f 1765/1961/963 1764/1960/962 1772/1965/966 1773/1966/967
f 1766/1953/956 1765/1961/963 1773/1966/967 1774/1967/968
f 1767/1954/957 1766/1953/956 1774/1967/968 1775/1968/969
f 1768/1955/958 1767/1954/957 1775/1968/969 1776/1969/970
f 1769/1956/959 1768/1955/958 1776/1969/970 1777/1970/971
f 1770/1957/960 1769/1956/959 1777/1970/971 1778/1962/964
f 1776/1969/970 1775/1968/969 1783/1971/972 1784/1972/973
f 1777/1970/971 1776/1969/970 1784/1972/973 1785/1973/974
f 1778/1962/964 1777/1970/971 1785/1973/974 1786/1974/975
f 1779/1963/965 1778/1962/964 1786/1974/975 1787/1975/976
f 1707/1976/799 1779/1963/965 1787/1975/976
f 1773/1966/967 1772/1965/966 1780/1977/977 1781/1978/978
f 1774/1967/968 1773/1966/967 1781/1978/978 1782/1979/979
f 1775/1968/969 1774/1967/968 1782/1979/979 1783/1971/972
f 1707/1980/799 1787/1975/976 1795/1981/980
f 1781/1978/978 1780/1977/977 1788/1982/981 1789/1983/982
f 1782/1979/979 1781/1978/978 1789/1983/982 1790/1984/983
f 1783/1971/972 1782/1979/979 1790/1984/983 1791/1985/984
f 1784/1972/973 1783/1971/972 1791/1985/984 1792/1986/985
f 1785/1973/974 1784/1972/973 1792/1986/985 1793/1987/986
f 1786/1974/975 1785/1973/974 1793/1987/986 1794/1988/987
f 1787/1975/976 1786/1974/975 1794/1988/987 1795/1981/980
f 1793/1989/986 1792/1990/985 1800/1991/988 1801/1992/989
f 1794/1993/987 1793/1989/986 1801/1992/989 1802/1994/990
f 1795/1995/980 1794/1993/987 1802/1994/990 1803/1996/991
f 1707/1997/799 1795/1995/980 1803/1996/991
f 1789/1998/982 1788/1999/981 1796/2000/992 1797/2001/993
f 1790/2002/983 1789/1998/982 1797/2001/993 1798/2003/994
f 1791/2004/984 1790/2002/983 1798/2003/994 1799/2005/995
f 1792/1990/985 1791/2004/984 1799/2005/995 1800/1991/988
f 1797/2001/993 1796/2000/992 1804/2006/996 1805/2007/997
f 1798/2003/994 1797/2001/993 1805/2007/997 1806/2008/998
f 1799/2005/995 1798/2003/994 1806/2008/998 1807/2009/999
f 1800/1991/988 1799/2005/995 1807/2009/999 1808/2010/1000
f 1801/1992/989 1800/1991/988 1808/2010/1000 1809/2011/1001
f 1802/1994/990 1801/1992/989 1809/2011/1001 1810/2012/1002
f 1803/1996/991 1802/1994/990 1810/2012/1002 1811/2013/1003
f 1707/2014/799 1803/1996/991 1811/2013/1003
f 1809/2011/1001 1808/2010/1000 1816/2015/1004 1817/2016/1005
f 1810/2012/1002 1809/2011/1001 1817/2016/1005 1818/2017/1006
f 1811/2013/1003 1810/2012/1002 1818/2017/1006 1819/2018/1007
f 1707/2019/799 1811/2013/1003 1819/2018/1007
f 1805/2007/997 1804/2006/996 1812/2020/1008 1813/2021/1009
f 1806/2008/998 1805/2007/997 1813/2021/1009 1814/2022/1010
f 1807/2009/999 1806/2008/998 1814/2022/1010 1815/2023/1011
f 1808/2010/1000 1807/2009/999 1815/2023/1011 1816/2015/1004
f 1814/2022/1010 1813/2021/1009 1821/2024/1012 1822/2025/1013
f 1815/2023/1011 1814/2022/1010 1822/2025/1013 1823/2026/1014
f 1816/2015/1004 1815/2023/1011 1823/2026/1014 1824/2027/1015
f 1817/2016/1005 1816/2015/1004 1824/2027/1015 1825/2028/1016
f 1818/2017/1006 1817/2016/1005 1825/2028/1016 1826/2029/1017
f 1819/2018/1007 1818/2017/1006 1826/2029/1017 1827/2030/1018
f 1707/2031/799 1819/2018/1007 1827/2030/1018
f 1813/2021/1009 1812/2020/1008 1820/2032/1019 1821/2024/1012
f 1826/2029/1017 1825/2028/1016 1833/2033/1020 1834/2034/1021
f 1827/2030/1018 1826/2029/1017 1834/2034/1021 1835/2035/1022
f 1707/2036/799 1827/2030/1018 1835/2035/1022
f 1821/2024/1012 1820/2032/1019 1828/2037/1023 1829/2038/1024
f 1822/2025/1013 1821/2024/1012 1829/2038/1024 1830/2039/1025
f 1823/2026/1014 1822/2025/1013 1830/2039/1025 1831/2040/1026
f 1824/2027/1015 1823/2026/1014 1831/2040/1026 1832/2041/1027
f 1825/2028/1016 1824/2027/1015 1832/2041/1027 1833/2033/1020
f 1830/2039/1025 1829/2038/1024 1837/2042/1028 1838/2043/1029
f 1831/2040/1026 1830/2039/1025 1838/2043/1029 1839/2044/1030
f 1832/2041/1027 1831/2040/1026 1839/2044/1030 1840/2045/1031
f 1833/2033/1020 1832/2041/1027 1840/2045/1031 1841/2046/1032
f 1834/2034/1021 1833/2033/1020 1841/2046/1032 1842/2047/1033
f 1835/2035/1022 1834/2034/1021 1842/2047/1033 1843/2048/1034
f 1707/2049/799 1835/2035/1022 1843/2048/1034
f 1829/2038/1024 1828/2037/1023 1836/2050/1035 1837/2042/1028
f 1842/2047/1033 1841/2046/1032 1849/2051/1036 1850/2052/1037
f 1843/2048/1034 1842/2047/1033 1850/2052/1037 1851/2053/1038
f 1707/2054/799 1843/2048/1034 1851/2053/1038
f 1837/2042/1028 1836/2050/1035 1844/2055/1039 1845/2056/1040
f 1838/2043/1029 1837/2042/1028 1845/2056/1040 1846/2057/1041
f 1839/2044/1030 1838/2043/1029 1846/2057/1041 1847/2058/1042
f 1840/2045/1031 1839/2044/1030 1847/2058/1042 1848/2059/1043
f 1841/2046/1032 1840/2045/1031 1848/2059/1043 1849/2051/1036
f 1847/2058/1042 1846/2057/1041 1852/1766/788 1853/1765/787
f 1848/2059/1043 1847/2058/1042 1853/1765/787 1854/1769/791
f 1849/2051/1036 1848/2059/1043 1854/1769/791 1602/1771/793
f 1850/2052/1037 1849/2051/1036 1602/1771/793 1855/1773/795
f 1851/2053/1038 1850/2052/1037 1855/1773/795 1856/1775/797
f 1707/2060/799 1851/2053/1038 1856/1775/797
f 1845/2056/1040 1844/2055/1039 1600/1779/801 1601/1778/800
f 1846/2057/1041 1845/2056/1040 1601/1778/800 1852/1766/788
o Cube.004_Cube.008
v -0.297529 0.428355 2.994388
v -0.340891 0.428355 2.951025
v -0.314123 0.428355 2.991087
v -0.328191 0.428355 2.981687
v -0.337591 0.428355 2.967619
v -0.297529 0.557779 2.994388
v -0.297529 0.601142 2.951025
v -0.340891 0.557779 2.951025
v -0.297529 0.574374 2.991087
v -0.297529 0.588441 2.981687
v -0.314123 0.557779 2.991087
v -0.314539 0.574789 2.987103
v -0.313676 0.586236 2.979482
v -0.322564 0.582815 2.976060
v -0.314123 0.597841 2.951025
v -0.328191 0.588441 2.951025
v -0.297529 0.597841 2.967619
v -0.314539 0.593858 2.968035
v -0.325986 0.586236 2.967172
v -0.337591 0.557779 2.967619
v -0.328191 0.557779 2.981687
v -0.337591 0.574374 2.951025
v -0.333607 0.574789 2.968035
v -0.325986 0.573926 2.979482
v -0.340891 0.428355 2.611262
v -0.297529 0.428355 2.567899
v -0.337591 0.428355 2.594667
v -0.328191 0.428355 2.580600
v -0.314123 0.428355 2.571200
v -0.297529 0.601142 2.611262
v -0.297529 0.557779 2.567899
v -0.340891 0.557779 2.611262
v -0.297529 0.597841 2.594667
v -0.297529 0.588441 2.580600
v -0.314123 0.597841 2.611262
v -0.314539 0.593858 2.594252
v -0.313676 0.586236 2.582805
v -0.322564 0.582815 2.586226
v -0.314123 0.557779 2.571200
v -0.328191 0.557779 2.580600
v -0.297529 0.574374 2.571200
v -0.314539 0.574789 2.575183
v -0.325986 0.573926 2.582805
v -0.337591 0.574374 2.611262
v -0.328191 0.588441 2.611262
v -0.337591 0.557779 2.594667
v -0.333607 0.574789 2.594252
v -0.325986 0.586236 2.595115
v 0.332144 0.428355 2.951025
v 0.288781 0.428355 2.994388
v 0.328843 0.428355 2.967619
v 0.319443 0.428355 2.981687
v 0.305375 0.428355 2.991087
v 0.288781 0.601142 2.951025
v 0.288781 0.557779 2.994388
v 0.332144 0.557779 2.951025
v 0.288781 0.597841 2.967619
v 0.288781 0.588441 2.981687
v 0.305375 0.597841 2.951025
v 0.305791 0.593858 2.968035
v 0.304928 0.586236 2.979482
v 0.313817 0.582815 2.976060
v 0.305375 0.557779 2.991087
v 0.319443 0.557779 2.981687
v 0.288781 0.574374 2.991087
v 0.305791 0.574789 2.987103
v 0.317238 0.573926 2.979482
v 0.328843 0.574374 2.951025
v 0.319443 0.588441 2.951025
v 0.328843 0.557779 2.967619
v 0.324859 0.574789 2.968035
v 0.317238 0.586236 2.967172
v 0.288781 0.428355 2.567899
v 0.332144 0.428355 2.611262
v 0.305375 0.428355 2.571200
v 0.319443 0.428355 2.580600
v 0.328843 0.428355 2.594667
v 0.288781 0.601142 2.611262
v 0.332144 0.557779 2.611262
v 0.288781 0.557779 2.567899
v 0.305375 0.597841 2.611262
v 0.319443 0.588441 2.611262
v 0.288781 0.597841 2.594667
v 0.305791 0.593858 2.594252
v 0.317238 0.586236 2.595115
v 0.313817 0.582815 2.586226
v 0.328843 0.557779 2.594667
v 0.319443 0.557779 2.580600
v 0.328843 0.574374 2.611262
v 0.324859 0.574789 2.594252
v 0.317238 0.573926 2.582805
v 0.288781 0.574374 2.571200
v 0.288781 0.588441 2.580600
v 0.305375 0.557779 2.571200
v 0.305791 0.574789 2.575183
v 0.304928 0.586236 2.582805
v -0.297529 0.428355 2.323610
v -0.340891 0.428355 2.280247
v -0.314123 0.428355 2.320309
v -0.328191 0.428355 2.310909
v -0.337591 0.428355 2.296842
v -0.297529 0.557779 2.323610
v -0.297529 0.601142 2.280247
v -0.340891 0.557779 2.280247
v -0.297529 0.574374 2.320309
v -0.297529 0.588441 2.310909
v -0.314123 0.557779 2.320309
v -0.314539 0.574789 2.316326
v -0.313676 0.586236 2.308704
v -0.322564 0.582815 2.305283
v -0.314123 0.597841 2.280247
v -0.328191 0.588441 2.280247
v -0.297529 0.597841 2.296841
v -0.314539 0.593858 2.297257
v -0.325986 0.586236 2.296394
v -0.337591 0.557779 2.296841
v -0.328191 0.557779 2.310909
v -0.337591 0.574374 2.280247
v -0.333607 0.574789 2.297257
v -0.325986 0.573926 2.308704
v -0.340891 0.428355 1.940484
v -0.297529 0.428355 1.897121
v -0.337591 0.428355 1.923890
v -0.328191 0.428355 1.909822
v -0.314123 0.428355 1.900422
v -0.297529 0.601142 1.940484
v -0.297529 0.557779 1.897121
v -0.340891 0.557779 1.940484
v -0.297529 0.597841 1.923890
v -0.297529 0.588441 1.909822
v -0.314123 0.597841 1.940484
v -0.314539 0.593858 1.923474
v -0.313676 0.586236 1.912027
v -0.322564 0.582815 1.915449
v -0.314123 0.557779 1.900422
v -0.328191 0.557779 1.909822
v -0.297529 0.574374 1.900422
v -0.314539 0.574789 1.904406
v -0.325986 0.573926 1.912027
v -0.337591 0.574374 1.940484
v -0.328191 0.588441 1.940484
v -0.337591 0.557779 1.923890
v -0.333607 0.574789 1.923474
v -0.325986 0.586236 1.924337
v 0.332144 0.428355 2.280247
v 0.288781 0.428355 2.323610
v 0.328843 0.428355 2.296842
v 0.319443 0.428355 2.310909
v 0.305375 0.428355 2.320309
v 0.288781 0.601142 2.280247
v 0.288781 0.557779 2.323610
v 0.332144 0.557779 2.280247
v 0.288781 0.597841 2.296841
v 0.288781 0.588441 2.310909
v 0.305375 0.597841 2.280247
v 0.305791 0.593858 2.297257
v 0.304928 0.586236 2.308704
v 0.313817 0.582815 2.305283
v 0.305375 0.557779 2.320309
v 0.319443 0.557779 2.310909
v 0.288781 0.574374 2.320309
v 0.305791 0.574789 2.316326
v 0.317238 0.573926 2.308704
v 0.328843 0.574374 2.280247
v 0.319443 0.588441 2.280247
v 0.328843 0.557779 2.296841
v 0.324859 0.574789 2.297257
v 0.317238 0.586236 2.296394
v 0.288781 0.428355 1.897121
v 0.332144 0.428355 1.940484
v 0.305375 0.428355 1.900422
v 0.319443 0.428355 1.909822
v 0.328843 0.428355 1.923890
v 0.288781 0.601142 1.940484
v 0.332144 0.557779 1.940484
v 0.288781 0.557779 1.897121
v 0.305375 0.597841 1.940484
v 0.319443 0.588441 1.940484
v 0.288781 0.597841 1.923890
v 0.305791 0.593858 1.923474
v 0.317238 0.586236 1.924337
v 0.313817 0.582815 1.915449
v 0.328843 0.557779 1.923890
v 0.319443 0.557779 1.909822
v 0.328843 0.574374 1.940484
v 0.324859 0.574789 1.923474
v 0.317238 0.573926 1.912027
v 0.288781 0.574374 1.900422
v 0.288781 0.588441 1.909822
v 0.305375 0.557779 1.900422
v 0.305791 0.574789 1.904406
v 0.304928 0.586236 1.912027
v -1.114531 0.428355 2.323610
v -1.157894 0.428355 2.280247
v -1.131125 0.428355 2.320309
v -1.145193 0.428355 2.310909
v -1.154593 0.428355 2.296842
v -1.114531 0.557779 2.323610
v -1.114531 0.601142 2.280247
v -1.157894 0.557779 2.280247
v -1.114531 0.574374 2.320309
v -1.114531 0.588441 2.310909
v -1.131125 0.557779 2.320309
v -1.131541 0.574789 2.316326
v -1.130678 0.586236 2.308704
v -1.139567 0.582815 2.305283
v -1.131125 0.597841 2.280247
v -1.145193 0.588441 2.280247
v -1.114531 0.597841 2.296841
v -1.131541 0.593858 2.297257
v -1.142988 0.586236 2.296394
v -1.154593 0.557779 2.296841
v -1.145193 0.557779 2.310909
v -1.154593 0.574374 2.280247
v -1.150609 0.574789 2.297257
v -1.142988 0.573926 2.308704
v -1.157894 0.428355 1.940484
v -1.114531 0.428355 1.897121
v -1.154593 0.428355 1.923890
v -1.145193 0.428355 1.909822
v -1.131125 0.428355 1.900422
v -1.114531 0.601142 1.940484
v -1.114531 0.557779 1.897121
v -1.157894 0.557779 1.940484
v -1.114531 0.597841 1.923890
v -1.114531 0.588441 1.909822
v -1.131125 0.597841 1.940484
v -1.131541 0.593858 1.923474
v -1.130678 0.586236 1.912027
v -1.139567 0.582815 1.915449
v -1.131125 0.557779 1.900422
v -1.145193 0.557779 1.909822
v -1.114531 0.574374 1.900422
v -1.131541 0.574789 1.904406
v -1.142988 0.573926 1.912027
v -1.154593 0.574374 1.940484
v -1.145193 0.588441 1.940484
v -1.154593 0.557779 1.923890
v -1.150609 0.574789 1.923474
v -1.142988 0.586236 1.924337
v -0.484859 0.428355 2.280247
v -0.528221 0.428355 2.323610
v -0.488160 0.428355 2.296842
v -0.497559 0.428355 2.310909
v -0.511627 0.428355 2.320309
v -0.528221 0.601142 2.280247
v -0.528221 0.557779 2.323610
v -0.484859 0.557779 2.280247
v -0.528221 0.597841 2.296841
v -0.528221 0.588441 2.310909
v -0.511627 0.597841 2.280247
v -0.511211 0.593858 2.297257
v -0.512074 0.586236 2.308704
v -0.503186 0.582815 2.305283
v -0.511627 0.557779 2.320309
v -0.497559 0.557779 2.310909
v -0.528221 0.574374 2.320309
v -0.511211 0.574789 2.316326
v -0.499764 0.573926 2.308704
v -0.488160 0.574374 2.280247
v -0.497559 0.588441 2.280247
v -0.488160 0.557779 2.296841
v -0.492143 0.574789 2.297257
v -0.499764 0.586236 2.296394
v -0.528221 0.428355 1.897121
v -0.484859 0.428355 1.940484
v -0.511627 0.428355 1.900422
v -0.497559 0.428355 1.909822
v -0.488160 0.428355 1.923890
v -0.528221 0.601142 1.940484
v -0.484859 0.557779 1.940484
v -0.528221 0.557779 1.897121
v -0.511627 0.597841 1.940484
v -0.497559 0.588441 1.940484
v -0.528221 0.597841 1.923890
v -0.511211 0.593858 1.923474
v -0.499764 0.586236 1.924337
v -0.503186 0.582815 1.915449
v -0.488160 0.557779 1.923890
v -0.497559 0.557779 1.909822
v -0.488160 0.574374 1.940484
v -0.492143 0.574789 1.923474
v -0.499764 0.573926 1.912027
v -0.528221 0.574374 1.900422
v -0.528221 0.588441 1.909822
v -0.511627 0.557779 1.900422
v -0.511211 0.574789 1.904406
v -0.512074 0.586236 1.912027
v -1.114531 0.428355 2.994388
v -1.157894 0.428355 2.951025
v -1.131125 0.428355 2.991087
v -1.145193 0.428355 2.981687
v -1.154593 0.428355 2.967619
v -1.114531 0.557779 2.994388
v -1.114531 0.601142 2.951025
v -1.157894 0.557779 2.951025
v -1.114531 0.574374 2.991087
v -1.114531 0.588441 2.981687
v -1.131125 0.557779 2.991087
v -1.131541 0.574789 2.987103
v -1.130678 0.586236 2.979482
v -1.139567 0.582815 2.976060
v -1.131125 0.597841 2.951025
v -1.145193 0.588441 2.951025
v -1.114531 0.597841 2.967619
v -1.131541 0.593858 2.968035
v -1.142988 0.586236 2.967172
v -1.154593 0.557779 2.967619
v -1.145193 0.557779 2.981687
v -1.154593 0.574374 2.951025
v -1.150609 0.574789 2.968035
v -1.142988 0.573926 2.979482
v -1.157894 0.428355 2.611262
v -1.114531 0.428355 2.567899
v -1.154593 0.428355 2.594667
v -1.145193 0.428355 2.580600
v -1.131125 0.428355 2.571200
v -1.114531 0.601142 2.611262
v -1.114531 0.557779 2.567899
v -1.157894 0.557779 2.611262
v -1.114531 0.597841 2.594667
v -1.114531 0.588441 2.580600
v -1.131125 0.597841 2.611262
v -1.131541 0.593858 2.594252
v -1.130678 0.586236 2.582805
v -1.139567 0.582815 2.586226
v -1.131125 0.557779 2.571200
v -1.145193 0.557779 2.580600
v -1.114531 0.574374 2.571200
v -1.131541 0.574789 2.575183
v -1.142988 0.573926 2.582805
v -1.154593 0.574374 2.611262
v -1.145193 0.588441 2.611262
v -1.154593 0.557779 2.594667
v -1.150609 0.574789 2.594252
v -1.142988 0.586236 2.595115
v -0.484859 0.428355 2.951025
v -0.528221 0.428355 2.994388
v -0.488160 0.428355 2.967619
v -0.497559 0.428355 2.981687
v -0.511627 0.428355 2.991087
v -0.528221 0.601142 2.951025
v -0.528221 0.557779 2.994388
v -0.484859 0.557779 2.951025
v -0.528221 0.597841 2.967619
v -0.528221 0.588441 2.981687
v -0.511627 0.597841 2.951025
v -0.511211 0.593858 2.968035
v -0.512074 0.586236 2.979482
v -0.503186 0.582815 2.976060
v -0.511627 0.557779 2.991087
v -0.497559 0.557779 2.981687
v -0.528221 0.574374 2.991087
v -0.511211 0.574789 2.987103
v -0.499764 0.573926 2.979482
v -0.488160 0.574374 2.951025
v -0.497559 0.588441 2.951025
v -0.488160 0.557779 2.967619
v -0.492143 0.574789 2.968035
v -0.499764 0.586236 2.967172
v -0.528221 0.428355 2.567899
v -0.484859 0.428355 2.611262
v -0.511627 0.428355 2.571200
v -0.497559 0.428355 2.580600
v -0.488160 0.428355 2.594667
v -0.528221 0.601142 2.611262
v -0.484859 0.557779 2.611262
v -0.528221 0.557779 2.567899
v -0.511627 0.597841 2.611262
v -0.497559 0.588441 2.611262
v -0.528221 0.597841 2.594667
v -0.511211 0.593858 2.594252
v -0.499764 0.586236 2.595115
v -0.503186 0.582815 2.586226
v -0.488160 0.557779 2.594667
v -0.497559 0.557779 2.580600
v -0.488160 0.574374 2.611262
v -0.492143 0.574789 2.594252
v -0.499764 0.573926 2.582805
v -0.528221 0.574374 2.571200
v -0.528221 0.588441 2.580600
v -0.511627 0.557779 2.571200
v -0.511211 0.574789 2.575183
v -0.512074 0.586236 2.582805
v -0.297529 0.428355 3.665165
v -0.340891 0.428355 3.621803
v -0.314123 0.428355 3.661865
v -0.328191 0.428355 3.652465
v -0.337591 0.428355 3.638397
v -0.297529 0.557779 3.665165
v -0.297529 0.601142 3.621803
v -0.340891 0.557779 3.621803
v -0.297529 0.574374 3.661865
v -0.297529 0.588441 3.652465
v -0.314123 0.557779 3.661865
v -0.314539 0.574789 3.657881
v -0.313676 0.586236 3.650259
v -0.322564 0.582815 3.646838
v -0.314123 0.597841 3.621803
v -0.328191 0.588441 3.621803
v -0.297529 0.597841 3.638397
v -0.314539 0.593858 3.638813
v -0.325986 0.586236 3.637950
v -0.337591 0.557779 3.638397
v -0.328191 0.557779 3.652465
v -0.337591 0.574374 3.621803
v -0.333607 0.574789 3.638813
v -0.325986 0.573926 3.650259
v -0.340891 0.428355 3.282039
v -0.297529 0.428355 3.238677
v -0.337591 0.428355 3.265445
v -0.328191 0.428355 3.251377
v -0.314123 0.428355 3.241977
v -0.297529 0.601142 3.282039
v -0.297529 0.557779 3.238677
v -0.340891 0.557779 3.282039
v -0.297529 0.597841 3.265445
v -0.297529 0.588441 3.251377
v -0.314123 0.597841 3.282039
v -0.314539 0.593858 3.265029
v -0.313676 0.586236 3.253582
v -0.322564 0.582815 3.257004
v -0.314123 0.557779 3.241977
v -0.328191 0.557779 3.251377
v -0.297529 0.574374 3.241977
v -0.314539 0.574789 3.245961
v -0.325986 0.573926 3.253582
v -0.337591 0.574374 3.282039
v -0.328191 0.588441 3.282039
v -0.337591 0.557779 3.265445
v -0.333607 0.574789 3.265029
v -0.325986 0.586236 3.265893
v 0.332144 0.428355 3.621803
v 0.288781 0.428355 3.665165
v 0.328843 0.428355 3.638397
v 0.319443 0.428355 3.652465
v 0.305375 0.428355 3.661865
v 0.288781 0.601142 3.621803
v 0.288781 0.557779 3.665165
v 0.332144 0.557779 3.621803
v 0.288781 0.597841 3.638397
v 0.288781 0.588441 3.652465
v 0.305375 0.597841 3.621803
v 0.305791 0.593858 3.638813
v 0.304928 0.586236 3.650259
v 0.313817 0.582815 3.646838
v 0.305375 0.557779 3.661865
v 0.319443 0.557779 3.652465
v 0.288781 0.574374 3.661865
v 0.305791 0.574789 3.657881
v 0.317238 0.573926 3.650259
v 0.328843 0.574374 3.621803
v 0.319443 0.588441 3.621803
v 0.328843 0.557779 3.638397
v 0.324859 0.574789 3.638813
v 0.317238 0.586236 3.637950
v 0.288781 0.428355 3.238677
v 0.332144 0.428355 3.282039
v 0.305375 0.428355 3.241977
v 0.319443 0.428355 3.251377
v 0.328843 0.428355 3.265445
v 0.288781 0.601142 3.282039
v 0.332144 0.557779 3.282039
v 0.288781 0.557779 3.238677
v 0.305375 0.597841 3.282039
v 0.319443 0.588441 3.282039
v 0.288781 0.597841 3.265445
v 0.305791 0.593858 3.265029
v 0.317238 0.586236 3.265893
v 0.313817 0.582815 3.257004
v 0.328843 0.557779 3.265445
v 0.319443 0.557779 3.251377
v 0.328843 0.574374 3.282039
v 0.324859 0.574789 3.265029
v 0.317238 0.573926 3.253582
v 0.288781 0.574374 3.241977
v 0.288781 0.588441 3.251377
v 0.305375 0.557779 3.241977
v 0.305791 0.574789 3.245961
v 0.304928 0.586236 3.253582
v -1.114531 0.428355 3.665165
v -1.157894 0.428355 3.621803
v -1.131125 0.428355 3.661865
v -1.145193 0.428355 3.652465
v -1.154593 0.428355 3.638397
v -1.114531 0.557779 3.665165
v -1.114531 0.601142 3.621803
v -1.157894 0.557779 3.621803
v -1.114531 0.574374 3.661865
v -1.114531 0.588441 3.652465
v -1.131125 0.557779 3.661865
v -1.131541 0.574789 3.657881
v -1.130678 0.586236 3.650259
v -1.139567 0.582815 3.646838
v -1.131125 0.597841 3.621803
v -1.145193 0.588441 3.621803
v -1.114531 0.597841 3.638397
v -1.131541 0.593858 3.638813
v -1.142988 0.586236 3.637950
v -1.154593 0.557779 3.638397
v -1.145193 0.557779 3.652465
v -1.154593 0.574374 3.621803
v -1.150609 0.574789 3.638813
v -1.142988 0.573926 3.650259
v -1.157894 0.428355 3.282039
v -1.114531 0.428355 3.238677
v -1.154593 0.428355 3.265445
v -1.145193 0.428355 3.251377
v -1.131125 0.428355 3.241977
v -1.114531 0.601142 3.282039
v -1.114531 0.557779 3.238677
v -1.157894 0.557779 3.282039
v -1.114531 0.597841 3.265445
v -1.114531 0.588441 3.251377
v -1.131125 0.597841 3.282039
v -1.131541 0.593858 3.265029
v -1.130678 0.586236 3.253582
v -1.139567 0.582815 3.257004
v -1.131125 0.557779 3.241977
v -1.145193 0.557779 3.251377
v -1.114531 0.574374 3.241977
v -1.131541 0.574789 3.245961
v -1.142988 0.573926 3.253582
v -1.154593 0.574374 3.282039
v -1.145193 0.588441 3.282039
v -1.154593 0.557779 3.265445
v -1.150609 0.574789 3.265029
v -1.142988 0.586236 3.265893
v -0.484859 0.428355 3.621803
v -0.528221 0.428355 3.665165
v -0.488160 0.428355 3.638397
v -0.497559 0.428355 3.652465
v -0.511627 0.428355 3.661865
v -0.528221 0.601142 3.621803
v -0.528221 0.557779 3.665165
v -0.484859 0.557779 3.621803
v -0.528221 0.597841 3.638397
v -0.528221 0.588441 3.652465
v -0.511627 0.597841 3.621803
v -0.511211 0.593858 3.638813
v -0.512074 0.586236 3.650259
v -0.503186 0.582815 3.646838
v -0.511627 0.557779 3.661865
v -0.497559 0.557779 3.652465
v -0.528221 0.574374 3.661865
v -0.511211 0.574789 3.657881
v -0.499764 0.573926 3.650259
v -0.488160 0.574374 3.621803
v -0.497559 0.588441 3.621803
v -0.488160 0.557779 3.638397
v -0.492143 0.574789 3.638813
v -0.499764 0.586236 3.637950
v -0.528221 0.428355 3.238677
v -0.484859 0.428355 3.282039
v -0.511627 0.428355 3.241977
v -0.497559 0.428355 3.251377
v -0.488160 0.428355 3.265445
v -0.528221 0.601142 3.282039
v -0.484859 0.557779 3.282039
v -0.528221 0.557779 3.238677
v -0.511627 0.597841 3.282039
v -0.497559 0.588441 3.282039
v -0.528221 0.597841 3.265445
v -0.511211 0.593858 3.265029
v -0.499764 0.586236 3.265893
v -0.503186 0.582815 3.257004
v -0.488160 0.557779 3.265445
v -0.497559 0.557779 3.251377
v -0.488160 0.574374 3.282039
v -0.492143 0.574789 3.265029
v -0.499764 0.573926 3.253582
v -0.528221 0.574374 3.241977
v -0.528221 0.588441 3.251377
v -0.511627 0.557779 3.241977
v -0.511211 0.574789 3.245961
v -0.512074 0.586236 3.253582
v -0.297529 0.428355 4.340585
v -0.340891 0.428355 4.297222
v -0.314123 0.428355 4.337284
v -0.328191 0.428355 4.327885
v -0.337591 0.428355 4.313817
v -0.297529 0.557779 4.340585
v -0.297529 0.601142 4.297222
v -0.340891 0.557779 4.297222
v -0.297529 0.574374 4.337284
v -0.297529 0.588441 4.327885
v -0.314123 0.557779 4.337284
v -0.314539 0.574789 4.333301
v -0.313676 0.586236 4.325679
v -0.322564 0.582815 4.322258
v -0.314123 0.597841 4.297222
v -0.328191 0.588441 4.297222
v -0.297529 0.597841 4.313817
v -0.314539 0.593858 4.314233
v -0.325986 0.586236 4.313370
v -0.337591 0.557779 4.313817
v -0.328191 0.557779 4.327885
v -0.337591 0.574374 4.297222
v -0.333607 0.574789 4.314233
v -0.325986 0.573926 4.325679
v -0.340891 0.428355 3.957459
v -0.297529 0.428355 3.914097
v -0.337591 0.428355 3.940865
v -0.328191 0.428355 3.926797
v -0.314123 0.428355 3.917397
v -0.297529 0.601142 3.957459
v -0.297529 0.557779 3.914097
v -0.340891 0.557779 3.957459
v -0.297529 0.597841 3.940865
v -0.297529 0.588441 3.926797
v -0.314123 0.597841 3.957459
v -0.314539 0.593858 3.940449
v -0.313676 0.586236 3.929002
v -0.322564 0.582815 3.932424
v -0.314123 0.557779 3.917397
v -0.328191 0.557779 3.926797
v -0.297529 0.574374 3.917397
v -0.314539 0.574789 3.921381
v -0.325986 0.573926 3.929002
v -0.337591 0.574374 3.957459
v -0.328191 0.588441 3.957459
v -0.337591 0.557779 3.940865
v -0.333607 0.574789 3.940449
v -0.325986 0.586236 3.941312
v 0.332144 0.428355 4.297222
v 0.288781 0.428355 4.340585
v 0.328843 0.428355 4.313817
v 0.319443 0.428355 4.327885
v 0.305375 0.428355 4.337284
v 0.288781 0.601142 4.297222
v 0.288781 0.557779 4.340585
v 0.332144 0.557779 4.297222
v 0.288781 0.597841 4.313817
v 0.288781 0.588441 4.327885
v 0.305375 0.597841 4.297222
v 0.305791 0.593858 4.314233
v 0.304928 0.586236 4.325679
v 0.313817 0.582815 4.322258
v 0.305375 0.557779 4.337284
v 0.319443 0.557779 4.327885
v 0.288781 0.574374 4.337284
v 0.305791 0.574789 4.333301
v 0.317238 0.573926 4.325679
v 0.328843 0.574374 4.297222
v 0.319443 0.588441 4.297222
v 0.328843 0.557779 4.313817
v 0.324859 0.574789 4.314233
v 0.317238 0.586236 4.313370
v 0.288781 0.428355 3.914097
v 0.332144 0.428355 3.957459
v 0.305375 0.428355 3.917397
v 0.319443 0.428355 3.926797
v 0.328843 0.428355 3.940865
v 0.288781 0.601142 3.957459
v 0.332144 0.557779 3.957459
v 0.288781 0.557779 3.914097
v 0.305375 0.597841 3.957459
v 0.319443 0.588441 3.957459
v 0.288781 0.597841 3.940865
v 0.305791 0.593858 3.940449
v 0.317238 0.586236 3.941312
v 0.313817 0.582815 3.932424
v 0.328843 0.557779 3.940865
v 0.319443 0.557779 3.926797
v 0.328843 0.574374 3.957459
v 0.324859 0.574789 3.940449
v 0.317238 0.573926 3.929002
v 0.288781 0.574374 3.917397
v 0.288781 0.588441 3.926797
v 0.305375 0.557779 3.917397
v 0.305791 0.574789 3.921381
v 0.304928 0.586236 3.929002
v -1.114531 0.428355 4.340585
v -1.157894 0.428355 4.297222
v -1.131125 0.428355 4.337284
v -1.145193 0.428355 4.327885
v -1.154593 0.428355 4.313817
v -1.114531 0.557779 4.340585
v -1.114531 0.601142 4.297222
v -1.157894 0.557779 4.297222
v -1.114531 0.574374 4.337284
v -1.114531 0.588441 4.327885
v -1.131125 0.557779 4.337284
v -1.131541 0.574789 4.333301
v -1.130678 0.586236 4.325679
v -1.139567 0.582815 4.322258
v -1.131125 0.597841 4.297222
v -1.145193 0.588441 4.297222
v -1.114531 0.597841 4.313817
v -1.131541 0.593858 4.314233
v -1.142988 0.586236 4.313370
v -1.154593 0.557779 4.313817
v -1.145193 0.557779 4.327885
v -1.154593 0.574374 4.297222
v -1.150609 0.574789 4.314233
v -1.142988 0.573926 4.325679
v -1.157894 0.428355 3.957459
v -1.114531 0.428355 3.914097
v -1.154593 0.428355 3.940865
v -1.145193 0.428355 3.926797
v -1.131125 0.428355 3.917397
v -1.114531 0.601142 3.957459
v -1.114531 0.557779 3.914097
v -1.157894 0.557779 3.957459
v -1.114531 0.597841 3.940865
v -1.114531 0.588441 3.926797
v -1.131125 0.597841 3.957459
v -1.131541 0.593858 3.940449
v -1.130678 0.586236 3.929002
v -1.139567 0.582815 3.932424
v -1.131125 0.557779 3.917397
v -1.145193 0.557779 3.926797
v -1.114531 0.574374 3.917397
v -1.131541 0.574789 3.921381
v -1.142988 0.573926 3.929002
v -1.154593 0.574374 3.957459
v -1.145193 0.588441 3.957459
v -1.154593 0.557779 3.940865
v -1.150609 0.574789 3.940449
v -1.142988 0.586236 3.941312
v -0.484859 0.428355 4.297222
v -0.528221 0.428355 4.340585
v -0.488160 0.428355 4.313817
v -0.497559 0.428355 4.327885
v -0.511627 0.428355 4.337284
v -0.528221 0.601142 4.297222
v -0.528221 0.557779 4.340585
v -0.484859 0.557779 4.297222
v -0.528221 0.597841 4.313817
v -0.528221 0.588441 4.327885
v -0.511627 0.597841 4.297222
v -0.511211 0.593858 4.314233
v -0.512074 0.586236 4.325679
v -0.503186 0.582815 4.322258
v -0.511627 0.557779 4.337284
v -0.497559 0.557779 4.327885
v -0.528221 0.574374 4.337284
v -0.511211 0.574789 4.333301
v -0.499764 0.573926 4.325679
v -0.488160 0.574374 4.297222
v -0.497559 0.588441 4.297222
v -0.488160 0.557779 4.313817
v -0.492143 0.574789 4.314233
v -0.499764 0.586236 4.313370
v -0.528221 0.428355 3.914097
v -0.484859 0.428355 3.957459
v -0.511627 0.428355 3.917397
v -0.497559 0.428355 3.926797
v -0.488160 0.428355 3.940865
v -0.528221 0.601142 3.957459
v -0.484859 0.557779 3.957459
v -0.528221 0.557779 3.914097
v -0.511627 0.597841 3.957459
v -0.497559 0.588441 3.957459
v -0.528221 0.597841 3.940865
v -0.511211 0.593858 3.940449
v -0.499764 0.586236 3.941312
v -0.503186 0.582815 3.932424
v -0.488160 0.557779 3.940865
v -0.497559 0.557779 3.926797
v -0.488160 0.574374 3.957459
v -0.492143 0.574789 3.940449
v -0.499764 0.573926 3.929002
v -0.528221 0.574374 3.917397
v -0.528221 0.588441 3.926797
v -0.511627 0.557779 3.917397
v -0.511211 0.574789 3.921381
v -0.512074 0.586236 3.929002
v -1.929213 0.428355 2.994388
v -1.972576 0.428355 2.951025
v -1.945807 0.428355 2.991087
v -1.959875 0.428355 2.981687
v -1.969275 0.428355 2.967619
v -1.929213 0.557779 2.994388
v -1.929213 0.601142 2.951025
v -1.972576 0.557779 2.951025
v -1.929213 0.574374 2.991087
v -1.929213 0.588441 2.981687
v -1.945807 0.557779 2.991087
v -1.946223 0.574789 2.987103
v -1.945360 0.586236 2.979482
v -1.954248 0.582815 2.976060
v -1.945807 0.597841 2.951025
v -1.959875 0.588441 2.951025
v -1.929213 0.597841 2.967619
v -1.946223 0.593858 2.968035
v -1.957670 0.586236 2.967172
v -1.969275 0.557779 2.967619
v -1.959875 0.557779 2.981687
v -1.969275 0.574374 2.951025
v -1.965291 0.574789 2.968035
v -1.957670 0.573926 2.979482
v -1.972576 0.428355 2.611262
v -1.929213 0.428355 2.567899
v -1.969275 0.428355 2.594667
v -1.959875 0.428355 2.580600
v -1.945807 0.428355 2.571200
v -1.929213 0.601142 2.611262
v -1.929213 0.557779 2.567899
v -1.972576 0.557779 2.611262
v -1.929213 0.597841 2.594667
v -1.929213 0.588441 2.580600
v -1.945807 0.597841 2.611262
v -1.946223 0.593858 2.594252
v -1.945360 0.586236 2.582805
v -1.954248 0.582815 2.586226
v -1.945807 0.557779 2.571200
v -1.959875 0.557779 2.580600
v -1.929213 0.574374 2.571200
v -1.946223 0.574789 2.575183
v -1.957670 0.573926 2.582805
v -1.969275 0.574374 2.611262
v -1.959875 0.588441 2.611262
v -1.969275 0.557779 2.594667
v -1.965291 0.574789 2.594252
v -1.957670 0.586236 2.595115
v -1.299540 0.428355 2.951025
v -1.342903 0.428355 2.994388
v -1.302841 0.428355 2.967619
v -1.312241 0.428355 2.981687
v -1.326309 0.428355 2.991087
v -1.342903 0.601142 2.951025
v -1.342903 0.557779 2.994388
v -1.299540 0.557779 2.951025
v -1.342903 0.597841 2.967619
v -1.342903 0.588441 2.981687
v -1.326309 0.597841 2.951025
v -1.325893 0.593858 2.968035
v -1.326756 0.586236 2.979482
v -1.317868 0.582815 2.976060
v -1.326309 0.557779 2.991087
v -1.312241 0.557779 2.981687
v -1.342903 0.574374 2.991087
v -1.325893 0.574789 2.987103
v -1.314446 0.573926 2.979482
v -1.302841 0.574374 2.951025
v -1.312241 0.588441 2.951025
v -1.302841 0.557779 2.967619
v -1.306825 0.574789 2.968035
v -1.314446 0.586236 2.967172
v -1.342903 0.428355 2.567899
v -1.299540 0.428355 2.611262
v -1.326309 0.428355 2.571200
v -1.312241 0.428355 2.580600
v -1.302841 0.428355 2.594667
v -1.342903 0.601142 2.611262
v -1.299540 0.557779 2.611262
v -1.342903 0.557779 2.567899
v -1.326309 0.597841 2.611262
v -1.312241 0.588441 2.611262
v -1.342903 0.597841 2.594667
v -1.325893 0.593858 2.594252
v -1.314446 0.586236 2.595115
v -1.317868 0.582815 2.586226
v -1.302841 0.557779 2.594667
v -1.312241 0.557779 2.580600
v -1.302841 0.574374 2.611262
v -1.306825 0.574789 2.594252
v -1.314446 0.573926 2.582805
v -1.342903 0.574374 2.571200
v -1.342903 0.588441 2.580600
v -1.326309 0.557779 2.571200
v -1.325893 0.574789 2.575183
v -1.326756 0.586236 2.582805
v -1.929213 0.428355 3.665165
v -1.972576 0.428355 3.621803
v -1.945807 0.428355 3.661865
v -1.959875 0.428355 3.652465
v -1.969275 0.428355 3.638397
v -1.929213 0.557779 3.665165
v -1.929213 0.601142 3.621803
v -1.972576 0.557779 3.621803
v -1.929213 0.574374 3.661865
v -1.929213 0.588441 3.652465
v -1.945807 0.557779 3.661865
v -1.946223 0.574789 3.657881
v -1.945360 0.586236 3.650259
v -1.954248 0.582815 3.646838
v -1.945807 0.597841 3.621803
v -1.959875 0.588441 3.621803
v -1.929213 0.597841 3.638397
v -1.946223 0.593858 3.638813
v -1.957670 0.586236 3.637950
v -1.969275 0.557779 3.638397
v -1.959875 0.557779 3.652465
v -1.969275 0.574374 3.621803
v -1.965291 0.574789 3.638813
v -1.957670 0.573926 3.650259
v -1.972576 0.428355 3.282039
v -1.929213 0.428355 3.238677
v -1.969275 0.428355 3.265445
v -1.959875 0.428355 3.251377
v -1.945807 0.428355 3.241977
v -1.929213 0.601142 3.282039
v -1.929213 0.557779 3.238677
v -1.972576 0.557779 3.282039
v -1.929213 0.597841 3.265445
v -1.929213 0.588441 3.251377
v -1.945807 0.597841 3.282039
v -1.946223 0.593858 3.265029
v -1.945360 0.586236 3.253582
v -1.954248 0.582815 3.257004
v -1.945807 0.557779 3.241977
v -1.959875 0.557779 3.251377
v -1.929213 0.574374 3.241977
v -1.946223 0.574789 3.245961
v -1.957670 0.573926 3.253582
v -1.969275 0.574374 3.282039
v -1.959875 0.588441 3.282039
v -1.969275 0.557779 3.265445
v -1.965291 0.574789 3.265029
v -1.957670 0.586236 3.265893
v -1.299540 0.428355 3.621803
v -1.342903 0.428355 3.665165
v -1.302841 0.428355 3.638397
v -1.312241 0.428355 3.652465
v -1.326309 0.428355 3.661865
v -1.342903 0.601142 3.621803
v -1.342903 0.557779 3.665165
v -1.299540 0.557779 3.621803
v -1.342903 0.597841 3.638397
v -1.342903 0.588441 3.652465
v -1.326309 0.597841 3.621803
v -1.325893 0.593858 3.638813
v -1.326756 0.586236 3.650259
v -1.317868 0.582815 3.646838
v -1.326309 0.557779 3.661865
v -1.312241 0.557779 3.652465
v -1.342903 0.574374 3.661865
v -1.325893 0.574789 3.657881
v -1.314446 0.573926 3.650259
v -1.302841 0.574374 3.621803
v -1.312241 0.588441 3.621803
v -1.302841 0.557779 3.638397
v -1.306825 0.574789 3.638813
v -1.314446 0.586236 3.637950
v -1.342903 0.428355 3.238677
v -1.299540 0.428355 3.282039
v -1.326309 0.428355 3.241977
v -1.312241 0.428355 3.251377
v -1.302841 0.428355 3.265445
v -1.342903 0.601142 3.282039
v -1.299540 0.557779 3.282039
v -1.342903 0.557779 3.238677
v -1.326309 0.597841 3.282039
v -1.312241 0.588441 3.282039
v -1.342903 0.597841 3.265445
v -1.325893 0.593858 3.265029
v -1.314446 0.586236 3.265893
v -1.317868 0.582815 3.257004
v -1.302841 0.557779 3.265445
v -1.312241 0.557779 3.251377
v -1.302841 0.574374 3.282039
v -1.306825 0.574789 3.265029
v -1.314446 0.573926 3.253582
v -1.342903 0.574374 3.241977
v -1.342903 0.588441 3.251377
v -1.326309 0.557779 3.241977
v -1.325893 0.574789 3.245961
v -1.326756 0.586236 3.253582
v -1.929213 0.428355 2.328252
v -1.972576 0.428355 2.284889
v -1.945807 0.428355 2.324951
v -1.959875 0.428355 2.315551
v -1.969275 0.428355 2.301483
v -1.929213 0.557779 2.328252
v -1.929213 0.601142 2.284889
v -1.972576 0.557779 2.284889
v -1.929213 0.574374 2.324951
v -1.929213 0.588441 2.315551
v -1.945807 0.557779 2.324951
v -1.946223 0.574789 2.320967
v -1.945360 0.586236 2.313346
v -1.954248 0.582815 2.309925
v -1.945807 0.597841 2.284889
v -1.959875 0.588441 2.284889
v -1.929213 0.597841 2.301483
v -1.946223 0.593858 2.301899
v -1.957670 0.586236 2.301036
v -1.969275 0.557779 2.301483
v -1.959875 0.557779 2.315551
v -1.969275 0.574374 2.284889
v -1.965291 0.574789 2.301899
v -1.957670 0.573926 2.313346
v -1.972576 0.428355 2.057683
v -1.798093 0.428355 1.901763
v -1.299540 0.428355 2.284889
v -1.342903 0.428355 2.328252
v -1.302841 0.428355 2.301483
v -1.312241 0.428355 2.315551
v -1.326309 0.428355 2.324951
v -1.342903 0.601142 2.284889
v -1.342903 0.557779 2.328252
v -1.299540 0.557779 2.284889
v -1.342903 0.597841 2.301483
v -1.342903 0.588441 2.315551
v -1.326309 0.597841 2.284889
v -1.325893 0.593858 2.301899
v -1.326756 0.586236 2.313346
v -1.317868 0.582815 2.309925
v -1.326309 0.557779 2.324951
v -1.312241 0.557779 2.315551
v -1.342903 0.574374 2.324951
v -1.325893 0.574789 2.320967
v -1.314446 0.573926 2.313346
v -1.302841 0.574374 2.284889
v -1.312241 0.588441 2.284889
v -1.302841 0.557779 2.301483
v -1.306825 0.574789 2.301899
v -1.314446 0.586236 2.301036
v -1.342903 0.428355 1.901763
v -1.299540 0.428355 1.945126
v -1.326309 0.428355 1.905064
v -1.312241 0.428355 1.914464
v -1.302841 0.428355 1.928532
v -1.342903 0.601142 1.945126
v -1.299540 0.557779 1.945126
v -1.342903 0.557779 1.901763
v -1.326309 0.597841 1.945126
v -1.312241 0.588441 1.945126
v -1.342903 0.597841 1.928532
v -1.325893 0.593858 1.928116
v -1.314446 0.586236 1.928979
v -1.317868 0.582815 1.920090
v -1.302841 0.557779 1.928532
v -1.312241 0.557779 1.914464
v -1.302841 0.574374 1.945126
v -1.306825 0.574789 1.928116
v -1.314446 0.573926 1.916669
v -1.342903 0.574374 1.905064
v -1.342903 0.588441 1.914464
v -1.326309 0.557779 1.905064
v -1.325893 0.574789 1.909048
v -1.326756 0.586236 1.916669
v -1.834857 0.428355 1.901443
v -1.972576 0.428355 2.037965
v -1.887560 0.428355 1.911467
v -1.932239 0.428355 1.940932
v -1.962092 0.428355 1.985352
v -1.972576 0.557779 2.057683
v -1.798093 0.557779 1.901763
v -1.834857 0.557779 1.901443
v -1.972576 0.557779 2.037965
v -1.887560 0.557779 1.911467
v -1.932239 0.557779 1.940932
v -1.962092 0.557779 1.985352
v -1.969223 0.574270 2.052690
v -1.803879 0.574270 1.904938
v -1.843197 0.574270 1.912957
v -1.969223 0.574270 2.034006
v -1.888660 0.574270 1.914133
v -1.930999 0.574270 1.942055
v -1.959289 0.574270 1.984149
v -1.959472 0.588364 2.038170
v -1.808278 0.588366 1.921718
v -1.854427 0.588364 1.920190
v -1.959472 0.588364 2.022489
v -1.891861 0.588364 1.921888
v -1.927393 0.588364 1.945321
v -1.951135 0.588364 1.980648
v -1.945892 0.597736 2.017948
v -1.831108 0.597739 1.929402
v -1.870067 0.597736 1.931326
v -1.945892 0.597736 2.006451
v -1.896319 0.597736 1.932689
v -1.922372 0.597736 1.949870
v -1.939779 0.597736 1.975772
v -1.929241 0.601223 1.993152
v -1.872892 0.601223 1.942799
v -1.884765 0.601223 1.942695
v -1.929241 0.601223 1.986785
v -1.901785 0.601223 1.945932
v -1.916214 0.601223 1.955448
v -1.925855 0.601223 1.969794
v -1.929213 0.428355 3.927189
v -1.972576 0.428355 3.970552
v -1.945807 0.428355 3.930490
v -1.959875 0.428355 3.939890
v -1.969275 0.428355 3.953958
v -1.929213 0.557779 3.927189
v -1.929213 0.601142 3.970552
v -1.972576 0.557779 3.970552
v -1.929213 0.574374 3.930490
v -1.929213 0.588441 3.939890
v -1.945807 0.557779 3.930490
v -1.946223 0.574789 3.934474
v -1.945360 0.586236 3.942095
v -1.954248 0.582815 3.945516
v -1.945807 0.597841 3.970552
v -1.959875 0.588441 3.970552
v -1.929213 0.597841 3.953958
v -1.946223 0.593858 3.953542
v -1.957670 0.586236 3.954405
v -1.969275 0.557779 3.953958
v -1.959875 0.557779 3.939890
v -1.969275 0.574374 3.970552
v -1.965291 0.574789 3.953542
v -1.957670 0.573926 3.942095
v -1.972576 0.428355 4.197758
v -1.798093 0.428355 4.353678
v -1.299540 0.428355 3.970552
v -1.342903 0.428355 3.927189
v -1.302841 0.428355 3.953958
v -1.312241 0.428355 3.939890
v -1.326309 0.428355 3.930490
v -1.342903 0.601142 3.970552
v -1.342903 0.557779 3.927189
v -1.299540 0.557779 3.970552
v -1.342903 0.597841 3.953958
v -1.342903 0.588441 3.939890
v -1.326309 0.597841 3.970552
v -1.325893 0.593858 3.953542
v -1.326756 0.586236 3.942095
v -1.317868 0.582815 3.945516
v -1.326309 0.557779 3.930490
v -1.312241 0.557779 3.939890
v -1.342903 0.574374 3.930490
v -1.325893 0.574789 3.934474
v -1.314446 0.573926 3.942095
v -1.302841 0.574374 3.970552
v -1.312241 0.588441 3.970552
v -1.302841 0.557779 3.953958
v -1.306825 0.574789 3.953542
v -1.314446 0.586236 3.954405
v -1.342903 0.428355 4.353678
v -1.299540 0.428355 4.310315
v -1.326309 0.428355 4.350377
v -1.312241 0.428355 4.340977
v -1.302841 0.428355 4.326909
v -1.342903 0.601142 4.310315
v -1.299540 0.557779 4.310315
v -1.342903 0.557779 4.353678
v -1.326309 0.597841 4.310315
v -1.312241 0.588441 4.310315
v -1.342903 0.597841 4.326909
v -1.325893 0.593858 4.327325
v -1.314446 0.586236 4.326462
v -1.317868 0.582815 4.335351
v -1.302841 0.557779 4.326909
v -1.312241 0.557779 4.340977
v -1.302841 0.574374 4.310315
v -1.306825 0.574789 4.327325
v -1.314446 0.573926 4.338772
v -1.342903 0.574374 4.350377
v -1.342903 0.588441 4.340977
v -1.326309 0.557779 4.350377
v -1.325893 0.574789 4.346393
v -1.326756 0.586236 4.338772
v -1.834857 0.428355 4.353998
v -1.972576 0.428355 4.217476
v -1.887560 0.428355 4.343974
v -1.932239 0.428355 4.314509
v -1.962092 0.428355 4.270089
v -1.972576 0.557779 4.197758
v -1.798093 0.557779 4.353678
v -1.834857 0.557779 4.353998
v -1.972576 0.557779 4.217476
v -1.887560 0.557779 4.343974
v -1.932239 0.557779 4.314509
v -1.962092 0.557779 4.270089
v -1.969223 0.574270 4.202750
v -1.803879 0.574270 4.350503
v -1.843197 0.574270 4.342484
v -1.969223 0.574270 4.221435
v -1.888660 0.574270 4.341308
v -1.930999 0.574270 4.313386
v -1.959289 0.574270 4.271293
v -1.959472 0.588364 4.217271
v -1.808278 0.588366 4.333723
v -1.854427 0.588364 4.335250
v -1.959472 0.588364 4.232951
v -1.891861 0.588364 4.333552
v -1.927393 0.588364 4.310120
v -1.951135 0.588364 4.274794
v -1.945892 0.597736 4.237493
v -1.831108 0.597739 4.326039
v -1.870067 0.597736 4.324115
v -1.945892 0.597736 4.248990
v -1.896319 0.597736 4.322752
v -1.922372 0.597736 4.305571
v -1.939779 0.597736 4.279669
v -1.929241 0.601223 4.262288
v -1.872892 0.601223 4.312642
v -1.884765 0.601223 4.312746
v -1.929241 0.601223 4.268656
v -1.901785 0.601223 4.309508
v -1.916214 0.601223 4.299993
v -1.925855 0.601223 4.285647
v 0.520663 0.428355 2.994388
v 0.477300 0.428355 2.951025
v 0.504069 0.428355 2.991087
v 0.490001 0.428355 2.981687
v 0.480601 0.428355 2.967619
v 0.520663 0.557779 2.994388
v 0.520663 0.601142 2.951025
v 0.477300 0.557779 2.951025
v 0.520663 0.574374 2.991087
v 0.520663 0.588441 2.981687
v 0.504069 0.557779 2.991087
v 0.503653 0.574789 2.987103
v 0.504516 0.586236 2.979482
v 0.495628 0.582815 2.976060
v 0.504069 0.597841 2.951025
v 0.490001 0.588441 2.951025
v 0.520663 0.597841 2.967619
v 0.503653 0.593858 2.968035
v 0.492206 0.586236 2.967172
v 0.480601 0.557779 2.967619
v 0.490001 0.557779 2.981687
v 0.480601 0.574374 2.951025
v 0.484585 0.574789 2.968035
v 0.492206 0.573926 2.979482
v 0.477300 0.428355 2.611262
v 0.520663 0.428355 2.567899
v 0.480601 0.428355 2.594667
v 0.490001 0.428355 2.580600
v 0.504069 0.428355 2.571200
v 0.520663 0.601142 2.611262
v 0.520663 0.557779 2.567899
v 0.477300 0.557779 2.611262
v 0.520663 0.597841 2.594667
v 0.520663 0.588441 2.580600
v 0.504069 0.597841 2.611262
v 0.503653 0.593858 2.594252
v 0.504516 0.586236 2.582805
v 0.495628 0.582815 2.586226
v 0.504069 0.557779 2.571200
v 0.490001 0.557779 2.580600
v 0.520663 0.574374 2.571200
v 0.503653 0.574789 2.575183
v 0.492206 0.573926 2.582805
v 0.480601 0.574374 2.611262
v 0.490001 0.588441 2.611262
v 0.480601 0.557779 2.594667
v 0.484585 0.574789 2.594252
v 0.492206 0.586236 2.595115
v 1.150336 0.428355 2.951025
v 1.106973 0.428355 2.994388
v 1.147035 0.428355 2.967619
v 1.137635 0.428355 2.981687
v 1.123567 0.428355 2.991087
v 1.106973 0.601142 2.951025
v 1.106973 0.557779 2.994388
v 1.150336 0.557779 2.951025
v 1.106973 0.597841 2.967619
v 1.106973 0.588441 2.981687
v 1.123567 0.597841 2.951025
v 1.123983 0.593858 2.968035
v 1.123120 0.586236 2.979482
v 1.132009 0.582815 2.976060
v 1.123567 0.557779 2.991087
v 1.137635 0.557779 2.981687
v 1.106973 0.574374 2.991087
v 1.123983 0.574789 2.987103
v 1.135430 0.573926 2.979482
v 1.147035 0.574374 2.951025
v 1.137635 0.588441 2.951025
v 1.147035 0.557779 2.967619
v 1.143051 0.574789 2.968035
v 1.135430 0.586236 2.967172
v 1.106973 0.428355 2.567899
v 1.150336 0.428355 2.611262
v 1.123567 0.428355 2.571200
v 1.137635 0.428355 2.580600
v 1.147035 0.428355 2.594667
v 1.106973 0.601142 2.611262
v 1.150336 0.557779 2.611262
v 1.106973 0.557779 2.567899
v 1.123567 0.597841 2.611262
v 1.137635 0.588441 2.611262
v 1.106973 0.597841 2.594667
v 1.123983 0.593858 2.594252
v 1.135430 0.586236 2.595115
v 1.132009 0.582815 2.586226
v 1.147035 0.557779 2.594667
v 1.137635 0.557779 2.580600
v 1.147035 0.574374 2.611262
v 1.143051 0.574789 2.594252
v 1.135430 0.573926 2.582805
v 1.106973 0.574374 2.571200
v 1.106973 0.588441 2.580600
v 1.123567 0.557779 2.571200
v 1.123983 0.574789 2.575183
v 1.123120 0.586236 2.582805
v 0.520663 0.428355 3.665165
v 0.477300 0.428355 3.621803
v 0.504069 0.428355 3.661865
v 0.490001 0.428355 3.652465
v 0.480601 0.428355 3.638397
v 0.520663 0.557779 3.665165
v 0.520663 0.601142 3.621803
v 0.477300 0.557779 3.621803
v 0.520663 0.574374 3.661865
v 0.520663 0.588441 3.652465
v 0.504069 0.557779 3.661865
v 0.503653 0.574789 3.657881
v 0.504516 0.586236 3.650259
v 0.495628 0.582815 3.646838
v 0.504069 0.597841 3.621803
v 0.490001 0.588441 3.621803
v 0.520663 0.597841 3.638397
v 0.503653 0.593858 3.638813
v 0.492206 0.586236 3.637950
v 0.480601 0.557779 3.638397
v 0.490001 0.557779 3.652465
v 0.480601 0.574374 3.621803
v 0.484585 0.574789 3.638813
v 0.492206 0.573926 3.650259
v 0.477300 0.428355 3.282039
v 0.520663 0.428355 3.238677
v 0.480601 0.428355 3.265445
v 0.490001 0.428355 3.251377
v 0.504069 0.428355 3.241977
v 0.520663 0.601142 3.282039
v 0.520663 0.557779 3.238677
v 0.477300 0.557779 3.282039
v 0.520663 0.597841 3.265445
v 0.520663 0.588441 3.251377
v 0.504069 0.597841 3.282039
v 0.503653 0.593858 3.265029
v 0.504516 0.586236 3.253582
v 0.495628 0.582815 3.257004
v 0.504069 0.557779 3.241977
v 0.490001 0.557779 3.251377
v 0.520663 0.574374 3.241977
v 0.503653 0.574789 3.245961
v 0.492206 0.573926 3.253582
v 0.480601 0.574374 3.282039
v 0.490001 0.588441 3.282039
v 0.480601 0.557779 3.265445
v 0.484585 0.574789 3.265029
v 0.492206 0.586236 3.265893
v 1.150336 0.428355 3.621803
v 1.106973 0.428355 3.665165
v 1.147035 0.428355 3.638397
v 1.137635 0.428355 3.652465
v 1.123567 0.428355 3.661865
v 1.106973 0.601142 3.621803
v 1.106973 0.557779 3.665165
v 1.150336 0.557779 3.621803
v 1.106973 0.597841 3.638397
v 1.106973 0.588441 3.652465
v 1.123567 0.597841 3.621803
v 1.123983 0.593858 3.638813
v 1.123120 0.586236 3.650259
v 1.132009 0.582815 3.646838
v 1.123567 0.557779 3.661865
v 1.137635 0.557779 3.652465
v 1.106973 0.574374 3.661865
v 1.123983 0.574789 3.657881
v 1.135430 0.573926 3.650259
v 1.147035 0.574374 3.621803
v 1.137635 0.588441 3.621803
v 1.147035 0.557779 3.638397
v 1.143051 0.574789 3.638813
v 1.135430 0.586236 3.637950
v 1.106973 0.428355 3.238677
v 1.150336 0.428355 3.282039
v 1.123567 0.428355 3.241977
v 1.137635 0.428355 3.251377
v 1.147035 0.428355 3.265445
v 1.106973 0.601142 3.282039
v 1.150336 0.557779 3.282039
v 1.106973 0.557779 3.238677
v 1.123567 0.597841 3.282039
v 1.137635 0.588441 3.282039
v 1.106973 0.597841 3.265445
v 1.123983 0.593858 3.265029
v 1.135430 0.586236 3.265893
v 1.132009 0.582815 3.257004
v 1.147035 0.557779 3.265445
v 1.137635 0.557779 3.251377
v 1.147035 0.574374 3.282039
v 1.143051 0.574789 3.265029
v 1.135430 0.573926 3.253582
v 1.106973 0.574374 3.241977
v 1.106973 0.588441 3.251377
v 1.123567 0.557779 3.241977
v 1.123983 0.574789 3.245961
v 1.123120 0.586236 3.253582
v 0.520663 0.428355 4.340585
v 0.477300 0.428355 4.297222
v 0.504069 0.428355 4.337284
v 0.490001 0.428355 4.327885
v 0.480601 0.428355 4.313817
v 0.520663 0.557779 4.340585
v 0.520663 0.601142 4.297222
v 0.477300 0.557779 4.297222
v 0.520663 0.574374 4.337284
v 0.520663 0.588441 4.327885
v 0.504069 0.557779 4.337284
v 0.503653 0.574789 4.333301
v 0.504516 0.586236 4.325679
v 0.495628 0.582815 4.322258
v 0.504069 0.597841 4.297222
v 0.490001 0.588441 4.297222
v 0.520663 0.597841 4.313817
v 0.503653 0.593858 4.314233
v 0.492206 0.586236 4.313370
v 0.480601 0.557779 4.313817
v 0.490001 0.557779 4.327885
v 0.480601 0.574374 4.297222
v 0.484585 0.574789 4.314233
v 0.492206 0.573926 4.325679
v 0.477300 0.428355 3.957459
v 0.520663 0.428355 3.914097
v 0.480601 0.428355 3.940865
v 0.490001 0.428355 3.926797
v 0.504069 0.428355 3.917397
v 0.520663 0.601142 3.957459
v 0.520663 0.557779 3.914097
v 0.477300 0.557779 3.957459
v 0.520663 0.597841 3.940865
v 0.520663 0.588441 3.926797
v 0.504069 0.597841 3.957459
v 0.503653 0.593858 3.940449
v 0.504516 0.586236 3.929002
v 0.495628 0.582815 3.932424
v 0.504069 0.557779 3.917397
v 0.490001 0.557779 3.926797
v 0.520663 0.574374 3.917397
v 0.503653 0.574789 3.921381
v 0.492206 0.573926 3.929002
v 0.480601 0.574374 3.957459
v 0.490001 0.588441 3.957459
v 0.480601 0.557779 3.940865
v 0.484585 0.574789 3.940449
v 0.492206 0.586236 3.941312
v 1.150336 0.428355 4.297222
v 1.106973 0.428355 4.340585
v 1.147035 0.428355 4.313817
v 1.137635 0.428355 4.327885
v 1.123567 0.428355 4.337284
v 1.106973 0.601142 4.297222
v 1.106973 0.557779 4.340585
v 1.150336 0.557779 4.297222
v 1.106973 0.597841 4.313817
v 1.106973 0.588441 4.327885
v 1.123567 0.597841 4.297222
v 1.123983 0.593858 4.314233
v 1.123120 0.586236 4.325679
v 1.132009 0.582815 4.322258
v 1.123567 0.557779 4.337284
v 1.137635 0.557779 4.327885
v 1.106973 0.574374 4.337284
v 1.123983 0.574789 4.333301
v 1.135430 0.573926 4.325679
v 1.147035 0.574374 4.297222
v 1.137635 0.588441 4.297222
v 1.147035 0.557779 4.313817
v 1.143051 0.574789 4.314233
v 1.135430 0.586236 4.313370
v 1.106973 0.428355 3.914097
v 1.150336 0.428355 3.957459
v 1.123567 0.428355 3.917397
v 1.137635 0.428355 3.926797
v 1.147035 0.428355 3.940865
v 1.106973 0.601142 3.957459
v 1.150336 0.557779 3.957459
v 1.106973 0.557779 3.914097
v 1.123567 0.597841 3.957459
v 1.137635 0.588441 3.957459
v 1.106973 0.597841 3.940865
v 1.123983 0.593858 3.940449
v 1.135430 0.586236 3.941312
v 1.132009 0.582815 3.932424
v 1.147035 0.557779 3.940865
v 1.137635 0.557779 3.926797
v 1.147035 0.574374 3.957459
v 1.143051 0.574789 3.940449
v 1.135430 0.573926 3.929002
v 1.106973 0.574374 3.917397
v 1.106973 0.588441 3.926797
v 1.123567 0.557779 3.917397
v 1.123983 0.574789 3.921381
v 1.123120 0.586236 3.929002
v 1.338855 0.428355 2.994388
v 1.295492 0.428355 2.951025
v 1.322261 0.428355 2.991087
v 1.308193 0.428355 2.981687
v 1.298793 0.428355 2.967619
v 1.338855 0.557779 2.994388
v 1.338855 0.601142 2.951025
v 1.295492 0.557779 2.951025
v 1.338855 0.574374 2.991087
v 1.338855 0.588441 2.981687
v 1.322261 0.557779 2.991087
v 1.321845 0.574789 2.987103
v 1.322708 0.586236 2.979482
v 1.313820 0.582815 2.976060
v 1.322261 0.597841 2.951025
v 1.308193 0.588441 2.951025
v 1.338855 0.597841 2.967619
v 1.321845 0.593858 2.968035
v 1.310398 0.586236 2.967172
v 1.298793 0.557779 2.967619
v 1.308193 0.557779 2.981687
v 1.298793 0.574374 2.951025
v 1.302777 0.574789 2.968035
v 1.310398 0.573926 2.979482
v 1.295492 0.428355 2.611262
v 1.338855 0.428355 2.567899
v 1.298793 0.428355 2.594667
v 1.308193 0.428355 2.580600
v 1.322261 0.428355 2.571200
v 1.338855 0.601142 2.611262
v 1.338855 0.557779 2.567899
v 1.295492 0.557779 2.611262
v 1.338855 0.597841 2.594667
v 1.338855 0.588441 2.580600
v 1.322261 0.597841 2.611262
v 1.321845 0.593858 2.594252
v 1.322708 0.586236 2.582805
v 1.313820 0.582815 2.586226
v 1.322261 0.557779 2.571200
v 1.308193 0.557779 2.580600
v 1.338855 0.574374 2.571200
v 1.321845 0.574789 2.575183
v 1.310398 0.573926 2.582805
v 1.298793 0.574374 2.611262
v 1.308193 0.588441 2.611262
v 1.298793 0.557779 2.594667
v 1.302777 0.574789 2.594252
v 1.310398 0.586236 2.595115
v 1.968528 0.428355 2.951025
v 1.925165 0.428355 2.994388
v 1.965227 0.428355 2.967619
v 1.955827 0.428355 2.981687
v 1.941759 0.428355 2.991087
v 1.925165 0.601142 2.951025
v 1.925165 0.557779 2.994388
v 1.968528 0.557779 2.951025
v 1.925165 0.597841 2.967619
v 1.925165 0.588441 2.981687
v 1.941759 0.597841 2.951025
v 1.942175 0.593858 2.968035
v 1.941312 0.586236 2.979482
v 1.950200 0.582815 2.976060
v 1.941759 0.557779 2.991087
v 1.955827 0.557779 2.981687
v 1.925165 0.574374 2.991087
v 1.942175 0.574789 2.987103
v 1.953622 0.573926 2.979482
v 1.965227 0.574374 2.951025
v 1.955827 0.588441 2.951025
v 1.965227 0.557779 2.967619
v 1.961243 0.574789 2.968035
v 1.953622 0.586236 2.967172
v 1.925165 0.428355 2.567899
v 1.968528 0.428355 2.611262
v 1.941759 0.428355 2.571200
v 1.955827 0.428355 2.580600
v 1.965227 0.428355 2.594667
v 1.925165 0.601142 2.611262
v 1.968528 0.557779 2.611262
v 1.925165 0.557779 2.567899
v 1.941759 0.597841 2.611262
v 1.955827 0.588441 2.611262
v 1.925165 0.597841 2.594667
v 1.942175 0.593858 2.594252
v 1.953622 0.586236 2.595115
v 1.950200 0.582815 2.586226
v 1.965227 0.557779 2.594667
v 1.955827 0.557779 2.580600
v 1.965227 0.574374 2.611262
v 1.961243 0.574789 2.594252
v 1.953622 0.573926 2.582805
v 1.925165 0.574374 2.571200
v 1.925165 0.588441 2.580600
v 1.941759 0.557779 2.571200
v 1.942175 0.574789 2.575183
v 1.941312 0.586236 2.582805
v 1.338855 0.428355 3.665165
v 1.295492 0.428355 3.621803
v 1.322261 0.428355 3.661865
v 1.308193 0.428355 3.652465
v 1.298793 0.428355 3.638397
v 1.338855 0.557779 3.665165
v 1.338855 0.601142 3.621803
v 1.295492 0.557779 3.621803
v 1.338855 0.574374 3.661865
v 1.338855 0.588441 3.652465
v 1.322261 0.557779 3.661865
v 1.321845 0.574789 3.657881
v 1.322708 0.586236 3.650259
v 1.313820 0.582815 3.646838
v 1.322261 0.597841 3.621803
v 1.308193 0.588441 3.621803
v 1.338855 0.597841 3.638397
v 1.321845 0.593858 3.638813
v 1.310398 0.586236 3.637950
v 1.298793 0.557779 3.638397
v 1.308193 0.557779 3.652465
v 1.298793 0.574374 3.621803
v 1.302777 0.574789 3.638813
v 1.310398 0.573926 3.650259
v 1.295492 0.428355 3.282039
v 1.338855 0.428355 3.238677
v 1.298793 0.428355 3.265445
v 1.308193 0.428355 3.251377
v 1.322261 0.428355 3.241977
v 1.338855 0.601142 3.282039
v 1.338855 0.557779 3.238677
v 1.295492 0.557779 3.282039
v 1.338855 0.597841 3.265445
v 1.338855 0.588441 3.251377
v 1.322261 0.597841 3.282039
v 1.321845 0.593858 3.265029
v 1.322708 0.586236 3.253582
v 1.313820 0.582815 3.257004
v 1.322261 0.557779 3.241977
v 1.308193 0.557779 3.251377
v 1.338855 0.574374 3.241977
v 1.321845 0.574789 3.245961
v 1.310398 0.573926 3.253582
v 1.298793 0.574374 3.282039
v 1.308193 0.588441 3.282039
v 1.298793 0.557779 3.265445
v 1.302777 0.574789 3.265029
v 1.310398 0.586236 3.265893
v 1.968528 0.428355 3.621803
v 1.925165 0.428355 3.665165
v 1.965227 0.428355 3.638397
v 1.955827 0.428355 3.652465
v 1.941759 0.428355 3.661865
v 1.925165 0.601142 3.621803
v 1.925165 0.557779 3.665165
v 1.968528 0.557779 3.621803
v 1.925165 0.597841 3.638397
v 1.925165 0.588441 3.652465
v 1.941759 0.597841 3.621803
v 1.942175 0.593858 3.638813
v 1.941312 0.586236 3.650259
v 1.950200 0.582815 3.646838
v 1.941759 0.557779 3.661865
v 1.955827 0.557779 3.652465
v 1.925165 0.574374 3.661865
v 1.942175 0.574789 3.657881
v 1.953622 0.573926 3.650259
v 1.965227 0.574374 3.621803
v 1.955827 0.588441 3.621803
v 1.965227 0.557779 3.638397
v 1.961243 0.574789 3.638813
v 1.953622 0.586236 3.637950
v 1.925165 0.428355 3.238677
v 1.968528 0.428355 3.282039
v 1.941759 0.428355 3.241977
v 1.955827 0.428355 3.251377
v 1.965227 0.428355 3.265445
v 1.925165 0.601142 3.282039
v 1.968528 0.557779 3.282039
v 1.925165 0.557779 3.238677
v 1.941759 0.597841 3.282039
v 1.955827 0.588441 3.282039
v 1.925165 0.597841 3.265445
v 1.942175 0.593858 3.265029
v 1.953622 0.586236 3.265893
v 1.950200 0.582815 3.257004
v 1.965227 0.557779 3.265445
v 1.955827 0.557779 3.251377
v 1.965227 0.574374 3.282039
v 1.961243 0.574789 3.265029
v 1.953622 0.573926 3.253582
v 1.925165 0.574374 3.241977
v 1.925165 0.588441 3.251377
v 1.941759 0.557779 3.241977
v 1.942175 0.574789 3.245961
v 1.941312 0.586236 3.253582
v 0.520663 0.428355 2.316572
v 0.477300 0.428355 2.273209
v 0.504069 0.428355 2.313271
v 0.490001 0.428355 2.303871
v 0.480601 0.428355 2.289803
v 0.520663 0.557779 2.316572
v 0.520663 0.601142 2.273209
v 0.477300 0.557779 2.273209
v 0.520663 0.574374 2.313271
v 0.520663 0.588441 2.303871
v 0.504069 0.557779 2.313271
v 0.503653 0.574789 2.309287
v 0.504516 0.586236 2.301666
v 0.495628 0.582815 2.298244
v 0.504069 0.597841 2.273209
v 0.490001 0.588441 2.273209
v 0.520663 0.597841 2.289803
v 0.503653 0.593858 2.290219
v 0.492206 0.586236 2.289356
v 0.480601 0.557779 2.289803
v 0.490001 0.557779 2.303871
v 0.480601 0.574374 2.273209
v 0.484585 0.574789 2.290219
v 0.492206 0.573926 2.301666
v 0.477300 0.428355 1.933446
v 0.520663 0.428355 1.890083
v 0.480601 0.428355 1.916852
v 0.490001 0.428355 1.902784
v 0.504069 0.428355 1.893384
v 0.520663 0.601142 1.933446
v 0.520663 0.557779 1.890083
v 0.477300 0.557779 1.933446
v 0.520663 0.597841 1.916852
v 0.520663 0.588441 1.902784
v 0.504069 0.597841 1.933446
v 0.503653 0.593858 1.916436
v 0.504516 0.586236 1.904989
v 0.495628 0.582815 1.908410
v 0.504069 0.557779 1.893384
v 0.490001 0.557779 1.902784
v 0.520663 0.574374 1.893384
v 0.503653 0.574789 1.897367
v 0.492206 0.573926 1.904989
v 0.480601 0.574374 1.933446
v 0.490001 0.588441 1.933446
v 0.480601 0.557779 1.916852
v 0.484585 0.574789 1.916436
v 0.492206 0.586236 1.917299
v 1.150336 0.428355 2.273209
v 1.106973 0.428355 2.316572
v 1.147035 0.428355 2.289803
v 1.137635 0.428355 2.303871
v 1.123567 0.428355 2.313271
v 1.106973 0.601142 2.273209
v 1.106973 0.557779 2.316572
v 1.150336 0.557779 2.273209
v 1.106973 0.597841 2.289803
v 1.106973 0.588441 2.303871
v 1.123567 0.597841 2.273209
v 1.123983 0.593858 2.290219
v 1.123120 0.586236 2.301666
v 1.132009 0.582815 2.298244
v 1.123567 0.557779 2.313271
v 1.137635 0.557779 2.303871
v 1.106973 0.574374 2.313271
v 1.123983 0.574789 2.309287
v 1.135430 0.573926 2.301666
v 1.147035 0.574374 2.273209
v 1.137635 0.588441 2.273209
v 1.147035 0.557779 2.289803
v 1.143051 0.574789 2.290219
v 1.135430 0.586236 2.289356
v 1.106973 0.428355 1.890083
v 1.150336 0.428355 1.933446
v 1.123567 0.428355 1.893384
v 1.137635 0.428355 1.902784
v 1.147035 0.428355 1.916852
v 1.106973 0.601142 1.933446
v 1.150336 0.557779 1.933446
v 1.106973 0.557779 1.890083
v 1.123567 0.597841 1.933446
v 1.137635 0.588441 1.933446
v 1.106973 0.597841 1.916852
v 1.123983 0.593858 1.916436
v 1.135430 0.586236 1.917299
v 1.132009 0.582815 1.908410
v 1.147035 0.557779 1.916852
v 1.137635 0.557779 1.902784
v 1.147035 0.574374 1.933446
v 1.143051 0.574789 1.916436
v 1.135430 0.573926 1.904989
v 1.106973 0.574374 1.893384
v 1.106973 0.588441 1.902784
v 1.123567 0.557779 1.893384
v 1.123983 0.574789 1.897367
v 1.123120 0.586236 1.904989
v 1.905800 0.428355 2.328252
v 1.949163 0.428355 2.284889
v 1.922394 0.428355 2.324951
v 1.936462 0.428355 2.315551
v 1.945862 0.428355 2.301483
v 1.905800 0.557779 2.328252
v 1.905800 0.601142 2.284889
v 1.949163 0.557779 2.284889
v 1.905800 0.574374 2.324951
v 1.905800 0.588441 2.315551
v 1.922394 0.557779 2.324951
v 1.922810 0.574789 2.320967
v 1.921947 0.586236 2.313346
v 1.930835 0.582815 2.309925
v 1.922394 0.597841 2.284889
v 1.936462 0.588441 2.284889
v 1.905800 0.597841 2.301483
v 1.922810 0.593858 2.301899
v 1.934257 0.586236 2.301036
v 1.945862 0.557779 2.301483
v 1.936462 0.557779 2.315551
v 1.945862 0.574374 2.284889
v 1.941878 0.574789 2.301899
v 1.934257 0.573926 2.313346
v 1.949163 0.428355 2.057683
v 1.774680 0.428355 1.901763
v 1.276127 0.428355 2.284889
v 1.319490 0.428355 2.328252
v 1.279428 0.428355 2.301483
v 1.288828 0.428355 2.315551
v 1.302896 0.428355 2.324951
v 1.319490 0.601142 2.284889
v 1.319490 0.557779 2.328252
v 1.276127 0.557779 2.284889
v 1.319490 0.597841 2.301483
v 1.319490 0.588441 2.315551
v 1.302896 0.597841 2.284889
v 1.302480 0.593858 2.301899
v 1.303343 0.586236 2.313346
v 1.294455 0.582815 2.309925
v 1.302896 0.557779 2.324951
v 1.288828 0.557779 2.315551
v 1.319490 0.574374 2.324951
v 1.302480 0.574789 2.320967
v 1.291033 0.573926 2.313346
v 1.279428 0.574374 2.284889
v 1.288828 0.588441 2.284889
v 1.279428 0.557779 2.301483
v 1.283412 0.574789 2.301899
v 1.291033 0.586236 2.301036
v 1.319490 0.428355 1.901763
v 1.276127 0.428355 1.945126
v 1.302896 0.428355 1.905064
v 1.288828 0.428355 1.914464
v 1.279428 0.428355 1.928532
v 1.319490 0.601142 1.945126
v 1.276127 0.557779 1.945126
v 1.319490 0.557779 1.901763
v 1.302896 0.597841 1.945126
v 1.288828 0.588441 1.945126
v 1.319490 0.597841 1.928532
v 1.302480 0.593858 1.928116
v 1.291033 0.586236 1.928979
v 1.294455 0.582815 1.920090
v 1.279428 0.557779 1.928532
v 1.288828 0.557779 1.914464
v 1.279428 0.574374 1.945126
v 1.283412 0.574789 1.928116
v 1.291033 0.573926 1.916669
v 1.319490 0.574374 1.905064
v 1.319490 0.588441 1.914464
v 1.302896 0.557779 1.905064
v 1.302480 0.574789 1.909048
v 1.303343 0.586236 1.916669
v 1.811445 0.428355 1.901443
v 1.949163 0.428355 2.037965
v 1.864147 0.428355 1.911467
v 1.908826 0.428355 1.940932
v 1.938679 0.428355 1.985352
v 1.949163 0.557779 2.057683
v 1.774680 0.557779 1.901763
v 1.811445 0.557779 1.901443
v 1.949163 0.557779 2.037965
v 1.864147 0.557779 1.911467
v 1.908826 0.557779 1.940932
v 1.938679 0.557779 1.985352
v 1.945810 0.574270 2.052690
v 1.780466 0.574270 1.904938
v 1.819784 0.574270 1.912957
v 1.945810 0.574270 2.034006
v 1.865247 0.574270 1.914133
v 1.907586 0.574270 1.942055
v 1.935876 0.574270 1.984149
v 1.936059 0.588364 2.038170
v 1.784865 0.588366 1.921718
v 1.831014 0.588364 1.920190
v 1.936059 0.588364 2.022489
v 1.868448 0.588364 1.921888
v 1.903980 0.588364 1.945321
v 1.927722 0.588364 1.980648
v 1.922479 0.597736 2.017948
v 1.807695 0.597739 1.929402
v 1.846654 0.597736 1.931326
v 1.922479 0.597736 2.006451
v 1.872906 0.597736 1.932689
v 1.898959 0.597736 1.949870
v 1.916366 0.597736 1.975772
v 1.905828 0.601223 1.993152
v 1.849479 0.601223 1.942799
v 1.861352 0.601223 1.942695
v 1.905828 0.601223 1.986785
v 1.878372 0.601223 1.945932
v 1.892801 0.601223 1.955448
v 1.902442 0.601223 1.969794
v 1.905800 0.428355 3.905853
v 1.949163 0.428355 3.949215
v 1.922394 0.428355 3.909153
v 1.936462 0.428355 3.918553
v 1.945862 0.428355 3.932621
v 1.905800 0.557779 3.905853
v 1.905800 0.601142 3.949215
v 1.949163 0.557779 3.949215
v 1.905800 0.574374 3.909153
v 1.905800 0.588441 3.918553
v 1.922394 0.557779 3.909153
v 1.922810 0.574789 3.913137
v 1.921947 0.586236 3.920758
v 1.930835 0.582815 3.924180
v 1.922394 0.597841 3.949215
v 1.936462 0.588441 3.949215
v 1.905800 0.597841 3.932621
v 1.922810 0.593858 3.932205
v 1.934257 0.586236 3.933068
v 1.945862 0.557779 3.932621
v 1.936462 0.557779 3.918553
v 1.945862 0.574374 3.949215
v 1.941878 0.574789 3.932205
v 1.934257 0.573926 3.920758
v 1.949163 0.428355 4.176422
v 1.774680 0.428355 4.332341
v 1.276127 0.428355 3.949215
v 1.319490 0.428355 3.905853
v 1.279428 0.428355 3.932621
v 1.288828 0.428355 3.918553
v 1.302896 0.428355 3.909153
v 1.319490 0.601142 3.949215
v 1.319490 0.557779 3.905853
v 1.276127 0.557779 3.949215
v 1.319490 0.597841 3.932621
v 1.319490 0.588441 3.918553
v 1.302896 0.597841 3.949215
v 1.302480 0.593858 3.932205
v 1.303343 0.586236 3.920758
v 1.294455 0.582815 3.924180
v 1.302896 0.557779 3.909153
v 1.288828 0.557779 3.918553
v 1.319490 0.574374 3.909153
v 1.302480 0.574789 3.913137
v 1.291033 0.573926 3.920758
v 1.279428 0.574374 3.949215
v 1.288828 0.588441 3.949215
v 1.279428 0.557779 3.932621
v 1.283412 0.574789 3.932205
v 1.291033 0.586236 3.933068
v 1.319490 0.428355 4.332341
v 1.276127 0.428355 4.288979
v 1.302896 0.428355 4.329041
v 1.288828 0.428355 4.319640
v 1.279428 0.428355 4.305573
v 1.319490 0.601142 4.288979
v 1.276127 0.557779 4.288979
v 1.319490 0.557779 4.332341
v 1.302896 0.597841 4.288979
v 1.288828 0.588441 4.288979
v 1.319490 0.597841 4.305573
v 1.302480 0.593858 4.305988
v 1.291033 0.586236 4.305125
v 1.294455 0.582815 4.314014
v 1.279428 0.557779 4.305573
v 1.288828 0.557779 4.319640
v 1.279428 0.574374 4.288979
v 1.283412 0.574789 4.305988
v 1.291033 0.573926 4.317435
v 1.319490 0.574374 4.329041
v 1.319490 0.588441 4.319640
v 1.302896 0.557779 4.329041
v 1.302480 0.574789 4.325057
v 1.303343 0.586236 4.317435
v 1.811445 0.428355 4.332662
v 1.949163 0.428355 4.196139
v 1.864147 0.428355 4.322638
v 1.908826 0.428355 4.293173
v 1.938679 0.428355 4.248752
v 1.949163 0.557779 4.176422
v 1.774680 0.557779 4.332341
v 1.811445 0.557779 4.332662
v 1.949163 0.557779 4.196139
v 1.864147 0.557779 4.322638
v 1.908826 0.557779 4.293173
v 1.938679 0.557779 4.248752
v 1.945810 0.574270 4.181414
v 1.780466 0.574270 4.329166
v 1.819784 0.574270 4.321147
v 1.945810 0.574270 4.200099
v 1.865247 0.574270 4.319971
v 1.907586 0.574270 4.292049
v 1.935876 0.574270 4.249956
v 1.936059 0.588364 4.195934
v 1.784865 0.588366 4.312387
v 1.831014 0.588364 4.313914
v 1.936059 0.588364 4.211615
v 1.868448 0.588364 4.312216
v 1.903980 0.588364 4.288783
v 1.927722 0.588364 4.253457
v 1.922479 0.597736 4.216156
v 1.807695 0.597739 4.304702
v 1.846654 0.597736 4.302778
v 1.922479 0.597736 4.227654
v 1.872906 0.597736 4.301415
v 1.898959 0.597736 4.284234
v 1.916366 0.597736 4.258332
v 1.905828 0.601223 4.240952
v 1.849479 0.601223 4.291306
v 1.861352 0.601223 4.291409
v 1.905828 0.601223 4.247319
v 1.878372 0.601223 4.288172
v 1.892801 0.601223 4.278656
v 1.902442 0.601223 4.264311
vt 0.545090 0.505314
vt 0.545090 0.505314
vt 0.438656 0.505314
vt 0.438656 0.505314
vt 0.552962 0.574864
vt 0.552962 0.574864
vt 0.552962 0.513186
vt 0.552962 0.513186
vt 0.545090 0.574864
vt 0.438656 0.574864
vt 0.438656 0.513186
vt 0.545090 0.513186
vt 0.430785 0.513186
vt 0.430785 0.513186
vt 0.430785 0.574864
vt 0.430785 0.574864
vt 0.438656 0.582735
vt 0.438656 0.582735
vt 0.545090 0.582735
vt 0.545090 0.582735
vt 0.438656 0.505913
vt 0.435569 0.506637
vt 0.435644 0.505913
vt 0.438656 0.507620
vt 0.435725 0.508020
vt 0.433491 0.508020
vt 0.433090 0.507620
vt 0.434112 0.508641
vt 0.435644 0.513186
vt 0.435569 0.510098
vt 0.438656 0.510174
vt 0.433090 0.513186
vt 0.433491 0.510255
vt 0.431384 0.510174
vt 0.432107 0.510098
vt 0.431384 0.513186
vt 0.438656 0.577876
vt 0.435569 0.577951
vt 0.435644 0.574864
vt 0.438656 0.580430
vt 0.435725 0.580029
vt 0.433491 0.577795
vt 0.433090 0.574864
vt 0.434112 0.579408
vt 0.435644 0.582136
vt 0.435569 0.581413
vt 0.438656 0.582136
vt 0.433090 0.580430
vt 0.433491 0.580029
vt 0.431384 0.574864
vt 0.432107 0.577951
vt 0.431384 0.577876
vt 0.545090 0.510174
vt 0.548178 0.510098
vt 0.548102 0.513186
vt 0.545090 0.507620
vt 0.548021 0.508020
vt 0.550256 0.510255
vt 0.550656 0.513186
vt 0.549635 0.508641
vt 0.548102 0.505913
vt 0.548178 0.506637
vt 0.545090 0.505913
vt 0.550656 0.507620
vt 0.550256 0.508020
vt 0.552363 0.513186
vt 0.551639 0.510098
vt 0.552363 0.510174
vt 0.548102 0.574864
vt 0.548178 0.577951
vt 0.545090 0.577876
vt 0.550656 0.574864
vt 0.550256 0.577795
vt 0.548021 0.580029
vt 0.545090 0.580430
vt 0.549635 0.579408
vt 0.552363 0.577876
vt 0.551639 0.577951
vt 0.552363 0.574864
vt 0.550656 0.580430
vt 0.550256 0.580029
vt 0.545090 0.582136
vt 0.548178 0.581413
vt 0.548102 0.582136
vt 0.435644 0.505913
vt 0.433090 0.507620
vt 0.431384 0.510174
vt 0.435644 0.582136
vt 0.433090 0.580430
vt 0.431384 0.577876
vt 0.552363 0.577876
vt 0.550656 0.580430
vt 0.548102 0.582136
vt 0.548102 0.505913
vt 0.550656 0.507620
vt 0.552363 0.510174
vt 0.545090 0.657523
vt 0.545090 0.657523
vt 0.438656 0.657523
vt 0.438656 0.657523
vt 0.552962 0.727073
vt 0.552962 0.727073
vt 0.552962 0.665395
vt 0.552962 0.665395
vt 0.545090 0.727073
vt 0.438656 0.727073
vt 0.438656 0.665395
vt 0.545090 0.665395
vt 0.430785 0.665395
vt 0.430785 0.665395
vt 0.430785 0.727073
vt 0.430785 0.727073
vt 0.438656 0.734944
vt 0.438656 0.734944
vt 0.545090 0.734944
vt 0.545090 0.734944
vt 0.438656 0.658122
vt 0.435569 0.658846
vt 0.435644 0.658122
vt 0.438656 0.659829
vt 0.435725 0.660229
vt 0.433491 0.660229
vt 0.433090 0.659829
vt 0.434112 0.660850
vt 0.435644 0.665395
vt 0.435569 0.662307
vt 0.438656 0.662383
vt 0.433090 0.665395
vt 0.433491 0.662464
vt 0.431384 0.662383
vt 0.432107 0.662307
vt 0.431384 0.665395
vt 0.438656 0.730085
vt 0.435569 0.730161
vt 0.435644 0.727073
vt 0.438656 0.732639
vt 0.435725 0.732238
vt 0.433491 0.730004
vt 0.433090 0.727073
vt 0.434112 0.731617
vt 0.435644 0.734345
vt 0.435569 0.733622
vt 0.438656 0.734345
vt 0.433090 0.732639
vt 0.433491 0.732238
vt 0.431384 0.727073
vt 0.432107 0.730161
vt 0.431384 0.730085
vt 0.545090 0.662383
vt 0.548178 0.662307
vt 0.548102 0.665395
vt 0.545090 0.659829
vt 0.548021 0.660229
vt 0.550256 0.662464
vt 0.550656 0.665395
vt 0.549635 0.660850
vt 0.548102 0.658122
vt 0.548178 0.658846
vt 0.545090 0.658122
vt 0.550656 0.659829
vt 0.550256 0.660229
vt 0.552363 0.665395
vt 0.551639 0.662307
vt 0.552363 0.662383
vt 0.548102 0.727073
vt 0.548178 0.730161
vt 0.545090 0.730085
vt 0.550656 0.727073
vt 0.550256 0.730004
vt 0.548021 0.732238
vt 0.545090 0.732639
vt 0.549635 0.731617
vt 0.552363 0.730085
vt 0.551639 0.730161
vt 0.552363 0.727073
vt 0.550656 0.732639
vt 0.550256 0.732238
vt 0.545090 0.734345
vt 0.548178 0.733622
vt 0.548102 0.734345
vt 0.435644 0.658122
vt 0.433090 0.659829
vt 0.431384 0.662383
vt 0.435644 0.734345
vt 0.433090 0.732639
vt 0.431384 0.730085
vt 0.552363 0.730085
vt 0.550656 0.732639
vt 0.548102 0.734345
vt 0.548102 0.658122
vt 0.550656 0.659829
vt 0.552363 0.662383
vt 0.359701 0.657523
vt 0.359701 0.657523
vt 0.253267 0.657523
vt 0.253267 0.657523
vt 0.367572 0.727073
vt 0.367572 0.727073
vt 0.367572 0.665395
vt 0.367572 0.665395
vt 0.359701 0.727073
vt 0.253267 0.727073
vt 0.253267 0.665395
vt 0.359701 0.665395
vt 0.245395 0.665395
vt 0.245395 0.665395
vt 0.245395 0.727073
vt 0.245395 0.727073
vt 0.253267 0.734944
vt 0.253267 0.734944
vt 0.359701 0.734944
vt 0.359701 0.734944
vt 0.253267 0.658122
vt 0.250179 0.658846
vt 0.250255 0.658122
vt 0.253267 0.659829
vt 0.250336 0.660229
vt 0.248101 0.660229
vt 0.247701 0.659829
vt 0.248722 0.660850
vt 0.250255 0.665395
vt 0.250179 0.662307
vt 0.253267 0.662383
vt 0.247701 0.665395
vt 0.248101 0.662464
vt 0.245994 0.662383
vt 0.246718 0.662307
vt 0.245994 0.665395
vt 0.253267 0.730085
vt 0.250179 0.730161
vt 0.250255 0.727073
vt 0.253267 0.732639
vt 0.250336 0.732238
vt 0.248101 0.730004
vt 0.247701 0.727073
vt 0.248722 0.731617
vt 0.250255 0.734345
vt 0.250179 0.733622
vt 0.253267 0.734345
vt 0.247701 0.732639
vt 0.248101 0.732238
vt 0.245994 0.727073
vt 0.246718 0.730161
vt 0.245994 0.730085
vt 0.359701 0.662383
vt 0.362788 0.662307
vt 0.362713 0.665395
vt 0.359701 0.659829
vt 0.362632 0.660229
vt 0.364866 0.662464
vt 0.365267 0.665395
vt 0.364245 0.660850
vt 0.362713 0.658122
vt 0.362788 0.658846
vt 0.359701 0.658122
vt 0.365267 0.659829
vt 0.364866 0.660229
vt 0.366973 0.665395
vt 0.366250 0.662307
vt 0.366973 0.662383
vt 0.362713 0.727073
vt 0.362788 0.730161
vt 0.359701 0.730085
vt 0.365267 0.727073
vt 0.364866 0.730004
vt 0.362632 0.732238
vt 0.359701 0.732639
vt 0.364245 0.731617
vt 0.366973 0.730085
vt 0.366250 0.730161
vt 0.366973 0.727073
vt 0.365267 0.732639
vt 0.364866 0.732238
vt 0.359701 0.734345
vt 0.362788 0.733622
vt 0.362713 0.734345
vt 0.250255 0.658122
vt 0.247701 0.659829
vt 0.245994 0.662383
vt 0.250255 0.734345
vt 0.247701 0.732639
vt 0.245994 0.730085
vt 0.366973 0.730085
vt 0.365267 0.732639
vt 0.362713 0.734345
vt 0.362713 0.658122
vt 0.365267 0.659829
vt 0.366973 0.662383
vt 0.359701 0.505314
vt 0.359701 0.505314
vt 0.253267 0.505314
vt 0.253267 0.505314
vt 0.367572 0.574864
vt 0.367572 0.574864
vt 0.367572 0.513186
vt 0.367572 0.513186
vt 0.359701 0.574864
vt 0.253267 0.574864
vt 0.253267 0.513186
vt 0.359701 0.513186
vt 0.245395 0.513186
vt 0.245395 0.513186
vt 0.245395 0.574864
vt 0.245395 0.574864
vt 0.253267 0.582735
vt 0.253267 0.582735
vt 0.359701 0.582735
vt 0.359701 0.582735
vt 0.253267 0.505913
vt 0.250179 0.506637
vt 0.250255 0.505913
vt 0.253267 0.507620
vt 0.250336 0.508020
vt 0.248101 0.508020
vt 0.247701 0.507620
vt 0.248722 0.508641
vt 0.250255 0.513186
vt 0.250179 0.510098
vt 0.253267 0.510174
vt 0.247701 0.513186
vt 0.248101 0.510255
vt 0.245994 0.510174
vt 0.246718 0.510098
vt 0.245994 0.513186
vt 0.253267 0.577876
vt 0.250179 0.577951
vt 0.250255 0.574864
vt 0.253267 0.580430
vt 0.250336 0.580029
vt 0.248101 0.577795
vt 0.247701 0.574864
vt 0.248722 0.579408
vt 0.250255 0.582136
vt 0.250179 0.581413
vt 0.253267 0.582136
vt 0.247701 0.580430
vt 0.248101 0.580029
vt 0.245994 0.574864
vt 0.246718 0.577951
vt 0.245994 0.577876
vt 0.359701 0.510174
vt 0.362788 0.510098
vt 0.362713 0.513186
vt 0.359701 0.507620
vt 0.362632 0.508020
vt 0.364866 0.510255
vt 0.365267 0.513186
vt 0.364245 0.508641
vt 0.362713 0.505913
vt 0.362788 0.506637
vt 0.359701 0.505913
vt 0.365267 0.507620
vt 0.364866 0.508020
vt 0.366973 0.513186
vt 0.366250 0.510098
vt 0.366973 0.510174
vt 0.362713 0.574864
vt 0.362788 0.577951
vt 0.359701 0.577876
vt 0.365267 0.574864
vt 0.364866 0.577795
vt 0.362632 0.580029
vt 0.359701 0.580430
vt 0.364245 0.579408
vt 0.366973 0.577876
vt 0.366250 0.577951
vt 0.366973 0.574864
vt 0.365267 0.580430
vt 0.364866 0.580029
vt 0.359701 0.582136
vt 0.362788 0.581413
vt 0.362713 0.582136
vt 0.250255 0.505913
vt 0.247701 0.507620
vt 0.245994 0.510174
vt 0.250255 0.582136
vt 0.247701 0.580430
vt 0.245994 0.577876
vt 0.366973 0.577876
vt 0.365267 0.580430
vt 0.362713 0.582136
vt 0.362713 0.505913
vt 0.365267 0.507620
vt 0.366973 0.510174
vt 0.545090 0.353105
vt 0.545090 0.353105
vt 0.438656 0.353105
vt 0.438656 0.353105
vt 0.552962 0.422655
vt 0.552962 0.422655
vt 0.552962 0.360977
vt 0.552962 0.360977
vt 0.545090 0.422655
vt 0.438656 0.422655
vt 0.438656 0.360977
vt 0.545090 0.360977
vt 0.430785 0.360977
vt 0.430785 0.360977
vt 0.430785 0.422655
vt 0.430785 0.422655
vt 0.438656 0.430526
vt 0.438656 0.430526
vt 0.545090 0.430526
vt 0.545090 0.430526
vt 0.438656 0.353704
vt 0.435569 0.354428
vt 0.435644 0.353704
vt 0.438656 0.355411
vt 0.435725 0.355811
vt 0.433491 0.355811
vt 0.433090 0.355411
vt 0.434112 0.356432
vt 0.435644 0.360977
vt 0.435569 0.357889
vt 0.438656 0.357965
vt 0.433090 0.360977
vt 0.433491 0.358046
vt 0.431384 0.357965
vt 0.432107 0.357889
vt 0.431384 0.360977
vt 0.438656 0.425667
vt 0.435569 0.425742
vt 0.435644 0.422655
vt 0.438656 0.428221
vt 0.435725 0.427820
vt 0.433491 0.425586
vt 0.433090 0.422655
vt 0.434112 0.427199
vt 0.435644 0.429927
vt 0.435569 0.429204
vt 0.438656 0.429927
vt 0.433090 0.428221
vt 0.433491 0.427820
vt 0.431384 0.422655
vt 0.432107 0.425742
vt 0.431384 0.425667
vt 0.545090 0.357965
vt 0.548178 0.357889
vt 0.548102 0.360977
vt 0.545090 0.355411
vt 0.548021 0.355811
vt 0.550256 0.358046
vt 0.550656 0.360977
vt 0.549635 0.356432
vt 0.548102 0.353704
vt 0.548178 0.354428
vt 0.545090 0.353704
vt 0.550656 0.355411
vt 0.550256 0.355811
vt 0.552363 0.360977
vt 0.551639 0.357889
vt 0.552363 0.357965
vt 0.548102 0.422655
vt 0.548178 0.425742
vt 0.545090 0.425667
vt 0.550656 0.422655
vt 0.550256 0.425586
vt 0.548021 0.427820
vt 0.545090 0.428221
vt 0.549635 0.427199
vt 0.552363 0.425667
vt 0.551639 0.425742
vt 0.552363 0.422655
vt 0.550656 0.428221
vt 0.550256 0.427820
vt 0.545090 0.429927
vt 0.548178 0.429204
vt 0.548102 0.429927
vt 0.435644 0.353704
vt 0.433090 0.355411
vt 0.431384 0.357965
vt 0.435644 0.429927
vt 0.433090 0.428221
vt 0.431384 0.425667
vt 0.552363 0.425667
vt 0.550656 0.428221
vt 0.548102 0.429927
vt 0.548102 0.353704
vt 0.550656 0.355411
vt 0.552363 0.357965
vt 0.359701 0.353105
vt 0.359701 0.353105
vt 0.253267 0.353105
vt 0.253267 0.353105
vt 0.367572 0.422655
vt 0.367572 0.422655
vt 0.367572 0.360977
vt 0.367572 0.360977
vt 0.359701 0.422655
vt 0.253267 0.422655
vt 0.253267 0.360977
vt 0.359701 0.360977
vt 0.245395 0.360977
vt 0.245395 0.360977
vt 0.245395 0.422655
vt 0.245395 0.422655
vt 0.253267 0.430526
vt 0.253267 0.430526
vt 0.359701 0.430526
vt 0.359701 0.430526
vt 0.253267 0.353704
vt 0.250179 0.354428
vt 0.250255 0.353704
vt 0.253267 0.355411
vt 0.250336 0.355811
vt 0.248101 0.355811
vt 0.247701 0.355411
vt 0.248722 0.356432
vt 0.250255 0.360977
vt 0.250179 0.357889
vt 0.253267 0.357965
vt 0.247701 0.360977
vt 0.248101 0.358046
vt 0.245994 0.357965
vt 0.246718 0.357889
vt 0.245994 0.360977
vt 0.253267 0.425667
vt 0.250179 0.425742
vt 0.250255 0.422655
vt 0.253267 0.428221
vt 0.250336 0.427820
vt 0.248101 0.425586
vt 0.247701 0.422655
vt 0.248722 0.427199
vt 0.250255 0.429927
vt 0.250179 0.429204
vt 0.253267 0.429927
vt 0.247701 0.428221
vt 0.248101 0.427820
vt 0.245994 0.422655
vt 0.246718 0.425742
vt 0.245994 0.425667
vt 0.359701 0.357965
vt 0.362788 0.357889
vt 0.362713 0.360977
vt 0.359701 0.355411
vt 0.362632 0.355811
vt 0.364866 0.358046
vt 0.365267 0.360977
vt 0.364245 0.356432
vt 0.362713 0.353704
vt 0.362788 0.354428
vt 0.359701 0.353704
vt 0.365267 0.355411
vt 0.364866 0.355811
vt 0.366973 0.360977
vt 0.366250 0.357889
vt 0.366973 0.357965
vt 0.362713 0.422655
vt 0.362788 0.425742
vt 0.359701 0.425667
vt 0.365267 0.422655
vt 0.364866 0.425586
vt 0.362632 0.427820
vt 0.359701 0.428221
vt 0.364245 0.427199
vt 0.366973 0.425667
vt 0.366250 0.425742
vt 0.366973 0.422655
vt 0.365267 0.428221
vt 0.364866 0.427820
vt 0.359701 0.429927
vt 0.362788 0.429204
vt 0.362713 0.429927
vt 0.250255 0.353704
vt 0.247701 0.355411
vt 0.245994 0.357965
vt 0.250255 0.429927
vt 0.247701 0.428221
vt 0.245994 0.425667
vt 0.366973 0.425667
vt 0.365267 0.428221
vt 0.362713 0.429927
vt 0.362713 0.353704
vt 0.365267 0.355411
vt 0.366973 0.357965
vt 0.558394 0.190165
vt 0.558394 0.190165
vt 0.425352 0.190165
vt 0.425352 0.190165
vt 0.568234 0.277102
vt 0.568234 0.277102
vt 0.568234 0.200005
vt 0.568234 0.200005
vt 0.558394 0.277102
vt 0.425352 0.277102
vt 0.425352 0.200005
vt 0.558394 0.200005
vt 0.415513 0.200005
vt 0.415513 0.200005
vt 0.415513 0.277102
vt 0.415513 0.277102
vt 0.425352 0.286941
vt 0.425352 0.286941
vt 0.558394 0.286941
vt 0.558394 0.286941
vt 0.425352 0.190914
vt 0.421492 0.191818
vt 0.421587 0.190914
vt 0.425352 0.193047
vt 0.421688 0.193548
vt 0.418895 0.193548
vt 0.418395 0.193047
vt 0.419671 0.194324
vt 0.421587 0.200005
vt 0.421492 0.196145
vt 0.425352 0.196239
vt 0.418395 0.200005
vt 0.418895 0.196341
vt 0.416262 0.196239
vt 0.417166 0.196145
vt 0.416262 0.200005
vt 0.425352 0.280867
vt 0.421492 0.280962
vt 0.421587 0.277102
vt 0.425352 0.284060
vt 0.421688 0.283559
vt 0.418895 0.280766
vt 0.418395 0.277102
vt 0.419671 0.282783
vt 0.421587 0.286193
vt 0.421492 0.285289
vt 0.425352 0.286193
vt 0.418395 0.284060
vt 0.418895 0.283559
vt 0.416262 0.277102
vt 0.417166 0.280962
vt 0.416262 0.280867
vt 0.558394 0.196239
vt 0.562254 0.196145
vt 0.562160 0.200005
vt 0.558394 0.193047
vt 0.562058 0.193548
vt 0.564852 0.196341
vt 0.565352 0.200005
vt 0.564075 0.194324
vt 0.562160 0.190914
vt 0.562254 0.191818
vt 0.558394 0.190914
vt 0.565352 0.193047
vt 0.564852 0.193548
vt 0.567485 0.200005
vt 0.566581 0.196145
vt 0.567485 0.196239
vt 0.562160 0.277102
vt 0.562254 0.280962
vt 0.558394 0.280867
vt 0.565352 0.277102
vt 0.564852 0.280766
vt 0.562058 0.283559
vt 0.558394 0.284060
vt 0.564075 0.282783
vt 0.567485 0.280867
vt 0.566581 0.280962
vt 0.567485 0.277102
vt 0.565352 0.284060
vt 0.564852 0.283559
vt 0.558394 0.286193
vt 0.562254 0.285289
vt 0.562160 0.286193
vt 0.421587 0.190914
vt 0.418395 0.193047
vt 0.416262 0.196239
vt 0.421587 0.286193
vt 0.418395 0.284060
vt 0.416262 0.280867
vt 0.567485 0.280867
vt 0.565352 0.284060
vt 0.562160 0.286193
vt 0.562160 0.190914
vt 0.565352 0.193047
vt 0.567485 0.196239
vt 0.373005 0.190165
vt 0.373005 0.190165
vt 0.239963 0.190165
vt 0.239963 0.190165
vt 0.382844 0.277102
vt 0.382844 0.277102
vt 0.382844 0.200005
vt 0.382844 0.200005
vt 0.373005 0.277102
vt 0.239963 0.277102
vt 0.239963 0.200005
vt 0.373005 0.200005
vt 0.230123 0.200005
vt 0.230123 0.200005
vt 0.230123 0.277102
vt 0.230123 0.277102
vt 0.239963 0.286941
vt 0.239963 0.286941
vt 0.373005 0.286941
vt 0.373005 0.286941
vt 0.239963 0.190914
vt 0.236103 0.191818
vt 0.236197 0.190914
vt 0.239963 0.193047
vt 0.236299 0.193548
vt 0.233505 0.193548
vt 0.233005 0.193047
vt 0.234282 0.194324
vt 0.236197 0.200005
vt 0.236103 0.196145
vt 0.239963 0.196239
vt 0.233005 0.200005
vt 0.233505 0.196341
vt 0.230872 0.196239
vt 0.231776 0.196145
vt 0.230872 0.200005
vt 0.239963 0.280867
vt 0.236103 0.280962
vt 0.236197 0.277102
vt 0.239963 0.284060
vt 0.236299 0.283559
vt 0.233505 0.280766
vt 0.233005 0.277102
vt 0.234282 0.282783
vt 0.236197 0.286193
vt 0.236103 0.285289
vt 0.239963 0.286193
vt 0.233005 0.284060
vt 0.233505 0.283559
vt 0.230872 0.277102
vt 0.231776 0.280962
vt 0.230872 0.280867
vt 0.373005 0.196239
vt 0.376865 0.196145
vt 0.376770 0.200005
vt 0.373005 0.193047
vt 0.376669 0.193548
vt 0.379462 0.196341
vt 0.379962 0.200005
vt 0.378686 0.194324
vt 0.376770 0.190914
vt 0.376865 0.191818
vt 0.373005 0.190914
vt 0.379962 0.193047
vt 0.379462 0.193548
vt 0.382095 0.200005
vt 0.381191 0.196145
vt 0.382095 0.196239
vt 0.376770 0.277102
vt 0.376865 0.280962
vt 0.373005 0.280867
vt 0.379962 0.277102
vt 0.379462 0.280766
vt 0.376669 0.283559
vt 0.373005 0.284060
vt 0.378686 0.282783
vt 0.382095 0.280867
vt 0.381191 0.280962
vt 0.382095 0.277102
vt 0.379962 0.284060
vt 0.379462 0.283559
vt 0.373005 0.286193
vt 0.376865 0.285289
vt 0.376770 0.286193
vt 0.236197 0.190914
vt 0.233005 0.193047
vt 0.230872 0.196239
vt 0.236197 0.286193
vt 0.233005 0.284060
vt 0.230872 0.280867
vt 0.382095 0.280867
vt 0.379962 0.284060
vt 0.376770 0.286193
vt 0.376770 0.190914
vt 0.379962 0.193047
vt 0.382095 0.196239
vt 0.174838 0.505314
vt 0.174838 0.505314
vt 0.068404 0.505314
vt 0.068404 0.505314
vt 0.182709 0.574864
vt 0.182709 0.574864
vt 0.182709 0.513186
vt 0.182709 0.513186
vt 0.174838 0.574864
vt 0.068404 0.574864
vt 0.068404 0.513186
vt 0.174838 0.513186
vt 0.060532 0.513186
vt 0.060532 0.513186
vt 0.060532 0.574864
vt 0.060532 0.574864
vt 0.068404 0.582735
vt 0.068404 0.582735
vt 0.174838 0.582735
vt 0.174838 0.582735
vt 0.068404 0.505913
vt 0.065316 0.506637
vt 0.065392 0.505913
vt 0.068404 0.507620
vt 0.065473 0.508020
vt 0.063238 0.508020
vt 0.062838 0.507620
vt 0.063859 0.508641
vt 0.065392 0.513186
vt 0.065316 0.510098
vt 0.068404 0.510174
vt 0.062838 0.513186
vt 0.063238 0.510255
vt 0.061132 0.510174
vt 0.061855 0.510098
vt 0.061132 0.513186
vt 0.068404 0.577876
vt 0.065316 0.577951
vt 0.065392 0.574864
vt 0.068404 0.580430
vt 0.065473 0.580029
vt 0.063238 0.577795
vt 0.062838 0.574864
vt 0.063859 0.579408
vt 0.065392 0.582136
vt 0.065316 0.581413
vt 0.068404 0.582136
vt 0.062838 0.580430
vt 0.063238 0.580029
vt 0.061132 0.574864
vt 0.061855 0.577951
vt 0.061132 0.577876
vt 0.174838 0.510174
vt 0.177926 0.510098
vt 0.177850 0.513186
vt 0.174838 0.507620
vt 0.177769 0.508020
vt 0.180004 0.510255
vt 0.180404 0.513186
vt 0.179382 0.508641
vt 0.177850 0.505913
vt 0.177926 0.506637
vt 0.174838 0.505913
vt 0.180404 0.507620
vt 0.180004 0.508020
vt 0.182110 0.513186
vt 0.181387 0.510098
vt 0.182110 0.510174
vt 0.177850 0.574864
vt 0.177926 0.577951
vt 0.174838 0.577876
vt 0.180404 0.574864
vt 0.180004 0.577795
vt 0.177769 0.580029
vt 0.174838 0.580430
vt 0.179382 0.579408
vt 0.182110 0.577876
vt 0.181387 0.577951
vt 0.182110 0.574864
vt 0.180404 0.580430
vt 0.180004 0.580029
vt 0.174838 0.582136
vt 0.177926 0.581413
vt 0.177850 0.582136
vt 0.065392 0.505913
vt 0.062838 0.507620
vt 0.061132 0.510174
vt 0.065392 0.582136
vt 0.062838 0.580430
vt 0.061132 0.577876
vt 0.182110 0.577876
vt 0.180404 0.580430
vt 0.177850 0.582136
vt 0.177850 0.505913
vt 0.180404 0.507620
vt 0.182110 0.510174
vt 0.174838 0.353105
vt 0.174838 0.353105
vt 0.068404 0.353105
vt 0.068404 0.353105
vt 0.182709 0.422655
vt 0.182709 0.422655
vt 0.182709 0.360977
vt 0.182709 0.360977
vt 0.174838 0.422655
vt 0.068404 0.422655
vt 0.068404 0.360977
vt 0.174838 0.360977
vt 0.060532 0.360977
vt 0.060532 0.360977
vt 0.060532 0.422655
vt 0.060532 0.422655
vt 0.068404 0.430526
vt 0.068404 0.430526
vt 0.174838 0.430526
vt 0.174838 0.430526
vt 0.068404 0.353704
vt 0.065316 0.354428
vt 0.065392 0.353704
vt 0.068404 0.355411
vt 0.065473 0.355811
vt 0.063238 0.355811
vt 0.062838 0.355411
vt 0.063859 0.356432
vt 0.065392 0.360977
vt 0.065316 0.357889
vt 0.068404 0.357965
vt 0.062838 0.360977
vt 0.063238 0.358046
vt 0.061132 0.357965
vt 0.061855 0.357889
vt 0.061132 0.360977
vt 0.068404 0.425667
vt 0.065316 0.425742
vt 0.065392 0.422655
vt 0.068404 0.428221
vt 0.065473 0.427820
vt 0.063238 0.425586
vt 0.062838 0.422655
vt 0.063859 0.427199
vt 0.065392 0.429927
vt 0.065316 0.429204
vt 0.068404 0.429927
vt 0.062838 0.428221
vt 0.063238 0.427820
vt 0.061132 0.422655
vt 0.061855 0.425742
vt 0.061132 0.425667
vt 0.174838 0.357965
vt 0.177926 0.357889
vt 0.177850 0.360977
vt 0.174838 0.355411
vt 0.177769 0.355811
vt 0.180004 0.358046
vt 0.180404 0.360977
vt 0.179382 0.356432
vt 0.177850 0.353704
vt 0.177926 0.354428
vt 0.174838 0.353704
vt 0.180404 0.355411
vt 0.180004 0.355811
vt 0.182110 0.360977
vt 0.181387 0.357889
vt 0.182110 0.357965
vt 0.177850 0.422655
vt 0.177926 0.425742
vt 0.174838 0.425667
vt 0.180404 0.422655
vt 0.180004 0.425586
vt 0.177769 0.427820
vt 0.174838 0.428221
vt 0.179382 0.427199
vt 0.182110 0.425667
vt 0.181387 0.425742
vt 0.182110 0.422655
vt 0.180404 0.428221
vt 0.180004 0.427820
vt 0.174838 0.429927
vt 0.177926 0.429204
vt 0.177850 0.429927
vt 0.065392 0.353704
vt 0.062838 0.355411
vt 0.061132 0.357965
vt 0.065392 0.429927
vt 0.062838 0.428221
vt 0.061132 0.425667
vt 0.182110 0.425667
vt 0.180404 0.428221
vt 0.177850 0.429927
vt 0.177850 0.353704
vt 0.180404 0.355411
vt 0.182110 0.357965
vt 0.181490 0.651635
vt 0.181490 0.651635
vt 0.061752 0.651635
vt 0.061752 0.651635
vt 0.190345 0.729878
vt 0.190345 0.729878
vt 0.190345 0.660490
vt 0.190345 0.660490
vt 0.061752 0.652309
vt 0.058278 0.653123
vt 0.058363 0.652309
vt 0.061752 0.654229
vt 0.058454 0.654679
vt 0.055940 0.654679
vt 0.055490 0.654229
vt 0.056639 0.655378
vt 0.061752 0.660490
vt 0.058363 0.660490
vt 0.058278 0.657017
vt 0.061752 0.657102
vt 0.055490 0.660490
vt 0.055940 0.657193
vt 0.052896 0.660490
vt 0.053570 0.657102
vt 0.054384 0.657017
vt 0.053570 0.660490
vt 0.181490 0.660490
vt 0.181490 0.657102
vt 0.184964 0.657017
vt 0.184879 0.660490
vt 0.181490 0.654229
vt 0.184787 0.654679
vt 0.187301 0.657193
vt 0.187752 0.660490
vt 0.186603 0.655378
vt 0.184879 0.652309
vt 0.184964 0.653123
vt 0.181490 0.652309
vt 0.187752 0.654229
vt 0.187301 0.654679
vt 0.189671 0.660490
vt 0.188858 0.657017
vt 0.189671 0.657102
vt 0.181490 0.729878
vt 0.184879 0.729878
vt 0.184964 0.733352
vt 0.181490 0.733267
vt 0.187752 0.729878
vt 0.187301 0.733175
vt 0.184787 0.735689
vt 0.181490 0.736140
vt 0.186603 0.734991
vt 0.189671 0.733267
vt 0.188858 0.733352
vt 0.189671 0.729878
vt 0.187752 0.736140
vt 0.187301 0.735689
vt 0.181490 0.738733
vt 0.181490 0.738059
vt 0.184964 0.737246
vt 0.184879 0.738059
vt 0.058363 0.652309
vt 0.055490 0.654229
vt 0.053570 0.657102
vt 0.052896 0.660490
vt 0.189671 0.733267
vt 0.187752 0.736140
vt 0.184879 0.738059
vt 0.181490 0.738733
vt 0.184879 0.652309
vt 0.187752 0.654229
vt 0.189671 0.657102
vt 0.055037 0.721663
vt 0.052896 0.710918
vt 0.052896 0.710918
vt 0.055037 0.721663
vt 0.070258 0.736752
vt 0.061134 0.730734
vt 0.061134 0.730734
vt 0.070258 0.736752
vt 0.081021 0.738799
vt 0.088530 0.738733
vt 0.088530 0.738733
vt 0.081021 0.738799
vt 0.052896 0.706891
vt 0.052896 0.706891
vt 0.087348 0.738085
vt 0.079318 0.736447
vt 0.055610 0.721909
vt 0.061387 0.730505
vt 0.070034 0.736207
vt 0.053581 0.707911
vt 0.053581 0.711727
vt 0.086450 0.734658
vt 0.077025 0.734970
vt 0.057275 0.722624
vt 0.062124 0.729838
vt 0.069380 0.734623
vt 0.055572 0.710876
vt 0.055572 0.714078
vt 0.059594 0.723619
vt 0.063149 0.728909
vt 0.068470 0.732418
vt 0.073831 0.732696
vt 0.058346 0.715006
vt 0.058346 0.717354
vt 0.081787 0.733089
vt 0.067353 0.729713
vt 0.070829 0.730374
vt 0.061746 0.720070
vt 0.061746 0.721370
vt 0.062438 0.724840
vt 0.064407 0.727770
vt 0.073254 0.730353
vt 0.188142 0.283971
vt 0.188142 0.283971
vt 0.055100 0.283971
vt 0.055100 0.283971
vt 0.197982 0.197034
vt 0.197982 0.197034
vt 0.197982 0.274131
vt 0.197982 0.274131
vt 0.055100 0.283222
vt 0.051240 0.282318
vt 0.051334 0.283222
vt 0.055100 0.281089
vt 0.051436 0.280588
vt 0.048643 0.280588
vt 0.048142 0.281089
vt 0.049419 0.279812
vt 0.055100 0.274131
vt 0.051334 0.274131
vt 0.051240 0.277991
vt 0.055100 0.277896
vt 0.048142 0.274131
vt 0.048643 0.277795
vt 0.045260 0.274131
vt 0.046009 0.277896
vt 0.046913 0.277991
vt 0.046009 0.274131
vt 0.188142 0.274131
vt 0.188142 0.277896
vt 0.192002 0.277991
vt 0.191907 0.274131
vt 0.188142 0.281089
vt 0.191806 0.280588
vt 0.194599 0.277795
vt 0.195100 0.274131
vt 0.193823 0.279812
vt 0.191907 0.283222
vt 0.192002 0.282318
vt 0.188142 0.283222
vt 0.195100 0.281089
vt 0.194599 0.280588
vt 0.197233 0.274131
vt 0.196329 0.277991
vt 0.197233 0.277896
vt 0.188142 0.197034
vt 0.191907 0.197034
vt 0.192002 0.193174
vt 0.188142 0.193268
vt 0.195100 0.197034
vt 0.194599 0.193370
vt 0.191806 0.190577
vt 0.188142 0.190076
vt 0.193823 0.191353
vt 0.197233 0.193268
vt 0.196329 0.193174
vt 0.197233 0.197034
vt 0.195100 0.190076
vt 0.194599 0.190577
vt 0.188142 0.187194
vt 0.188142 0.187943
vt 0.192002 0.188847
vt 0.191907 0.187943
vt 0.051334 0.283222
vt 0.048142 0.281089
vt 0.046009 0.277896
vt 0.045260 0.274131
vt 0.197233 0.193268
vt 0.195100 0.190076
vt 0.191907 0.187943
vt 0.188142 0.187194
vt 0.191907 0.283222
vt 0.195100 0.281089
vt 0.197233 0.277896
vt 0.047639 0.206162
vt 0.045260 0.218100
vt 0.045260 0.218100
vt 0.047639 0.206162
vt 0.064552 0.189396
vt 0.054413 0.196082
vt 0.054413 0.196082
vt 0.064552 0.189396
vt 0.076510 0.187122
vt 0.084853 0.187194
vt 0.084853 0.187194
vt 0.076510 0.187122
vt 0.045260 0.222575
vt 0.045260 0.222575
vt 0.083540 0.187915
vt 0.074618 0.189734
vt 0.048275 0.205889
vt 0.054694 0.196337
vt 0.064302 0.190001
vt 0.046021 0.221442
vt 0.046021 0.217202
vt 0.082542 0.191722
vt 0.072070 0.191376
vt 0.050125 0.205094
vt 0.055513 0.197078
vt 0.063575 0.191761
vt 0.048234 0.218147
vt 0.048234 0.214589
vt 0.052702 0.203988
vt 0.056652 0.198110
vt 0.062564 0.194212
vt 0.068521 0.193902
vt 0.051315 0.213558
vt 0.051315 0.210949
vt 0.077361 0.193466
vt 0.061324 0.197217
vt 0.065186 0.196482
vt 0.055093 0.207932
vt 0.055093 0.206487
vt 0.055862 0.202631
vt 0.058049 0.199376
vt 0.067880 0.196506
vt 0.721437 0.508182
vt 0.721437 0.508182
vt 0.633629 0.508182
vt 0.633629 0.508182
vt 0.727931 0.565561
vt 0.727931 0.565561
vt 0.727931 0.514677
vt 0.727931 0.514677
vt 0.721437 0.565561
vt 0.633629 0.565561
vt 0.633629 0.514677
vt 0.721437 0.514677
vt 0.627135 0.514677
vt 0.627135 0.514677
vt 0.627135 0.565561
vt 0.627135 0.565561
vt 0.633629 0.572055
vt 0.633629 0.572055
vt 0.721437 0.572055
vt 0.721437 0.572055
vt 0.633629 0.508677
vt 0.631081 0.509273
vt 0.631144 0.508677
vt 0.633629 0.510084
vt 0.631211 0.510415
vt 0.629367 0.510415
vt 0.629037 0.510084
vt 0.629879 0.510927
vt 0.631144 0.514677
vt 0.631081 0.512129
vt 0.633629 0.512191
vt 0.629037 0.514677
vt 0.629367 0.512258
vt 0.627629 0.512191
vt 0.628226 0.512129
vt 0.627629 0.514677
vt 0.633629 0.568046
vt 0.631081 0.568108
vt 0.631144 0.565561
vt 0.633629 0.570153
vt 0.631211 0.569822
vt 0.629367 0.567979
vt 0.629037 0.565561
vt 0.629879 0.569310
vt 0.631144 0.571560
vt 0.631081 0.570964
vt 0.633629 0.571560
vt 0.629037 0.570153
vt 0.629367 0.569822
vt 0.627629 0.565561
vt 0.628226 0.568108
vt 0.627629 0.568046
vt 0.721437 0.512191
vt 0.723984 0.512129
vt 0.723922 0.514677
vt 0.721437 0.510084
vt 0.723855 0.510415
vt 0.725698 0.512258
vt 0.726029 0.514677
vt 0.725186 0.510927
vt 0.723922 0.508677
vt 0.723984 0.509273
vt 0.721437 0.508677
vt 0.726029 0.510084
vt 0.725698 0.510415
vt 0.727436 0.514677
vt 0.726840 0.512129
vt 0.727436 0.512191
vt 0.723922 0.565561
vt 0.723984 0.568108
vt 0.721437 0.568046
vt 0.726029 0.565561
vt 0.725698 0.567979
vt 0.723855 0.569822
vt 0.721437 0.570153
vt 0.725186 0.569310
vt 0.727436 0.568046
vt 0.726840 0.568108
vt 0.727436 0.565561
vt 0.726029 0.570153
vt 0.725698 0.569822
vt 0.721437 0.571560
vt 0.723984 0.570964
vt 0.723922 0.571560
vt 0.631144 0.508677
vt 0.629037 0.510084
vt 0.627629 0.512191
vt 0.631144 0.571560
vt 0.629037 0.570153
vt 0.627629 0.568046
vt 0.727436 0.568046
vt 0.726029 0.570153
vt 0.723922 0.571560
vt 0.723922 0.508677
vt 0.726029 0.510084
vt 0.727436 0.512191
vt 0.724097 0.352085
vt 0.724097 0.352085
vt 0.630968 0.352085
vt 0.630968 0.352085
vt 0.730985 0.412940
vt 0.730985 0.412940
vt 0.730985 0.358972
vt 0.730985 0.358972
vt 0.724097 0.412940
vt 0.630968 0.412940
vt 0.630968 0.358972
vt 0.724097 0.358972
vt 0.624080 0.358972
vt 0.624080 0.358972
vt 0.624080 0.412940
vt 0.624080 0.412940
vt 0.630968 0.419828
vt 0.630968 0.419828
vt 0.724097 0.419828
vt 0.724097 0.419828
vt 0.630968 0.352609
vt 0.628266 0.353242
vt 0.628332 0.352609
vt 0.630968 0.354102
vt 0.628403 0.354452
vt 0.626448 0.354452
vt 0.626098 0.354102
vt 0.626991 0.354996
vt 0.628332 0.358972
vt 0.628266 0.356270
vt 0.630968 0.356337
vt 0.626098 0.358972
vt 0.626448 0.356408
vt 0.624605 0.356337
vt 0.625237 0.356270
vt 0.624605 0.358972
vt 0.630968 0.415576
vt 0.628266 0.415642
vt 0.628332 0.412940
vt 0.630968 0.417811
vt 0.628403 0.417460
vt 0.626448 0.415505
vt 0.626098 0.412940
vt 0.626991 0.416917
vt 0.628332 0.419304
vt 0.628266 0.418671
vt 0.630968 0.419304
vt 0.626098 0.417811
vt 0.626448 0.417460
vt 0.624605 0.412940
vt 0.625237 0.415642
vt 0.624605 0.415576
vt 0.724097 0.356337
vt 0.726799 0.356270
vt 0.726733 0.358972
vt 0.724097 0.354102
vt 0.726662 0.354452
vt 0.728617 0.356408
vt 0.728968 0.358972
vt 0.728074 0.354996
vt 0.726733 0.352609
vt 0.726799 0.353242
vt 0.724097 0.352609
vt 0.728968 0.354102
vt 0.728617 0.354452
vt 0.730461 0.358972
vt 0.729828 0.356270
vt 0.730461 0.356337
vt 0.726733 0.412940
vt 0.726799 0.415642
vt 0.724097 0.415576
vt 0.728968 0.412940
vt 0.728617 0.415505
vt 0.726662 0.417460
vt 0.724097 0.417811
vt 0.728074 0.416917
vt 0.730461 0.415576
vt 0.729828 0.415642
vt 0.730461 0.412940
vt 0.728968 0.417811
vt 0.728617 0.417460
vt 0.724097 0.419304
vt 0.726799 0.418671
vt 0.726733 0.419304
vt 0.628332 0.352609
vt 0.626098 0.354102
vt 0.624605 0.356337
vt 0.628332 0.419304
vt 0.626098 0.417811
vt 0.624605 0.415576
vt 0.730461 0.415576
vt 0.728968 0.417811
vt 0.726733 0.419304
vt 0.726733 0.352609
vt 0.728968 0.354102
vt 0.730461 0.356337
vt 0.744054 0.190165
vt 0.744054 0.190165
vt 0.611012 0.190165
vt 0.611012 0.190165
vt 0.753893 0.277102
vt 0.753893 0.277102
vt 0.753893 0.200005
vt 0.753893 0.200005
vt 0.744054 0.277102
vt 0.611012 0.277102
vt 0.611012 0.200005
vt 0.744054 0.200005
vt 0.601172 0.200005
vt 0.601172 0.200005
vt 0.601172 0.277102
vt 0.601172 0.277102
vt 0.611012 0.286941
vt 0.611012 0.286941
vt 0.744054 0.286941
vt 0.744054 0.286941
vt 0.611012 0.190914
vt 0.607152 0.191818
vt 0.607246 0.190914
vt 0.611012 0.193047
vt 0.607348 0.193548
vt 0.604554 0.193548
vt 0.604054 0.193047
vt 0.605331 0.194324
vt 0.607246 0.200005
vt 0.607152 0.196145
vt 0.611012 0.196239
vt 0.604054 0.200005
vt 0.604554 0.196341
vt 0.601921 0.196239
vt 0.602825 0.196145
vt 0.601921 0.200005
vt 0.611012 0.280867
vt 0.607152 0.280962
vt 0.607246 0.277102
vt 0.611012 0.284060
vt 0.607348 0.283559
vt 0.604554 0.280766
vt 0.604054 0.277102
vt 0.605331 0.282783
vt 0.607246 0.286193
vt 0.607152 0.285289
vt 0.611012 0.286193
vt 0.604054 0.284060
vt 0.604554 0.283559
vt 0.601921 0.277102
vt 0.602825 0.280962
vt 0.601921 0.280867
vt 0.744054 0.196239
vt 0.747914 0.196145
vt 0.747819 0.200005
vt 0.744054 0.193047
vt 0.747718 0.193548
vt 0.750511 0.196341
vt 0.751011 0.200005
vt 0.749735 0.194324
vt 0.747819 0.190914
vt 0.747914 0.191818
vt 0.744054 0.190914
vt 0.751011 0.193047
vt 0.750511 0.193548
vt 0.753144 0.200005
vt 0.752240 0.196145
vt 0.753144 0.196239
vt 0.747819 0.277102
vt 0.747914 0.280962
vt 0.744054 0.280867
vt 0.751011 0.277102
vt 0.750511 0.280766
vt 0.747718 0.283559
vt 0.744054 0.284060
vt 0.749735 0.282783
vt 0.753144 0.280867
vt 0.752240 0.280962
vt 0.753144 0.277102
vt 0.751011 0.284060
vt 0.750511 0.283559
vt 0.744054 0.286193
vt 0.747914 0.285289
vt 0.747819 0.286193
vt 0.607246 0.190914
vt 0.604054 0.193047
vt 0.601921 0.196239
vt 0.607246 0.286193
vt 0.604054 0.284060
vt 0.601921 0.280867
vt 0.753144 0.280867
vt 0.751011 0.284060
vt 0.747819 0.286193
vt 0.747819 0.190914
vt 0.751011 0.193047
vt 0.753144 0.196239
vt 0.929713 0.495637
vt 0.929713 0.495637
vt 0.796671 0.495637
vt 0.796671 0.495637
vt 0.939553 0.582573
vt 0.939553 0.582573
vt 0.939553 0.505476
vt 0.939553 0.505476
vt 0.929713 0.582573
vt 0.796671 0.582573
vt 0.796671 0.505476
vt 0.929713 0.505476
vt 0.786831 0.505476
vt 0.786831 0.505476
vt 0.786831 0.582573
vt 0.786831 0.582573
vt 0.796671 0.592413
vt 0.796671 0.592413
vt 0.929713 0.592413
vt 0.929713 0.592413
vt 0.796671 0.496386
vt 0.792811 0.497290
vt 0.792906 0.496386
vt 0.796671 0.498519
vt 0.793007 0.499019
vt 0.790214 0.499019
vt 0.789714 0.498519
vt 0.790990 0.499795
vt 0.792906 0.505476
vt 0.792811 0.501616
vt 0.796671 0.501711
vt 0.789714 0.505476
vt 0.790214 0.501812
vt 0.787580 0.501711
vt 0.788484 0.501616
vt 0.787580 0.505476
vt 0.796671 0.586339
vt 0.792811 0.586433
vt 0.792906 0.582573
vt 0.796671 0.589531
vt 0.793007 0.589031
vt 0.790214 0.586237
vt 0.789714 0.582573
vt 0.790990 0.588254
vt 0.792906 0.591664
vt 0.792811 0.590760
vt 0.796671 0.591664
vt 0.789714 0.589531
vt 0.790214 0.589031
vt 0.787580 0.582573
vt 0.788484 0.586433
vt 0.787580 0.586339
vt 0.929713 0.501711
vt 0.933573 0.501616
vt 0.933479 0.505476
vt 0.929713 0.498519
vt 0.933377 0.499019
vt 0.936170 0.501812
vt 0.936671 0.505476
vt 0.935394 0.499795
vt 0.933479 0.496386
vt 0.933573 0.497290
vt 0.929713 0.496386
vt 0.936671 0.498519
vt 0.936170 0.499019
vt 0.938804 0.505476
vt 0.937900 0.501616
vt 0.938804 0.501711
vt 0.933479 0.582573
vt 0.933573 0.586433
vt 0.929713 0.586339
vt 0.936671 0.582573
vt 0.936170 0.586237
vt 0.933377 0.589031
vt 0.929713 0.589531
vt 0.935394 0.588254
vt 0.938804 0.586339
vt 0.937900 0.586433
vt 0.938804 0.582573
vt 0.936671 0.589531
vt 0.936170 0.589031
vt 0.929713 0.591664
vt 0.933573 0.590760
vt 0.933479 0.591664
vt 0.792906 0.496386
vt 0.789714 0.498519
vt 0.787580 0.501711
vt 0.792906 0.591664
vt 0.789714 0.589531
vt 0.787580 0.586339
vt 0.938804 0.586339
vt 0.936671 0.589531
vt 0.933479 0.591664
vt 0.933479 0.496386
vt 0.936671 0.498519
vt 0.938804 0.501711
vt 0.912571 0.352796
vt 0.912571 0.352796
vt 0.813813 0.352796
vt 0.813813 0.352796
vt 0.919875 0.417330
vt 0.919875 0.417330
vt 0.919875 0.360100
vt 0.919875 0.360100
vt 0.912571 0.417330
vt 0.813813 0.417330
vt 0.813813 0.360100
vt 0.912571 0.360100
vt 0.806509 0.360100
vt 0.806509 0.360100
vt 0.806509 0.417330
vt 0.806509 0.417330
vt 0.813813 0.424634
vt 0.813813 0.424634
vt 0.912571 0.424634
vt 0.912571 0.424634
vt 0.813813 0.353352
vt 0.810948 0.354024
vt 0.811018 0.353352
vt 0.813813 0.354936
vt 0.811093 0.355307
vt 0.809020 0.355307
vt 0.808648 0.354936
vt 0.809596 0.355883
vt 0.811018 0.360100
vt 0.810948 0.357235
vt 0.813813 0.357305
vt 0.808648 0.360100
vt 0.809020 0.357381
vt 0.807065 0.357305
vt 0.807736 0.357235
vt 0.807065 0.360100
vt 0.813813 0.420125
vt 0.810948 0.420195
vt 0.811018 0.417330
vt 0.813813 0.422495
vt 0.811093 0.422123
vt 0.809020 0.420050
vt 0.808648 0.417330
vt 0.809596 0.421547
vt 0.811018 0.424078
vt 0.810948 0.423407
vt 0.813813 0.424078
vt 0.808648 0.422495
vt 0.809020 0.422123
vt 0.807065 0.417330
vt 0.807736 0.420195
vt 0.807065 0.420125
vt 0.912571 0.357305
vt 0.915436 0.357235
vt 0.915366 0.360100
vt 0.912571 0.354936
vt 0.915291 0.355307
vt 0.917364 0.357381
vt 0.917736 0.360100
vt 0.916788 0.355883
vt 0.915366 0.353352
vt 0.915436 0.354024
vt 0.912571 0.353352
vt 0.917736 0.354936
vt 0.917364 0.355307
vt 0.919319 0.360100
vt 0.918648 0.357235
vt 0.919319 0.357305
vt 0.915366 0.417330
vt 0.915436 0.420195
vt 0.912571 0.420125
vt 0.917736 0.417330
vt 0.917364 0.420050
vt 0.915291 0.422123
vt 0.912571 0.422495
vt 0.916788 0.421547
vt 0.919319 0.420125
vt 0.918648 0.420195
vt 0.919319 0.417330
vt 0.917736 0.422495
vt 0.917364 0.422123
vt 0.912571 0.424078
vt 0.915436 0.423407
vt 0.915366 0.424078
vt 0.811018 0.353352
vt 0.808648 0.354936
vt 0.807065 0.357305
vt 0.811018 0.424078
vt 0.808648 0.422495
vt 0.807065 0.420125
vt 0.919319 0.420125
vt 0.917736 0.422495
vt 0.915366 0.424078
vt 0.915366 0.353352
vt 0.917736 0.354936
vt 0.919319 0.357305
vt 0.744054 0.649443
vt 0.744054 0.649443
vt 0.611012 0.649443
vt 0.611012 0.649443
vt 0.753893 0.736379
vt 0.753893 0.736379
vt 0.753893 0.659282
vt 0.753893 0.659282
vt 0.744054 0.736379
vt 0.611012 0.736379
vt 0.611012 0.659282
vt 0.744054 0.659282
vt 0.601172 0.659282
vt 0.601172 0.659282
vt 0.601172 0.736379
vt 0.601172 0.736379
vt 0.611012 0.746219
vt 0.611012 0.746219
vt 0.744054 0.746219
vt 0.744054 0.746219
vt 0.611012 0.650192
vt 0.607152 0.651096
vt 0.607246 0.650192
vt 0.611012 0.652325
vt 0.607348 0.652825
vt 0.604554 0.652825
vt 0.604054 0.652325
vt 0.605331 0.653601
vt 0.607246 0.659282
vt 0.607152 0.655423
vt 0.611012 0.655517
vt 0.604054 0.659282
vt 0.604554 0.655618
vt 0.601921 0.655517
vt 0.602825 0.655423
vt 0.601921 0.659282
vt 0.611012 0.740145
vt 0.607152 0.740239
vt 0.607246 0.736379
vt 0.611012 0.743337
vt 0.607348 0.742837
vt 0.604554 0.740044
vt 0.604054 0.736379
vt 0.605331 0.742060
vt 0.607246 0.745470
vt 0.607152 0.744566
vt 0.611012 0.745470
vt 0.604054 0.743337
vt 0.604554 0.742837
vt 0.601921 0.736379
vt 0.602825 0.740239
vt 0.601921 0.740145
vt 0.744054 0.655517
vt 0.747914 0.655423
vt 0.747819 0.659282
vt 0.744054 0.652325
vt 0.747718 0.652825
vt 0.750511 0.655618
vt 0.751011 0.659282
vt 0.749735 0.653601
vt 0.747819 0.650192
vt 0.747914 0.651096
vt 0.744054 0.650192
vt 0.751011 0.652325
vt 0.750511 0.652825
vt 0.753144 0.659282
vt 0.752240 0.655423
vt 0.753144 0.655517
vt 0.747819 0.736379
vt 0.747914 0.740239
vt 0.744054 0.740145
vt 0.751011 0.736379
vt 0.750511 0.740044
vt 0.747718 0.742837
vt 0.744054 0.743337
vt 0.749735 0.742060
vt 0.753144 0.740145
vt 0.752240 0.740239
vt 0.753144 0.736379
vt 0.751011 0.743337
vt 0.750511 0.742837
vt 0.744054 0.745470
vt 0.747914 0.744566
vt 0.747819 0.745470
vt 0.607246 0.650192
vt 0.604054 0.652325
vt 0.601921 0.655517
vt 0.607246 0.745470
vt 0.604054 0.743337
vt 0.601921 0.740145
vt 0.753144 0.740145
vt 0.751011 0.743337
vt 0.747819 0.745470
vt 0.747819 0.650192
vt 0.751011 0.652325
vt 0.753144 0.655517
vt 0.792277 0.646792
vt 0.792277 0.646792
vt 0.925319 0.646792
vt 0.925319 0.646792
vt 0.782437 0.733729
vt 0.782437 0.733729
vt 0.782437 0.656632
vt 0.782437 0.656632
vt 0.925319 0.647541
vt 0.929179 0.648445
vt 0.929084 0.647541
vt 0.925319 0.649674
vt 0.928983 0.650175
vt 0.931776 0.650175
vt 0.932277 0.649674
vt 0.931000 0.650951
vt 0.925319 0.656632
vt 0.929084 0.656632
vt 0.929179 0.652772
vt 0.925319 0.652867
vt 0.932277 0.656632
vt 0.931776 0.652968
vt 0.935158 0.656632
vt 0.934410 0.652867
vt 0.933506 0.652772
vt 0.934410 0.656632
vt 0.792277 0.656632
vt 0.792277 0.652867
vt 0.788417 0.652772
vt 0.788512 0.656632
vt 0.792277 0.649674
vt 0.788613 0.650175
vt 0.785820 0.652968
vt 0.785319 0.656632
vt 0.786596 0.650951
vt 0.788512 0.647541
vt 0.788417 0.648445
vt 0.792277 0.647541
vt 0.785319 0.649674
vt 0.785820 0.650175
vt 0.783186 0.656632
vt 0.784090 0.652772
vt 0.783186 0.652867
vt 0.792277 0.733729
vt 0.788512 0.733729
vt 0.788417 0.737589
vt 0.792277 0.737495
vt 0.785319 0.733729
vt 0.785820 0.737393
vt 0.788613 0.740186
vt 0.792277 0.740687
vt 0.786596 0.739410
vt 0.783186 0.737495
vt 0.784090 0.737589
vt 0.783186 0.733729
vt 0.785319 0.740687
vt 0.785820 0.740186
vt 0.792277 0.743569
vt 0.792277 0.742820
vt 0.788417 0.741916
vt 0.788512 0.742820
vt 0.929084 0.647541
vt 0.932277 0.649674
vt 0.934410 0.652867
vt 0.935158 0.656632
vt 0.783186 0.737495
vt 0.785319 0.740687
vt 0.788512 0.742820
vt 0.792277 0.743569
vt 0.788512 0.647541
vt 0.785319 0.649674
vt 0.783186 0.652867
vt 0.932780 0.724601
vt 0.935158 0.712663
vt 0.935158 0.712663
vt 0.932780 0.724601
vt 0.915867 0.741367
vt 0.926006 0.734681
vt 0.926006 0.734681
vt 0.915867 0.741367
vt 0.903908 0.743641
vt 0.895566 0.743569
vt 0.895566 0.743569
vt 0.903908 0.743641
vt 0.935158 0.708188
vt 0.935158 0.708188
vt 0.896879 0.742848
vt 0.905801 0.741029
vt 0.932144 0.724874
vt 0.925724 0.734426
vt 0.916117 0.740762
vt 0.934398 0.709321
vt 0.934398 0.713561
vt 0.897877 0.739041
vt 0.908349 0.739387
vt 0.930294 0.725669
vt 0.924906 0.733685
vt 0.916843 0.739002
vt 0.932185 0.712616
vt 0.932185 0.716174
vt 0.927717 0.726775
vt 0.923767 0.732653
vt 0.917855 0.736551
vt 0.911898 0.736860
vt 0.929104 0.717205
vt 0.929104 0.719814
vt 0.903058 0.737297
vt 0.919095 0.733546
vt 0.915233 0.734281
vt 0.925325 0.722831
vt 0.925325 0.724276
vt 0.924557 0.728132
vt 0.922369 0.731387
vt 0.912539 0.734257
vt 0.808339 0.266003
vt 0.808339 0.266003
vt 0.909257 0.266003
vt 0.909257 0.266003
vt 0.800875 0.217233
vt 0.800875 0.217233
vt 0.800875 0.260483
vt 0.800875 0.260483
vt 0.909257 0.265583
vt 0.912185 0.265076
vt 0.912113 0.265583
vt 0.909257 0.264386
vt 0.912037 0.264105
vt 0.914155 0.264105
vt 0.914535 0.264386
vt 0.913567 0.263670
vt 0.909257 0.260483
vt 0.912113 0.260483
vt 0.912185 0.262648
vt 0.909257 0.262595
vt 0.914535 0.260483
vt 0.914155 0.262538
vt 0.916721 0.260483
vt 0.916153 0.262595
vt 0.915467 0.262648
vt 0.916153 0.260483
vt 0.808339 0.260483
vt 0.808339 0.262595
vt 0.805411 0.262648
vt 0.805482 0.260483
vt 0.808339 0.264386
vt 0.805559 0.264105
vt 0.803441 0.262538
vt 0.803061 0.260483
vt 0.804029 0.263670
vt 0.805482 0.265583
vt 0.805411 0.265076
vt 0.808339 0.265583
vt 0.803061 0.264386
vt 0.803441 0.264105
vt 0.801443 0.260483
vt 0.802129 0.262648
vt 0.801443 0.262595
vt 0.808339 0.217233
vt 0.805482 0.217233
vt 0.805411 0.215067
vt 0.808339 0.215120
vt 0.803061 0.217233
vt 0.803441 0.215177
vt 0.805559 0.213610
vt 0.808339 0.213330
vt 0.804029 0.214046
vt 0.801443 0.215120
vt 0.802129 0.215067
vt 0.801443 0.217233
vt 0.803061 0.213330
vt 0.803441 0.213610
vt 0.808339 0.211713
vt 0.808339 0.212133
vt 0.805411 0.212640
vt 0.805482 0.212133
vt 0.912113 0.265583
vt 0.914535 0.264386
vt 0.916153 0.262595
vt 0.916721 0.260483
vt 0.801443 0.215120
vt 0.803061 0.213330
vt 0.805482 0.212133
vt 0.808339 0.211713
vt 0.805482 0.265583
vt 0.803061 0.264386
vt 0.801443 0.262595
vt 0.914917 0.222353
vt 0.916721 0.229051
vt 0.916721 0.229051
vt 0.914917 0.222353
vt 0.902088 0.212948
vt 0.909778 0.216699
vt 0.909778 0.216699
vt 0.902088 0.212948
vt 0.893016 0.211672
vt 0.886688 0.211713
vt 0.886688 0.211713
vt 0.893016 0.211672
vt 0.916721 0.231561
vt 0.916721 0.231561
vt 0.887684 0.212117
vt 0.894452 0.213138
vt 0.914434 0.222200
vt 0.909565 0.216842
vt 0.902277 0.213288
vt 0.916144 0.230925
vt 0.916144 0.228547
vt 0.888441 0.214253
vt 0.896385 0.214059
vt 0.913031 0.221754
vt 0.908944 0.217258
vt 0.902828 0.214275
vt 0.914466 0.229077
vt 0.914466 0.227081
vt 0.911076 0.221134
vt 0.908080 0.217837
vt 0.903595 0.215650
vt 0.899077 0.215476
vt 0.912128 0.226503
vt 0.912128 0.225039
vt 0.892371 0.215231
vt 0.904536 0.217335
vt 0.901607 0.216923
vt 0.909262 0.223346
vt 0.909262 0.222536
vt 0.908679 0.220373
vt 0.907020 0.218547
vt 0.899563 0.216937
vn 0.0980 0.0000 0.9952
vn 0.1004 0.1004 0.9899
vn -0.1004 0.1004 0.9899
vn -0.0980 0.0000 0.9952
vn 0.9952 -0.0000 -0.0980
vn 0.9899 0.1004 -0.1004
vn 0.9899 0.1004 0.1004
vn 0.9952 -0.0000 0.0980
vn 0.1004 0.9899 -0.1004
vn -0.1004 0.9899 -0.1004
vn -0.1004 0.9899 0.1004
vn 0.1004 0.9899 0.1004
vn -0.9952 -0.0000 0.0980
vn -0.9899 0.1004 0.1004
vn -0.9899 0.1004 -0.1004
vn -0.9952 -0.0000 -0.0980
vn -0.0980 0.0000 -0.9952
vn -0.1004 0.1004 -0.9899
vn 0.1004 0.1004 -0.9899
vn 0.0980 0.0000 -0.9952
vn -0.0981 0.3792 0.9201
vn -0.3674 0.3673 0.8545
vn -0.3792 0.0981 0.9201
vn -0.0919 0.7041 0.7041
vn -0.3347 0.6663 0.6663
vn -0.6663 0.3347 0.6663
vn -0.7041 0.0919 0.7041
vn -0.5773 0.5773 0.5774
vn -0.3792 0.9201 0.0981
vn -0.3673 0.8545 0.3674
vn -0.0981 0.9201 0.3792
vn -0.7041 0.7041 0.0919
vn -0.6663 0.6663 0.3347
vn -0.9201 0.0981 0.3792
vn -0.8545 0.3673 0.3673
vn -0.9201 0.3792 0.0981
vn -0.0981 0.9201 -0.3792
vn -0.3673 0.8545 -0.3673
vn -0.3792 0.9201 -0.0981
vn -0.0919 0.7041 -0.7041
vn -0.3347 0.6663 -0.6663
vn -0.6663 0.6663 -0.3347
vn -0.7041 0.7041 -0.0919
vn -0.5774 0.5774 -0.5773
vn -0.3792 0.0981 -0.9201
vn -0.3674 0.3673 -0.8545
vn -0.0981 0.3792 -0.9201
vn -0.7041 0.0919 -0.7041
vn -0.6663 0.3347 -0.6663
vn -0.9201 0.3792 -0.0981
vn -0.8545 0.3674 -0.3673
vn -0.9201 0.0981 -0.3792
vn 0.0981 0.9201 0.3792
vn 0.3673 0.8545 0.3673
vn 0.3792 0.9201 0.0981
vn 0.0919 0.7041 0.7041
vn 0.3347 0.6663 0.6663
vn 0.6663 0.6663 0.3347
vn 0.7041 0.7041 0.0919
vn 0.5774 0.5773 0.5774
vn 0.3792 0.0981 0.9201
vn 0.3674 0.3673 0.8545
vn 0.0981 0.3792 0.9201
vn 0.7041 0.0919 0.7041
vn 0.6663 0.3347 0.6663
vn 0.9201 0.3792 0.0981
vn 0.8545 0.3673 0.3673
vn 0.9201 0.0981 0.3792
vn 0.3792 0.9201 -0.0981
vn 0.3673 0.8545 -0.3673
vn 0.0981 0.9201 -0.3792
vn 0.7041 0.7041 -0.0919
vn 0.6663 0.6663 -0.3347
vn 0.3347 0.6663 -0.6663
vn 0.0919 0.7041 -0.7041
vn 0.5774 0.5774 -0.5773
vn 0.9201 0.0981 -0.3792
vn 0.8545 0.3674 -0.3673
vn 0.9201 0.3792 -0.0981
vn 0.7041 0.0919 -0.7041
vn 0.6663 0.3347 -0.6663
vn 0.0981 0.3792 -0.9201
vn 0.3673 0.3673 -0.8545
vn 0.3792 0.0981 -0.9201
vn -0.3827 0.0000 0.9239
vn -0.7071 -0.0000 0.7071
vn -0.9239 -0.0000 0.3827
vn -0.3827 0.0000 -0.9239
vn -0.7071 0.0000 -0.7071
vn -0.9239 -0.0000 -0.3827
vn 0.9239 -0.0000 -0.3827
vn 0.7071 0.0000 -0.7071
vn 0.3827 0.0000 -0.9239
vn 0.3827 0.0000 0.9239
vn 0.7071 -0.0000 0.7071
vn 0.9239 -0.0000 0.3827
vn 0.0000 -1.0000 0.0000
vn -0.3673 0.3673 0.8545
vn -0.5774 0.5774 0.5773
vn -0.3673 0.8545 0.3673
vn -0.8545 0.3673 -0.3673
vn 0.5774 0.5774 0.5773
vn 0.3673 0.3673 0.8545
vn 0.8545 0.3673 -0.3673
vn -0.5774 0.5773 -0.5773
vn -0.3673 0.3673 -0.8545
vn 0.5773 0.5774 0.5773
vn 0.5773 0.5774 -0.5773
vn -0.5774 0.5773 0.5774
vn 0.3673 0.8545 0.3674
vn 0.5773 0.5773 0.5774
vn 0.3674 0.3673 -0.8545
vn -0.8545 0.3674 -0.3674
vn 0.5773 0.5774 0.5774
vn 0.5774 0.5773 -0.5773
vn 0.8545 0.3674 -0.3674
vn -0.5774 0.5773 0.5773
vn -0.1016 0.9897 0.1004
vn -0.3822 0.9189 0.0980
vn -0.7042 0.7041 0.0914
vn -0.9898 0.1009 0.1004
vn -0.9192 0.3815 0.0979
vn 0.5774 0.5773 0.5773
vn 0.1005 0.9892 -0.1067
vn 0.3674 0.8545 -0.3673
vn 0.0974 0.9047 -0.4149
vn 0.0882 0.7099 -0.6987
vn 0.1004 0.0996 -0.9899
vn 0.0977 0.4153 -0.9044
vn -0.9233 0.0000 -0.3841
vn -0.9952 0.0000 -0.0982
vn -0.9919 0.0897 -0.0903
vn -0.9244 0.0646 -0.3760
vn -0.3760 0.0000 -0.9266
vn -0.7040 0.0000 -0.7102
vn -0.7034 0.0501 -0.7091
vn -0.3518 0.1249 -0.9277
vn -0.0087 0.0000 1.0000
vn 0.0371 -0.1671 0.9852
vn 0.0489 -0.2101 0.9764
vn -0.1869 0.0000 -0.9824
vn -0.1565 0.1519 -0.9759
vn -1.0000 0.0000 0.0000
vn -0.9950 0.0995 -0.0000
vn 0.0000 0.0000 -1.0000
vn 0.0001 0.1057 -0.9944
vn 0.0810 -0.4758 0.8758
vn 0.0707 -0.5513 0.8313
vn -0.8935 0.2698 -0.3591
vn -0.6885 0.2118 -0.6936
vn -0.0651 0.4166 -0.9067
vn -0.0815 0.3968 -0.9143
vn -0.9213 0.3888 -0.0004
vn -0.9295 0.3592 -0.0836
vn -0.5409 0.1862 -0.8202
vn 0.0464 -0.6463 0.7616
vn 0.0195 -0.6837 0.7295
vn -0.7749 0.5416 -0.3260
vn -0.6277 0.4532 -0.6329
vn -0.2641 0.5433 -0.7970
vn -0.0315 0.5341 -0.8449
vn -0.7055 0.7087 -0.0004
vn -0.7474 0.6596 -0.0788
vn -0.5211 0.8175 -0.2453
vn -0.5683 0.5853 -0.5784
vn -0.2175 0.8094 -0.5455
vn -0.0324 0.8002 -0.5988
vn -0.3917 0.9201 -0.0001
vn -0.4544 0.8888 -0.0592
vn 0.0041 -0.7355 0.6775
vn 0.0091 -0.9194 0.3933
vn -0.0944 0.9784 -0.1840
vn -0.0150 0.9898 -0.1416
vn -0.1025 0.9947 0.0001
vn -0.1345 0.9907 -0.0221
vn -0.1755 0.9796 -0.0979
vn -0.2742 0.9219 -0.2737
vn -0.1547 0.9752 -0.1584
vn 0.0105 -0.9560 0.2932
vn 0.0001 0.1921 -0.9814
vn -0.0058 0.6803 -0.7329
vn -0.0058 0.7300 -0.6834
vn -0.0006 0.9574 -0.2889
vn 0.0001 0.9998 -0.0206
vn -0.1004 -0.1004 0.9899
vn 0.1004 -0.1004 0.9899
vn -0.9899 -0.1004 -0.1004
vn -0.9899 -0.1004 0.1004
vn 0.0981 -0.3792 0.9201
vn 0.3674 -0.3673 0.8545
vn 0.3792 -0.0981 0.9201
vn 0.0919 -0.7041 0.7041
vn 0.3347 -0.6663 0.6663
vn 0.6663 -0.3347 0.6663
vn 0.7041 -0.0919 0.7041
vn 0.5774 -0.5774 0.5773
vn 0.1016 -0.9897 0.1004
vn 0.3822 -0.9189 0.0980
vn 0.3674 -0.8545 0.3673
vn 0.0981 -0.9201 0.3792
vn 0.7042 -0.7041 0.0914
vn 0.6663 -0.6663 0.3347
vn 0.9898 -0.1009 0.1004
vn 0.9201 -0.0981 0.3792
vn 0.8545 -0.3673 0.3673
vn 0.9192 -0.3815 0.0979
vn -0.1004 -0.9899 0.1004
vn -0.0981 -0.9201 0.3792
vn -0.3673 -0.8545 0.3673
vn -0.3792 -0.9201 0.0981
vn -0.0919 -0.7041 0.7041
vn -0.3347 -0.6663 0.6663
vn -0.6663 -0.6663 0.3347
vn -0.7041 -0.7041 0.0919
vn -0.5773 -0.5774 0.5774
vn -0.3792 -0.0981 0.9201
vn -0.3673 -0.3673 0.8545
vn -0.0981 -0.3792 0.9201
vn -0.7041 -0.0919 0.7041
vn -0.6663 -0.3347 0.6663
vn -0.9201 -0.3792 0.0981
vn -0.8545 -0.3673 0.3673
vn -0.9201 -0.0981 0.3792
vn -0.1005 -0.9892 -0.1067
vn -0.3792 -0.9201 -0.0981
vn -0.3673 -0.8545 -0.3673
vn -0.0974 -0.9047 -0.4149
vn -0.7041 -0.7041 -0.0919
vn -0.6663 -0.6663 -0.3347
vn -0.3347 -0.6663 -0.6663
vn -0.0882 -0.7099 -0.6987
vn -0.5774 -0.5773 -0.5773
vn -0.9201 -0.0981 -0.3792
vn -0.8545 -0.3673 -0.3674
vn -0.9201 -0.3792 -0.0981
vn -0.7041 -0.0919 -0.7041
vn -0.6663 -0.3347 -0.6663
vn -0.1004 -0.0996 -0.9899
vn -0.0977 -0.4153 -0.9044
vn -0.3674 -0.3673 -0.8545
vn -0.3792 -0.0981 -0.9201
vn 0.9233 0.0000 -0.3841
vn 0.9952 0.0000 -0.0982
vn 0.9919 -0.0897 -0.0903
vn 0.9244 -0.0646 -0.3760
vn 0.3760 0.0000 -0.9266
vn 0.7040 0.0000 -0.7102
vn 0.7034 -0.0501 -0.7091
vn 0.3518 -0.1249 -0.9277
vn 0.0087 0.0000 1.0000
vn -0.0371 0.1671 0.9852
vn -0.0489 0.2101 0.9764
vn 0.1869 0.0000 -0.9824
vn 0.1565 -0.1519 -0.9759
vn 1.0000 0.0000 0.0000
vn 0.9950 -0.0995 -0.0000
vn -0.0001 -0.1057 -0.9944
vn -0.0810 0.4758 0.8758
vn -0.0707 0.5513 0.8313
vn 0.8935 -0.2698 -0.3591
vn 0.6885 -0.2118 -0.6936
vn 0.0651 -0.4166 -0.9067
vn 0.0815 -0.3968 -0.9143
vn 0.9213 -0.3888 -0.0004
vn 0.9295 -0.3592 -0.0836
vn 0.5409 -0.1862 -0.8202
vn -0.0464 0.6463 0.7616
vn -0.0195 0.6837 0.7295
vn 0.7749 -0.5416 -0.3260
vn 0.6277 -0.4532 -0.6329
vn 0.2641 -0.5433 -0.7970
vn 0.0315 -0.5341 -0.8449
vn 0.7055 -0.7087 -0.0004
vn 0.7474 -0.6596 -0.0788
vn 0.5211 -0.8175 -0.2453
vn 0.5683 -0.5853 -0.5784
vn 0.2175 -0.8094 -0.5455
vn 0.0324 -0.8002 -0.5988
vn 0.3917 -0.9201 -0.0001
vn 0.4544 -0.8888 -0.0592
vn -0.0041 0.7355 0.6775
vn -0.0091 0.9194 0.3932
vn 0.0944 -0.9784 -0.1840
vn 0.0150 -0.9898 -0.1416
vn 0.1025 -0.9947 0.0001
vn 0.1345 -0.9907 -0.0221
vn 0.1755 -0.9796 -0.0980
vn 0.2742 -0.9219 -0.2737
vn 0.1547 -0.9752 -0.1584
vn -0.0106 0.9560 0.2932
vn -0.0001 -0.1921 -0.9814
vn 0.0058 -0.6803 -0.7329
vn 0.0058 -0.7300 -0.6834
vn 0.0006 -0.9574 -0.2889
vn -0.0001 -0.9998 -0.0206
vn -0.5773 0.5774 -0.5773
vn 0.1004 -0.1004 -0.9899
vn -0.1004 -0.1004 -0.9899
vn 0.9899 -0.1004 0.1004
vn 0.9899 -0.1004 -0.1004
vn -0.0981 -0.3792 -0.9201
vn -0.0919 -0.7041 -0.7041
vn -0.1016 -0.9897 -0.1004
vn -0.3822 -0.9189 -0.0980
vn -0.0981 -0.9201 -0.3792
vn -0.7042 -0.7041 -0.0914
vn -0.9898 -0.1009 -0.1004
vn -0.8545 -0.3673 -0.3673
vn -0.9192 -0.3815 -0.0979
vn 0.1004 -0.9899 -0.1004
vn 0.0981 -0.9201 -0.3792
vn 0.3673 -0.8545 -0.3673
vn 0.3792 -0.9201 -0.0981
vn 0.0919 -0.7041 -0.7041
vn 0.3347 -0.6663 -0.6663
vn 0.6663 -0.6663 -0.3347
vn 0.7041 -0.7041 -0.0919
vn 0.5774 -0.5774 -0.5773
vn 0.3792 -0.0981 -0.9201
vn 0.3674 -0.3673 -0.8545
vn 0.0981 -0.3792 -0.9201
vn 0.7041 -0.0919 -0.7041
vn 0.6663 -0.3347 -0.6663
vn 0.9201 -0.3792 -0.0981
vn 0.8545 -0.3673 -0.3673
vn 0.9201 -0.0981 -0.3792
vn 0.1005 -0.9892 0.1067
vn 0.3792 -0.9201 0.0981
vn 0.3673 -0.8545 0.3673
vn 0.0974 -0.9047 0.4149
vn 0.7041 -0.7041 0.0919
vn 0.0882 -0.7099 0.6987
vn 0.9201 -0.3792 0.0981
vn 0.1004 -0.0996 0.9899
vn 0.0977 -0.4153 0.9044
vn 0.3673 -0.3673 0.8545
vn -0.9233 0.0000 0.3841
vn -0.9952 0.0000 0.0982
vn -0.9919 -0.0897 0.0903
vn -0.9244 -0.0646 0.3760
vn -0.3760 0.0000 0.9266
vn -0.7040 0.0000 0.7102
vn -0.7034 -0.0501 0.7091
vn -0.3518 -0.1249 0.9277
vn -0.0087 0.0000 -1.0000
vn 0.0371 0.1671 -0.9852
vn 0.0489 0.2101 -0.9764
vn -0.1869 0.0000 0.9824
vn -0.1565 -0.1519 0.9759
vn -0.9950 -0.0995 0.0000
vn 0.0000 0.0000 1.0000
vn 0.0001 -0.1057 0.9944
vn 0.0810 0.4758 -0.8758
vn 0.0707 0.5512 -0.8313
vn -0.8935 -0.2698 0.3591
vn -0.6885 -0.2118 0.6936
vn -0.0651 -0.4166 0.9067
vn -0.0815 -0.3968 0.9143
vn -0.9213 -0.3888 0.0004
vn -0.9295 -0.3592 0.0836
vn -0.5409 -0.1862 0.8202
vn 0.0464 0.6463 -0.7616
vn 0.0195 0.6837 -0.7295
vn -0.7749 -0.5416 0.3260
vn -0.6277 -0.4532 0.6329
vn -0.2641 -0.5433 0.7970
vn -0.0315 -0.5341 0.8449
vn -0.7055 -0.7087 0.0004
vn -0.7475 -0.6596 0.0788
vn -0.5211 -0.8175 0.2453
vn -0.5683 -0.5853 0.5784
vn -0.2175 -0.8094 0.5455
vn -0.0324 -0.8002 0.5988
vn -0.3917 -0.9201 0.0001
vn -0.4544 -0.8888 0.0592
vn 0.0041 0.7355 -0.6775
vn 0.0091 0.9194 -0.3933
vn -0.0944 -0.9784 0.1840
vn -0.0150 -0.9898 0.1416
vn -0.1025 -0.9947 -0.0001
vn -0.1345 -0.9907 0.0221
vn -0.1755 -0.9796 0.0979
vn -0.2742 -0.9219 0.2737
vn -0.1547 -0.9752 0.1584
vn 0.0105 0.9560 -0.2932
vn 0.0001 -0.1921 0.9814
vn -0.0058 -0.6803 0.7329
vn -0.0058 -0.7300 0.6834
vn -0.0006 -0.9574 0.2889
vn 0.0001 -0.9998 0.0206
vn 0.1016 0.9897 -0.1004
vn 0.3822 0.9189 -0.0980
vn 0.7042 0.7041 -0.0914
vn 0.9898 0.1009 -0.1004
vn 0.8545 0.3673 -0.3674
vn 0.9192 0.3815 -0.0979
vn -0.1005 0.9892 0.1067
vn -0.0974 0.9047 0.4149
vn -0.0882 0.7099 0.6987
vn -0.1004 0.0996 0.9899
vn -0.0977 0.4153 0.9044
vn 0.9233 0.0000 0.3841
vn 0.9952 0.0000 0.0982
vn 0.9919 0.0897 0.0903
vn 0.9244 0.0646 0.3760
vn 0.3760 0.0000 0.9266
vn 0.7040 0.0000 0.7102
vn 0.7034 0.0501 0.7091
vn 0.3518 0.1249 0.9277
vn 0.0087 0.0000 -1.0000
vn -0.0371 -0.1671 -0.9852
vn -0.0489 -0.2101 -0.9764
vn 0.1869 0.0000 0.9824
vn 0.1565 0.1519 0.9759
vn 0.9950 0.0995 0.0000
vn -0.0001 0.1057 0.9944
vn -0.0810 -0.4758 -0.8758
vn -0.0707 -0.5513 -0.8313
vn 0.8935 0.2698 0.3591
vn 0.6885 0.2118 0.6936
vn 0.0651 0.4166 0.9067
vn 0.0815 0.3968 0.9143
vn 0.9213 0.3888 0.0004
vn 0.9295 0.3592 0.0836
vn 0.5409 0.1862 0.8202
vn -0.0464 -0.6463 -0.7616
vn -0.0195 -0.6837 -0.7295
vn 0.7749 0.5416 0.3260
vn 0.6277 0.4532 0.6329
vn 0.2641 0.5433 0.7970
vn 0.0315 0.5341 0.8449
vn 0.7055 0.7087 0.0004
vn 0.7474 0.6596 0.0788
vn 0.5211 0.8175 0.2453
vn 0.5683 0.5852 0.5784
vn 0.2175 0.8094 0.5455
vn 0.0324 0.8002 0.5988
vn 0.3917 0.9201 0.0001
vn 0.4544 0.8889 0.0592
vn -0.0040 -0.7355 -0.6775
vn -0.0091 -0.9194 -0.3932
vn 0.0944 0.9784 0.1840
vn 0.0150 0.9898 0.1416
vn 0.1025 0.9947 -0.0001
vn 0.1345 0.9907 0.0221
vn 0.1755 0.9796 0.0980
vn 0.2742 0.9219 0.2737
vn 0.1547 0.9752 0.1584
vn -0.0106 -0.9560 -0.2932
vn -0.0001 0.1921 0.9814
vn 0.0058 0.6803 0.7329
vn 0.0058 0.7300 0.6834
vn 0.0006 0.9574 0.2889
vn -0.0001 0.9998 0.0206
usemtl Num
s 1
f 1906/2061/1044 1911/2062/1045 1862/2063/1046 1857/2064/1047
f 1930/2065/1048 1935/2066/1049 1912/2067/1050 1905/2068/1051
f 1934/2069/1052 1886/2070/1053 1863/2071/1054 1910/2072/1055
f 1858/2073/1056 1864/2074/1057 1888/2075/1058 1881/2076/1059
f 1882/2077/1060 1887/2078/1061 1936/2079/1062 1929/2080/1063
f 1862/2063/1046 1865/2081/1064 1868/2082/1065 1867/2083/1066
f 1865/2081/1064 1866/2084/1067 1869/2085/1068 1868/2082/1065
f 1867/2083/1066 1868/2082/1065 1880/2086/1069 1877/2087/1070
f 1868/2082/1065 1869/2085/1068 1870/2088/1071 1880/2086/1069
f 1863/2071/1054 1871/2089/1072 1874/2090/1073 1873/2091/1074
f 1871/2089/1072 1872/2092/1075 1875/2093/1076 1874/2090/1073
f 1873/2091/1074 1874/2090/1073 1869/2085/1068 1866/2084/1067
f 1874/2090/1073 1875/2093/1076 1870/2088/1071 1869/2085/1068
f 1864/2074/1057 1876/2094/1077 1879/2095/1078 1878/2096/1079
f 1876/2094/1077 1877/2087/1070 1880/2086/1069 1879/2095/1078
f 1878/2096/1079 1879/2095/1078 1875/2093/1076 1872/2092/1075
f 1879/2095/1078 1880/2086/1069 1870/2088/1071 1875/2093/1076
f 1886/2070/1053 1889/2097/1080 1892/2098/1081 1891/2099/1082
f 1889/2097/1080 1890/2100/1083 1893/2101/1084 1892/2098/1081
f 1891/2099/1082 1892/2098/1081 1904/2102/1085 1901/2103/1086
f 1892/2098/1081 1893/2101/1084 1894/2104/1087 1904/2102/1085
f 1887/2078/1061 1895/2105/1088 1898/2106/1089 1897/2107/1090
f 1895/2105/1088 1896/2108/1091 1899/2109/1092 1898/2106/1089
f 1897/2107/1090 1898/2106/1089 1893/2101/1084 1890/2100/1083
f 1898/2106/1089 1899/2109/1092 1894/2104/1087 1893/2101/1084
f 1888/2075/1058 1900/2110/1093 1903/2111/1094 1902/2112/1095
f 1900/2110/1093 1901/2103/1086 1904/2102/1085 1903/2111/1094
f 1902/2112/1095 1903/2111/1094 1899/2109/1092 1896/2108/1091
f 1903/2111/1094 1904/2102/1085 1894/2104/1087 1899/2109/1092
f 1910/2072/1055 1913/2113/1096 1916/2114/1097 1915/2115/1098
f 1913/2113/1096 1914/2116/1099 1917/2117/1100 1916/2114/1097
f 1915/2115/1098 1916/2114/1097 1928/2118/1101 1925/2119/1102
f 1916/2114/1097 1917/2117/1100 1918/2120/1103 1928/2118/1101
f 1911/2062/1045 1919/2121/1104 1922/2122/1105 1921/2123/1106
f 1919/2121/1104 1920/2124/1107 1923/2125/1108 1922/2122/1105
f 1921/2123/1106 1922/2122/1105 1917/2117/1100 1914/2116/1099
f 1922/2122/1105 1923/2125/1108 1918/2120/1103 1917/2117/1100
f 1912/2067/1050 1924/2126/1109 1927/2127/1110 1926/2128/1111
f 1924/2126/1109 1925/2119/1102 1928/2118/1101 1927/2127/1110
f 1926/2128/1111 1927/2127/1110 1923/2125/1108 1920/2124/1107
f 1927/2127/1110 1928/2118/1101 1918/2120/1103 1923/2125/1108
f 1934/2069/1052 1937/2129/1112 1940/2130/1113 1939/2131/1114
f 1937/2129/1112 1938/2132/1115 1941/2133/1116 1940/2130/1113
f 1939/2131/1114 1940/2130/1113 1952/2134/1117 1949/2135/1118
f 1940/2130/1113 1941/2133/1116 1942/2136/1119 1952/2134/1117
f 1935/2066/1049 1943/2137/1120 1946/2138/1121 1945/2139/1122
f 1943/2137/1120 1944/2140/1123 1947/2141/1124 1946/2138/1121
f 1945/2139/1122 1946/2138/1121 1941/2133/1116 1938/2132/1115
f 1946/2138/1121 1947/2141/1124 1942/2136/1119 1941/2133/1116
f 1936/2079/1062 1948/2142/1125 1951/2143/1126 1950/2144/1127
f 1948/2142/1125 1949/2135/1118 1952/2134/1117 1951/2143/1126
f 1950/2144/1127 1951/2143/1126 1947/2141/1124 1944/2140/1123
f 1951/2143/1126 1952/2134/1117 1942/2136/1119 1947/2141/1124
f 1857/2064/1047 1862/2063/1046 1867/2083/1066 1859/2145/1128
f 1859/2145/1128 1867/2083/1066 1877/2087/1070 1860/2146/1129
f 1860/2146/1129 1877/2087/1070 1876/2094/1077 1861/2147/1130
f 1861/2147/1130 1876/2094/1077 1864/2074/1057 1858/2073/1056
f 1863/2071/1054 1886/2070/1053 1891/2099/1082 1871/2089/1072
f 1871/2089/1072 1891/2099/1082 1901/2103/1086 1872/2092/1075
f 1872/2092/1075 1901/2103/1086 1900/2110/1093 1878/2096/1079
f 1878/2096/1079 1900/2110/1093 1888/2075/1058 1864/2074/1057
f 1887/2078/1061 1882/2077/1060 1885/2148/1131 1895/2105/1088
f 1895/2105/1088 1885/2148/1131 1884/2149/1132 1896/2108/1091
f 1896/2108/1091 1884/2149/1132 1883/2150/1133 1902/2112/1095
f 1902/2112/1095 1883/2150/1133 1881/2076/1059 1888/2075/1058
f 1886/2070/1053 1934/2069/1052 1939/2131/1114 1889/2097/1080
f 1889/2097/1080 1939/2131/1114 1949/2135/1118 1890/2100/1083
f 1890/2100/1083 1949/2135/1118 1948/2142/1125 1897/2107/1090
f 1897/2107/1090 1948/2142/1125 1936/2079/1062 1887/2078/1061
f 1935/2066/1049 1930/2065/1048 1933/2151/1134 1943/2137/1120
f 1943/2137/1120 1933/2151/1134 1932/2152/1135 1944/2140/1123
f 1944/2140/1123 1932/2152/1135 1931/2153/1136 1950/2144/1127
f 1950/2144/1127 1931/2153/1136 1929/2080/1063 1936/2079/1062
f 1934/2069/1052 1910/2072/1055 1915/2115/1098 1937/2129/1112
f 1937/2129/1112 1915/2115/1098 1925/2119/1102 1938/2132/1115
f 1938/2132/1115 1925/2119/1102 1924/2126/1109 1945/2139/1122
f 1945/2139/1122 1924/2126/1109 1912/2067/1050 1935/2066/1049
f 1911/2062/1045 1906/2061/1044 1909/2154/1137 1919/2121/1104
f 1919/2121/1104 1909/2154/1137 1908/2155/1138 1920/2124/1107
f 1920/2124/1107 1908/2155/1138 1907/2156/1139 1926/2128/1111
f 1926/2128/1111 1907/2156/1139 1905/2068/1051 1912/2067/1050
f 1910/2072/1055 1863/2071/1054 1873/2091/1074 1913/2113/1096
f 1913/2113/1096 1873/2091/1074 1866/2084/1067 1914/2116/1099
f 1914/2116/1099 1866/2084/1067 1865/2081/1064 1921/2123/1106
f 1921/2123/1106 1865/2081/1064 1862/2063/1046 1911/2062/1045
f 1881/2076/1140 1883/2150/1140 1884/2149/1140 1885/2148/1140 1882/2077/1140 1929/2080/1140 1931/2153/1140 1932/2152/1140 1933/2151/1140 1930/2065/1140 1905/2068/1140 1907/2156/1140 1908/2155/1140 1909/2154/1140 1906/2061/1140 1857/2064/1140 1859/2145/1140 1860/2146/1140 1861/2147/1140 1858/2073/1140
f 2002/2157/1044 2007/2158/1045 1958/2159/1046 1953/2160/1047
f 2026/2161/1048 2031/2162/1049 2008/2163/1050 2001/2164/1051
f 2030/2165/1052 1982/2166/1053 1959/2167/1054 2006/2168/1055
f 1954/2169/1056 1960/2170/1057 1984/2171/1058 1977/2172/1059
f 1978/2173/1060 1983/2174/1061 2032/2175/1062 2025/2176/1063
f 1958/2159/1046 1961/2177/1064 1964/2178/1141 1963/2179/1066
f 1961/2177/1064 1962/2180/1067 1965/2181/1068 1964/2178/1141
f 1963/2179/1066 1964/2178/1141 1976/2182/1069 1973/2183/1070
f 1964/2178/1141 1965/2181/1068 1966/2184/1142 1976/2182/1069
f 1959/2167/1054 1967/2185/1072 1970/2186/1143 1969/2187/1074
f 1967/2185/1072 1968/2188/1075 1971/2189/1076 1970/2186/1143
f 1969/2187/1074 1970/2186/1143 1965/2181/1068 1962/2180/1067
f 1970/2186/1143 1971/2189/1076 1966/2184/1142 1965/2181/1068
f 1960/2170/1057 1972/2190/1077 1975/2191/1078 1974/2192/1079
f 1972/2190/1077 1973/2183/1070 1976/2182/1069 1975/2191/1078
f 1974/2192/1079 1975/2191/1078 1971/2189/1076 1968/2188/1075
f 1975/2191/1078 1976/2182/1069 1966/2184/1142 1971/2189/1076
f 1982/2166/1053 1985/2193/1080 1988/2194/1081 1987/2195/1082
f 1985/2193/1080 1986/2196/1083 1989/2197/1084 1988/2194/1081
f 1987/2195/1082 1988/2194/1081 2000/2198/1085 1997/2199/1086
f 1988/2194/1081 1989/2197/1084 1990/2200/1087 2000/2198/1085
f 1983/2174/1061 1991/2201/1088 1994/2202/1089 1993/2203/1090
f 1991/2201/1088 1992/2204/1091 1995/2205/1092 1994/2202/1089
f 1993/2203/1090 1994/2202/1089 1989/2197/1084 1986/2196/1083
f 1994/2202/1089 1995/2205/1092 1990/2200/1087 1989/2197/1084
f 1984/2171/1058 1996/2206/1093 1999/2207/1144 1998/2208/1095
f 1996/2206/1093 1997/2199/1086 2000/2198/1085 1999/2207/1144
f 1998/2208/1095 1999/2207/1144 1995/2205/1092 1992/2204/1091
f 1999/2207/1144 2000/2198/1085 1990/2200/1087 1995/2205/1092
f 2006/2168/1055 2009/2209/1096 2012/2210/1097 2011/2211/1098
f 2009/2209/1096 2010/2212/1099 2013/2213/1100 2012/2210/1097
f 2011/2211/1098 2012/2210/1097 2024/2214/1101 2021/2215/1102
f 2012/2210/1097 2013/2213/1100 2014/2216/1145 2024/2214/1101
f 2007/2158/1045 2015/2217/1104 2018/2218/1146 2017/2219/1106
f 2015/2217/1104 2016/2220/1107 2019/2221/1108 2018/2218/1146
f 2017/2219/1106 2018/2218/1146 2013/2213/1100 2010/2212/1099
f 2018/2218/1146 2019/2221/1108 2014/2216/1145 2013/2213/1100
f 2008/2163/1050 2020/2222/1109 2023/2223/1110 2022/2224/1111
f 2020/2222/1109 2021/2215/1102 2024/2214/1101 2023/2223/1110
f 2022/2224/1111 2023/2223/1110 2019/2221/1108 2016/2220/1107
f 2023/2223/1110 2024/2214/1101 2014/2216/1145 2019/2221/1108
f 2030/2165/1052 2033/2225/1112 2036/2226/1113 2035/2227/1114
f 2033/2225/1112 2034/2228/1115 2037/2229/1116 2036/2226/1113
f 2035/2227/1114 2036/2226/1113 2048/2230/1117 2045/2231/1118
f 2036/2226/1113 2037/2229/1116 2038/2232/1119 2048/2230/1117
f 2031/2162/1049 2039/2233/1120 2042/2234/1147 2041/2235/1122
f 2039/2233/1120 2040/2236/1123 2043/2237/1124 2042/2234/1147
f 2041/2235/1122 2042/2234/1147 2037/2229/1116 2034/2228/1115
f 2042/2234/1147 2043/2237/1124 2038/2232/1119 2037/2229/1116
f 2032/2175/1062 2044/2238/1125 2047/2239/1126 2046/2240/1127
f 2044/2238/1125 2045/2231/1118 2048/2230/1117 2047/2239/1126
f 2046/2240/1127 2047/2239/1126 2043/2237/1124 2040/2236/1123
f 2047/2239/1126 2048/2230/1117 2038/2232/1119 2043/2237/1124
f 1953/2160/1047 1958/2159/1046 1963/2179/1066 1955/2241/1128
f 1955/2241/1128 1963/2179/1066 1973/2183/1070 1956/2242/1129
f 1956/2242/1129 1973/2183/1070 1972/2190/1077 1957/2243/1130
f 1957/2243/1130 1972/2190/1077 1960/2170/1057 1954/2169/1056
f 1959/2167/1054 1982/2166/1053 1987/2195/1082 1967/2185/1072
f 1967/2185/1072 1987/2195/1082 1997/2199/1086 1968/2188/1075
f 1968/2188/1075 1997/2199/1086 1996/2206/1093 1974/2192/1079
f 1974/2192/1079 1996/2206/1093 1984/2171/1058 1960/2170/1057
f 1983/2174/1061 1978/2173/1060 1981/2244/1131 1991/2201/1088
f 1991/2201/1088 1981/2244/1131 1980/2245/1132 1992/2204/1091
f 1992/2204/1091 1980/2245/1132 1979/2246/1133 1998/2208/1095
f 1998/2208/1095 1979/2246/1133 1977/2172/1059 1984/2171/1058
f 1982/2166/1053 2030/2165/1052 2035/2227/1114 1985/2193/1080
f 1985/2193/1080 2035/2227/1114 2045/2231/1118 1986/2196/1083
f 1986/2196/1083 2045/2231/1118 2044/2238/1125 1993/2203/1090
f 1993/2203/1090 2044/2238/1125 2032/2175/1062 1983/2174/1061
f 2031/2162/1049 2026/2161/1048 2029/2247/1134 2039/2233/1120
f 2039/2233/1120 2029/2247/1134 2028/2248/1135 2040/2236/1123
f 2040/2236/1123 2028/2248/1135 2027/2249/1136 2046/2240/1127
f 2046/2240/1127 2027/2249/1136 2025/2176/1063 2032/2175/1062
f 2030/2165/1052 2006/2168/1055 2011/2211/1098 2033/2225/1112
f 2033/2225/1112 2011/2211/1098 2021/2215/1102 2034/2228/1115
f 2034/2228/1115 2021/2215/1102 2020/2222/1109 2041/2235/1122
f 2041/2235/1122 2020/2222/1109 2008/2163/1050 2031/2162/1049
f 2007/2158/1045 2002/2157/1044 2005/2250/1137 2015/2217/1104
f 2015/2217/1104 2005/2250/1137 2004/2251/1138 2016/2220/1107
f 2016/2220/1107 2004/2251/1138 2003/2252/1139 2022/2224/1111
f 2022/2224/1111 2003/2252/1139 2001/2164/1051 2008/2163/1050
f 2006/2168/1055 1959/2167/1054 1969/2187/1074 2009/2209/1096
f 2009/2209/1096 1969/2187/1074 1962/2180/1067 2010/2212/1099
f 2010/2212/1099 1962/2180/1067 1961/2177/1064 2017/2219/1106
f 2017/2219/1106 1961/2177/1064 1958/2159/1046 2007/2158/1045
f 1977/2172/1140 1979/2246/1140 1980/2245/1140 1981/2244/1140 1978/2173/1140 2025/2176/1140 2027/2249/1140 2028/2248/1140 2029/2247/1140 2026/2161/1140 2001/2164/1140 2003/2252/1140 2004/2251/1140 2005/2250/1140 2002/2157/1140 1953/2160/1140 1955/2241/1140 1956/2242/1140 1957/2243/1140 1954/2169/1140
f 2098/2253/1044 2103/2254/1045 2054/2255/1046 2049/2256/1047
f 2122/2257/1048 2127/2258/1049 2104/2259/1050 2097/2260/1051
f 2126/2261/1052 2078/2262/1053 2055/2263/1054 2102/2264/1055
f 2050/2265/1056 2056/2266/1057 2080/2267/1058 2073/2268/1059
f 2074/2269/1060 2079/2270/1061 2128/2271/1062 2121/2272/1063
f 2054/2255/1046 2057/2273/1064 2060/2274/1141 2059/2275/1066
f 2057/2273/1064 2058/2276/1067 2061/2277/1068 2060/2274/1141
f 2059/2275/1066 2060/2274/1141 2072/2278/1069 2069/2279/1070
f 2060/2274/1141 2061/2277/1068 2062/2280/1142 2072/2278/1069
f 2055/2263/1054 2063/2281/1072 2066/2282/1143 2065/2283/1074
f 2063/2281/1072 2064/2284/1075 2067/2285/1076 2066/2282/1143
f 2065/2283/1074 2066/2282/1143 2061/2277/1068 2058/2276/1067
f 2066/2282/1143 2067/2285/1076 2062/2280/1142 2061/2277/1068
f 2056/2266/1057 2068/2286/1077 2071/2287/1078 2070/2288/1079
f 2068/2286/1077 2069/2279/1070 2072/2278/1069 2071/2287/1078
f 2070/2288/1079 2071/2287/1078 2067/2285/1076 2064/2284/1075
f 2071/2287/1078 2072/2278/1069 2062/2280/1142 2067/2285/1076
f 2078/2262/1053 2081/2289/1080 2084/2290/1081 2083/2291/1082
f 2081/2289/1080 2082/2292/1083 2085/2293/1084 2084/2290/1081
f 2083/2291/1082 2084/2290/1081 2096/2294/1085 2093/2295/1086
f 2084/2290/1081 2085/2293/1084 2086/2296/1148 2096/2294/1085
f 2079/2270/1061 2087/2297/1088 2090/2298/1149 2089/2299/1090
f 2087/2297/1088 2088/2300/1091 2091/2301/1092 2090/2298/1149
f 2089/2299/1090 2090/2298/1149 2085/2293/1084 2082/2292/1083
f 2090/2298/1149 2091/2301/1092 2086/2296/1148 2085/2293/1084
f 2080/2267/1058 2092/2302/1093 2095/2303/1144 2094/2304/1095
f 2092/2302/1093 2093/2295/1086 2096/2294/1085 2095/2303/1144
f 2094/2304/1095 2095/2303/1144 2091/2301/1092 2088/2300/1091
f 2095/2303/1144 2096/2294/1085 2086/2296/1148 2091/2301/1092
f 2102/2264/1055 2105/2305/1096 2108/2306/1097 2107/2307/1098
f 2105/2305/1096 2106/2308/1099 2109/2309/1100 2108/2306/1097
f 2107/2307/1098 2108/2306/1097 2120/2310/1101 2117/2311/1102
f 2108/2306/1097 2109/2309/1100 2110/2312/1150 2120/2310/1101
f 2103/2254/1045 2111/2313/1104 2114/2314/1146 2113/2315/1106
f 2111/2313/1104 2112/2316/1107 2115/2317/1108 2114/2314/1146
f 2113/2315/1106 2114/2314/1146 2109/2309/1100 2106/2308/1099
f 2114/2314/1146 2115/2317/1108 2110/2312/1150 2109/2309/1100
f 2104/2259/1050 2116/2318/1109 2119/2319/1110 2118/2320/1111
f 2116/2318/1109 2117/2311/1102 2120/2310/1101 2119/2319/1110
f 2118/2320/1111 2119/2319/1110 2115/2317/1108 2112/2316/1107
f 2119/2319/1110 2120/2310/1101 2110/2312/1150 2115/2317/1108
f 2126/2261/1052 2129/2321/1112 2132/2322/1113 2131/2323/1114
f 2129/2321/1112 2130/2324/1115 2133/2325/1116 2132/2322/1113
f 2131/2323/1114 2132/2322/1113 2144/2326/1117 2141/2327/1118
f 2132/2322/1113 2133/2325/1116 2134/2328/1151 2144/2326/1117
f 2127/2258/1049 2135/2329/1120 2138/2330/1147 2137/2331/1122
f 2135/2329/1120 2136/2332/1123 2139/2333/1124 2138/2330/1147
f 2137/2331/1122 2138/2330/1147 2133/2325/1116 2130/2324/1115
f 2138/2330/1147 2139/2333/1124 2134/2328/1151 2133/2325/1116
f 2128/2271/1062 2140/2334/1125 2143/2335/1126 2142/2336/1127
f 2140/2334/1125 2141/2327/1118 2144/2326/1117 2143/2335/1126
f 2142/2336/1127 2143/2335/1126 2139/2333/1124 2136/2332/1123
f 2143/2335/1126 2144/2326/1117 2134/2328/1151 2139/2333/1124
f 2049/2256/1047 2054/2255/1046 2059/2275/1066 2051/2337/1128
f 2051/2337/1128 2059/2275/1066 2069/2279/1070 2052/2338/1129
f 2052/2338/1129 2069/2279/1070 2068/2286/1077 2053/2339/1130
f 2053/2339/1130 2068/2286/1077 2056/2266/1057 2050/2265/1056
f 2055/2263/1054 2078/2262/1053 2083/2291/1082 2063/2281/1072
f 2063/2281/1072 2083/2291/1082 2093/2295/1086 2064/2284/1075
f 2064/2284/1075 2093/2295/1086 2092/2302/1093 2070/2288/1079
f 2070/2288/1079 2092/2302/1093 2080/2267/1058 2056/2266/1057
f 2079/2270/1061 2074/2269/1060 2077/2340/1131 2087/2297/1088
f 2087/2297/1088 2077/2340/1131 2076/2341/1132 2088/2300/1091
f 2088/2300/1091 2076/2341/1132 2075/2342/1133 2094/2304/1095
f 2094/2304/1095 2075/2342/1133 2073/2268/1059 2080/2267/1058
f 2078/2262/1053 2126/2261/1052 2131/2323/1114 2081/2289/1080
f 2081/2289/1080 2131/2323/1114 2141/2327/1118 2082/2292/1083
f 2082/2292/1083 2141/2327/1118 2140/2334/1125 2089/2299/1090
f 2089/2299/1090 2140/2334/1125 2128/2271/1062 2079/2270/1061
f 2127/2258/1049 2122/2257/1048 2125/2343/1134 2135/2329/1120
f 2135/2329/1120 2125/2343/1134 2124/2344/1135 2136/2332/1123
f 2136/2332/1123 2124/2344/1135 2123/2345/1136 2142/2336/1127
f 2142/2336/1127 2123/2345/1136 2121/2272/1063 2128/2271/1062
f 2126/2261/1052 2102/2264/1055 2107/2307/1098 2129/2321/1112
f 2129/2321/1112 2107/2307/1098 2117/2311/1102 2130/2324/1115
f 2130/2324/1115 2117/2311/1102 2116/2318/1109 2137/2331/1122
f 2137/2331/1122 2116/2318/1109 2104/2259/1050 2127/2258/1049
f 2103/2254/1045 2098/2253/1044 2101/2346/1137 2111/2313/1104
f 2111/2313/1104 2101/2346/1137 2100/2347/1138 2112/2316/1107
f 2112/2316/1107 2100/2347/1138 2099/2348/1139 2118/2320/1111
f 2118/2320/1111 2099/2348/1139 2097/2260/1051 2104/2259/1050
f 2102/2264/1055 2055/2263/1054 2065/2283/1074 2105/2305/1096
f 2105/2305/1096 2065/2283/1074 2058/2276/1067 2106/2308/1099
f 2106/2308/1099 2058/2276/1067 2057/2273/1064 2113/2315/1106
f 2113/2315/1106 2057/2273/1064 2054/2255/1046 2103/2254/1045
f 2073/2268/1140 2075/2342/1140 2076/2341/1140 2077/2340/1140 2074/2269/1140 2121/2272/1140 2123/2345/1140 2124/2344/1140 2125/2343/1140 2122/2257/1140 2097/2260/1140 2099/2348/1140 2100/2347/1140 2101/2346/1140 2098/2253/1140 2049/2256/1140 2051/2337/1140 2052/2338/1140 2053/2339/1140 2050/2265/1140
f 2194/2349/1044 2199/2350/1045 2150/2351/1046 2145/2352/1047
f 2218/2353/1048 2223/2354/1049 2200/2355/1050 2193/2356/1051
f 2222/2357/1052 2174/2358/1053 2151/2359/1054 2198/2360/1055
f 2146/2361/1056 2152/2362/1057 2176/2363/1058 2169/2364/1059
f 2170/2365/1060 2175/2366/1061 2224/2367/1062 2217/2368/1063
f 2150/2351/1046 2153/2369/1064 2156/2370/1065 2155/2371/1066
f 2153/2369/1064 2154/2372/1067 2157/2373/1068 2156/2370/1065
f 2155/2371/1066 2156/2370/1065 2168/2374/1069 2165/2375/1070
f 2156/2370/1065 2157/2373/1068 2158/2376/1152 2168/2374/1069
f 2151/2359/1054 2159/2377/1072 2162/2378/1143 2161/2379/1074
f 2159/2377/1072 2160/2380/1075 2163/2381/1076 2162/2378/1143
f 2161/2379/1074 2162/2378/1143 2157/2373/1068 2154/2372/1067
f 2162/2378/1143 2163/2381/1076 2158/2376/1152 2157/2373/1068
f 2152/2362/1057 2164/2382/1077 2167/2383/1078 2166/2384/1079
f 2164/2382/1077 2165/2375/1070 2168/2374/1069 2167/2383/1078
f 2166/2384/1079 2167/2383/1078 2163/2381/1076 2160/2380/1075
f 2167/2383/1078 2168/2374/1069 2158/2376/1152 2163/2381/1076
f 2174/2358/1053 2177/2385/1080 2180/2386/1081 2179/2387/1082
f 2177/2385/1080 2178/2388/1083 2181/2389/1084 2180/2386/1081
f 2179/2387/1082 2180/2386/1081 2192/2390/1085 2189/2391/1086
f 2180/2386/1081 2181/2389/1084 2182/2392/1148 2192/2390/1085
f 2175/2366/1061 2183/2393/1088 2186/2394/1089 2185/2395/1090
f 2183/2393/1088 2184/2396/1091 2187/2397/1092 2186/2394/1089
f 2185/2395/1090 2186/2394/1089 2181/2389/1084 2178/2388/1083
f 2186/2394/1089 2187/2397/1092 2182/2392/1148 2181/2389/1084
f 2176/2363/1058 2188/2398/1093 2191/2399/1144 2190/2400/1095
f 2188/2398/1093 2189/2391/1086 2192/2390/1085 2191/2399/1144
f 2190/2400/1095 2191/2399/1144 2187/2397/1092 2184/2396/1091
f 2191/2399/1144 2192/2390/1085 2182/2392/1148 2187/2397/1092
f 2198/2360/1055 2201/2401/1096 2204/2402/1153 2203/2403/1098
f 2201/2401/1096 2202/2404/1099 2205/2405/1100 2204/2402/1153
f 2203/2403/1098 2204/2402/1153 2216/2406/1101 2213/2407/1102
f 2204/2402/1153 2205/2405/1100 2206/2408/1103 2216/2406/1101
f 2199/2350/1045 2207/2409/1104 2210/2410/1146 2209/2411/1106
f 2207/2409/1104 2208/2412/1107 2211/2413/1108 2210/2410/1146
f 2209/2411/1106 2210/2410/1146 2205/2405/1100 2202/2404/1099
f 2210/2410/1146 2211/2413/1108 2206/2408/1103 2205/2405/1100
f 2200/2355/1050 2212/2414/1109 2215/2415/1110 2214/2416/1111
f 2212/2414/1109 2213/2407/1102 2216/2406/1101 2215/2415/1110
f 2214/2416/1111 2215/2415/1110 2211/2413/1108 2208/2412/1107
f 2215/2415/1110 2216/2406/1101 2206/2408/1103 2211/2413/1108
f 2222/2357/1052 2225/2417/1112 2228/2418/1113 2227/2419/1114
f 2225/2417/1112 2226/2420/1115 2229/2421/1116 2228/2418/1113
f 2227/2419/1114 2228/2418/1113 2240/2422/1117 2237/2423/1118
f 2228/2418/1113 2229/2421/1116 2230/2424/1119 2240/2422/1117
f 2223/2354/1049 2231/2425/1120 2234/2426/1121 2233/2427/1122
f 2231/2425/1120 2232/2428/1123 2235/2429/1124 2234/2426/1121
f 2233/2427/1122 2234/2426/1121 2229/2421/1116 2226/2420/1115
f 2234/2426/1121 2235/2429/1124 2230/2424/1119 2229/2421/1116
f 2224/2367/1062 2236/2430/1125 2239/2431/1126 2238/2432/1127
f 2236/2430/1125 2237/2423/1118 2240/2422/1117 2239/2431/1126
f 2238/2432/1127 2239/2431/1126 2235/2429/1124 2232/2428/1123
f 2239/2431/1126 2240/2422/1117 2230/2424/1119 2235/2429/1124
f 2145/2352/1047 2150/2351/1046 2155/2371/1066 2147/2433/1128
f 2147/2433/1128 2155/2371/1066 2165/2375/1070 2148/2434/1129
f 2148/2434/1129 2165/2375/1070 2164/2382/1077 2149/2435/1130
f 2149/2435/1130 2164/2382/1077 2152/2362/1057 2146/2361/1056
f 2151/2359/1054 2174/2358/1053 2179/2387/1082 2159/2377/1072
f 2159/2377/1072 2179/2387/1082 2189/2391/1086 2160/2380/1075
f 2160/2380/1075 2189/2391/1086 2188/2398/1093 2166/2384/1079
f 2166/2384/1079 2188/2398/1093 2176/2363/1058 2152/2362/1057
f 2175/2366/1061 2170/2365/1060 2173/2436/1131 2183/2393/1088
f 2183/2393/1088 2173/2436/1131 2172/2437/1132 2184/2396/1091
f 2184/2396/1091 2172/2437/1132 2171/2438/1133 2190/2400/1095
f 2190/2400/1095 2171/2438/1133 2169/2364/1059 2176/2363/1058
f 2174/2358/1053 2222/2357/1052 2227/2419/1114 2177/2385/1080
f 2177/2385/1080 2227/2419/1114 2237/2423/1118 2178/2388/1083
f 2178/2388/1083 2237/2423/1118 2236/2430/1125 2185/2395/1090
f 2185/2395/1090 2236/2430/1125 2224/2367/1062 2175/2366/1061
f 2223/2354/1049 2218/2353/1048 2221/2439/1134 2231/2425/1120
f 2231/2425/1120 2221/2439/1134 2220/2440/1135 2232/2428/1123
f 2232/2428/1123 2220/2440/1135 2219/2441/1136 2238/2432/1127
f 2238/2432/1127 2219/2441/1136 2217/2368/1063 2224/2367/1062
f 2222/2357/1052 2198/2360/1055 2203/2403/1098 2225/2417/1112
f 2225/2417/1112 2203/2403/1098 2213/2407/1102 2226/2420/1115
f 2226/2420/1115 2213/2407/1102 2212/2414/1109 2233/2427/1122
f 2233/2427/1122 2212/2414/1109 2200/2355/1050 2223/2354/1049
f 2199/2350/1045 2194/2349/1044 2197/2442/1137 2207/2409/1104
f 2207/2409/1104 2197/2442/1137 2196/2443/1138 2208/2412/1107
f 2208/2412/1107 2196/2443/1138 2195/2444/1139 2214/2416/1111
f 2214/2416/1111 2195/2444/1139 2193/2356/1051 2200/2355/1050
f 2198/2360/1055 2151/2359/1054 2161/2379/1074 2201/2401/1096
f 2201/2401/1096 2161/2379/1074 2154/2372/1067 2202/2404/1099
f 2202/2404/1099 2154/2372/1067 2153/2369/1064 2209/2411/1106
f 2209/2411/1106 2153/2369/1064 2150/2351/1046 2199/2350/1045
f 2169/2364/1140 2171/2438/1140 2172/2437/1140 2173/2436/1140 2170/2365/1140 2217/2368/1140 2219/2441/1140 2220/2440/1140 2221/2439/1140 2218/2353/1140 2193/2356/1140 2195/2444/1140 2196/2443/1140 2197/2442/1140 2194/2349/1140 2145/2352/1140 2147/2433/1140 2148/2434/1140 2149/2435/1140 2146/2361/1140
f 2290/2445/1044 2295/2446/1045 2246/2447/1046 2241/2448/1047
f 2314/2449/1048 2319/2450/1049 2296/2451/1050 2289/2452/1051
f 2318/2453/1052 2270/2454/1053 2247/2455/1054 2294/2456/1055
f 2242/2457/1056 2248/2458/1057 2272/2459/1058 2265/2460/1059
f 2266/2461/1060 2271/2462/1061 2320/2463/1062 2313/2464/1063
f 2246/2447/1046 2249/2465/1064 2252/2466/1065 2251/2467/1066
f 2249/2465/1064 2250/2468/1067 2253/2469/1068 2252/2466/1065
f 2251/2467/1066 2252/2466/1065 2264/2470/1069 2261/2471/1070
f 2252/2466/1065 2253/2469/1068 2254/2472/1152 2264/2470/1069
f 2247/2455/1054 2255/2473/1072 2258/2474/1143 2257/2475/1074
f 2255/2473/1072 2256/2476/1075 2259/2477/1076 2258/2474/1143
f 2257/2475/1074 2258/2474/1143 2253/2469/1068 2250/2468/1067
f 2258/2474/1143 2259/2477/1076 2254/2472/1152 2253/2469/1068
f 2248/2458/1057 2260/2478/1077 2263/2479/1078 2262/2480/1079
f 2260/2478/1077 2261/2471/1070 2264/2470/1069 2263/2479/1078
f 2262/2480/1079 2263/2479/1078 2259/2477/1076 2256/2476/1075
f 2263/2479/1078 2264/2470/1069 2254/2472/1152 2259/2477/1076
f 2270/2454/1053 2273/2481/1080 2276/2482/1081 2275/2483/1082
f 2273/2481/1080 2274/2484/1083 2277/2485/1084 2276/2482/1081
f 2275/2483/1082 2276/2482/1081 2288/2486/1085 2285/2487/1086
f 2276/2482/1081 2277/2485/1084 2278/2488/1087 2288/2486/1085
f 2271/2462/1061 2279/2489/1088 2282/2490/1089 2281/2491/1090
f 2279/2489/1088 2280/2492/1091 2283/2493/1092 2282/2490/1089
f 2281/2491/1090 2282/2490/1089 2277/2485/1084 2274/2484/1083
f 2282/2490/1089 2283/2493/1092 2278/2488/1087 2277/2485/1084
f 2272/2459/1058 2284/2494/1093 2287/2495/1144 2286/2496/1095
f 2284/2494/1093 2285/2487/1086 2288/2486/1085 2287/2495/1144
f 2286/2496/1095 2287/2495/1144 2283/2493/1092 2280/2492/1091
f 2287/2495/1144 2288/2486/1085 2278/2488/1087 2283/2493/1092
f 2294/2456/1055 2297/2497/1096 2300/2498/1097 2299/2499/1098
f 2297/2497/1096 2298/2500/1099 2301/2501/1100 2300/2498/1097
f 2299/2499/1098 2300/2498/1097 2312/2502/1101 2309/2503/1102
f 2300/2498/1097 2301/2501/1100 2302/2504/1154 2312/2502/1101
f 2295/2446/1045 2303/2505/1104 2306/2506/1105 2305/2507/1106
f 2303/2505/1104 2304/2508/1107 2307/2509/1108 2306/2506/1105
f 2305/2507/1106 2306/2506/1105 2301/2501/1100 2298/2500/1099
f 2306/2506/1105 2307/2509/1108 2302/2504/1154 2301/2501/1100
f 2296/2451/1050 2308/2510/1109 2311/2511/1110 2310/2512/1111
f 2308/2510/1109 2309/2503/1102 2312/2502/1101 2311/2511/1110
f 2310/2512/1111 2311/2511/1110 2307/2509/1108 2304/2508/1107
f 2311/2511/1110 2312/2502/1101 2302/2504/1154 2307/2509/1108
f 2318/2453/1052 2321/2513/1112 2324/2514/1113 2323/2515/1114
f 2321/2513/1112 2322/2516/1115 2325/2517/1116 2324/2514/1113
f 2323/2515/1114 2324/2514/1113 2336/2518/1117 2333/2519/1118
f 2324/2514/1113 2325/2517/1116 2326/2520/1119 2336/2518/1117
f 2319/2450/1049 2327/2521/1120 2330/2522/1147 2329/2523/1122
f 2327/2521/1120 2328/2524/1123 2331/2525/1124 2330/2522/1147
f 2329/2523/1122 2330/2522/1147 2325/2517/1116 2322/2516/1115
f 2330/2522/1147 2331/2525/1124 2326/2520/1119 2325/2517/1116
f 2320/2463/1062 2332/2526/1125 2335/2527/1155 2334/2528/1127
f 2332/2526/1125 2333/2519/1118 2336/2518/1117 2335/2527/1155
f 2334/2528/1127 2335/2527/1155 2331/2525/1124 2328/2524/1123
f 2335/2527/1155 2336/2518/1117 2326/2520/1119 2331/2525/1124
f 2241/2448/1047 2246/2447/1046 2251/2467/1066 2243/2529/1128
f 2243/2529/1128 2251/2467/1066 2261/2471/1070 2244/2530/1129
f 2244/2530/1129 2261/2471/1070 2260/2478/1077 2245/2531/1130
f 2245/2531/1130 2260/2478/1077 2248/2458/1057 2242/2457/1056
f 2247/2455/1054 2270/2454/1053 2275/2483/1082 2255/2473/1072
f 2255/2473/1072 2275/2483/1082 2285/2487/1086 2256/2476/1075
f 2256/2476/1075 2285/2487/1086 2284/2494/1093 2262/2480/1079
f 2262/2480/1079 2284/2494/1093 2272/2459/1058 2248/2458/1057
f 2271/2462/1061 2266/2461/1060 2269/2532/1131 2279/2489/1088
f 2279/2489/1088 2269/2532/1131 2268/2533/1132 2280/2492/1091
f 2280/2492/1091 2268/2533/1132 2267/2534/1133 2286/2496/1095
f 2286/2496/1095 2267/2534/1133 2265/2460/1059 2272/2459/1058
f 2270/2454/1053 2318/2453/1052 2323/2515/1114 2273/2481/1080
f 2273/2481/1080 2323/2515/1114 2333/2519/1118 2274/2484/1083
f 2274/2484/1083 2333/2519/1118 2332/2526/1125 2281/2491/1090
f 2281/2491/1090 2332/2526/1125 2320/2463/1062 2271/2462/1061
f 2319/2450/1049 2314/2449/1048 2317/2535/1134 2327/2521/1120
f 2327/2521/1120 2317/2535/1134 2316/2536/1135 2328/2524/1123
f 2328/2524/1123 2316/2536/1135 2315/2537/1136 2334/2528/1127
f 2334/2528/1127 2315/2537/1136 2313/2464/1063 2320/2463/1062
f 2318/2453/1052 2294/2456/1055 2299/2499/1098 2321/2513/1112
f 2321/2513/1112 2299/2499/1098 2309/2503/1102 2322/2516/1115
f 2322/2516/1115 2309/2503/1102 2308/2510/1109 2329/2523/1122
f 2329/2523/1122 2308/2510/1109 2296/2451/1050 2319/2450/1049
f 2295/2446/1045 2290/2445/1044 2293/2538/1137 2303/2505/1104
f 2303/2505/1104 2293/2538/1137 2292/2539/1138 2304/2508/1107
f 2304/2508/1107 2292/2539/1138 2291/2540/1139 2310/2512/1111
f 2310/2512/1111 2291/2540/1139 2289/2452/1051 2296/2451/1050
f 2294/2456/1055 2247/2455/1054 2257/2475/1074 2297/2497/1096
f 2297/2497/1096 2257/2475/1074 2250/2468/1067 2298/2500/1099
f 2298/2500/1099 2250/2468/1067 2249/2465/1064 2305/2507/1106
f 2305/2507/1106 2249/2465/1064 2246/2447/1046 2295/2446/1045
f 2265/2460/1140 2267/2534/1140 2268/2533/1140 2269/2532/1140 2266/2461/1140 2313/2464/1140 2315/2537/1140 2316/2536/1140 2317/2535/1140 2314/2449/1140 2289/2452/1140 2291/2540/1140 2292/2539/1140 2293/2538/1140 2290/2445/1140 2241/2448/1140 2243/2529/1140 2244/2530/1140 2245/2531/1140 2242/2457/1140
f 2386/2541/1044 2391/2542/1045 2342/2543/1046 2337/2544/1047
f 2410/2545/1048 2415/2546/1049 2392/2547/1050 2385/2548/1051
f 2414/2549/1052 2366/2550/1053 2343/2551/1054 2390/2552/1055
f 2338/2553/1056 2344/2554/1057 2368/2555/1058 2361/2556/1059
f 2362/2557/1060 2367/2558/1061 2416/2559/1062 2409/2560/1063
f 2342/2543/1046 2345/2561/1064 2348/2562/1065 2347/2563/1066
f 2345/2561/1064 2346/2564/1067 2349/2565/1068 2348/2562/1065
f 2347/2563/1066 2348/2562/1065 2360/2566/1069 2357/2567/1070
f 2348/2562/1065 2349/2565/1068 2350/2568/1152 2360/2566/1069
f 2343/2551/1054 2351/2569/1072 2354/2570/1143 2353/2571/1074
f 2351/2569/1072 2352/2572/1075 2355/2573/1076 2354/2570/1143
f 2353/2571/1074 2354/2570/1143 2349/2565/1068 2346/2564/1067
f 2354/2570/1143 2355/2573/1076 2350/2568/1152 2349/2565/1068
f 2344/2554/1057 2356/2574/1077 2359/2575/1078 2358/2576/1079
f 2356/2574/1077 2357/2567/1070 2360/2566/1069 2359/2575/1078
f 2358/2576/1079 2359/2575/1078 2355/2573/1076 2352/2572/1075
f 2359/2575/1078 2360/2566/1069 2350/2568/1152 2355/2573/1076
f 2366/2550/1053 2369/2577/1080 2372/2578/1081 2371/2579/1082
f 2369/2577/1080 2370/2580/1083 2373/2581/1084 2372/2578/1081
f 2371/2579/1082 2372/2578/1081 2384/2582/1085 2381/2583/1086
f 2372/2578/1081 2373/2581/1084 2374/2584/1148 2384/2582/1085
f 2367/2558/1061 2375/2585/1088 2378/2586/1149 2377/2587/1090
f 2375/2585/1088 2376/2588/1091 2379/2589/1092 2378/2586/1149
f 2377/2587/1090 2378/2586/1149 2373/2581/1084 2370/2580/1083
f 2378/2586/1149 2379/2589/1092 2374/2584/1148 2373/2581/1084
f 2368/2555/1058 2380/2590/1093 2383/2591/1144 2382/2592/1095
f 2380/2590/1093 2381/2583/1086 2384/2582/1085 2383/2591/1144
f 2382/2592/1095 2383/2591/1144 2379/2589/1092 2376/2588/1091
f 2383/2591/1144 2384/2582/1085 2374/2584/1148 2379/2589/1092
f 2390/2552/1055 2393/2593/1096 2396/2594/1097 2395/2595/1098
f 2393/2593/1096 2394/2596/1099 2397/2597/1100 2396/2594/1097
f 2395/2595/1098 2396/2594/1097 2408/2598/1101 2405/2599/1102
f 2396/2594/1097 2397/2597/1100 2398/2600/1154 2408/2598/1101
f 2391/2542/1045 2399/2601/1104 2402/2602/1146 2401/2603/1106
f 2399/2601/1104 2400/2604/1107 2403/2605/1108 2402/2602/1146
f 2401/2603/1106 2402/2602/1146 2397/2597/1100 2394/2596/1099
f 2402/2602/1146 2403/2605/1108 2398/2600/1154 2397/2597/1100
f 2392/2547/1050 2404/2606/1109 2407/2607/1110 2406/2608/1111
f 2404/2606/1109 2405/2599/1102 2408/2598/1101 2407/2607/1110
f 2406/2608/1111 2407/2607/1110 2403/2605/1108 2400/2604/1107
f 2407/2607/1110 2408/2598/1101 2398/2600/1154 2403/2605/1108
f 2414/2549/1052 2417/2609/1112 2420/2610/1113 2419/2611/1114
f 2417/2609/1112 2418/2612/1115 2421/2613/1116 2420/2610/1113
f 2419/2611/1114 2420/2610/1113 2432/2614/1117 2429/2615/1118
f 2420/2610/1113 2421/2613/1116 2422/2616/1119 2432/2614/1117
f 2415/2546/1049 2423/2617/1120 2426/2618/1147 2425/2619/1122
f 2423/2617/1120 2424/2620/1123 2427/2621/1124 2426/2618/1147
f 2425/2619/1122 2426/2618/1147 2421/2613/1116 2418/2612/1115
f 2426/2618/1147 2427/2621/1124 2422/2616/1119 2421/2613/1116
f 2416/2559/1062 2428/2622/1125 2431/2623/1155 2430/2624/1127
f 2428/2622/1125 2429/2615/1118 2432/2614/1117 2431/2623/1155
f 2430/2624/1127 2431/2623/1155 2427/2621/1124 2424/2620/1123
f 2431/2623/1155 2432/2614/1117 2422/2616/1119 2427/2621/1124
f 2337/2544/1047 2342/2543/1046 2347/2563/1066 2339/2625/1128
f 2339/2625/1128 2347/2563/1066 2357/2567/1070 2340/2626/1129
f 2340/2626/1129 2357/2567/1070 2356/2574/1077 2341/2627/1130
f 2341/2627/1130 2356/2574/1077 2344/2554/1057 2338/2553/1056
f 2343/2551/1054 2366/2550/1053 2371/2579/1082 2351/2569/1072
f 2351/2569/1072 2371/2579/1082 2381/2583/1086 2352/2572/1075
f 2352/2572/1075 2381/2583/1086 2380/2590/1093 2358/2576/1079
f 2358/2576/1079 2380/2590/1093 2368/2555/1058 2344/2554/1057
f 2367/2558/1061 2362/2557/1060 2365/2628/1131 2375/2585/1088
f 2375/2585/1088 2365/2628/1131 2364/2629/1132 2376/2588/1091
f 2376/2588/1091 2364/2629/1132 2363/2630/1133 2382/2592/1095
f 2382/2592/1095 2363/2630/1133 2361/2556/1059 2368/2555/1058
f 2366/2550/1053 2414/2549/1052 2419/2611/1114 2369/2577/1080
f 2369/2577/1080 2419/2611/1114 2429/2615/1118 2370/2580/1083
f 2370/2580/1083 2429/2615/1118 2428/2622/1125 2377/2587/1090
f 2377/2587/1090 2428/2622/1125 2416/2559/1062 2367/2558/1061
f 2415/2546/1049 2410/2545/1048 2413/2631/1134 2423/2617/1120
f 2423/2617/1120 2413/2631/1134 2412/2632/1135 2424/2620/1123
f 2424/2620/1123 2412/2632/1135 2411/2633/1136 2430/2624/1127
f 2430/2624/1127 2411/2633/1136 2409/2560/1063 2416/2559/1062
f 2414/2549/1052 2390/2552/1055 2395/2595/1098 2417/2609/1112
f 2417/2609/1112 2395/2595/1098 2405/2599/1102 2418/2612/1115
f 2418/2612/1115 2405/2599/1102 2404/2606/1109 2425/2619/1122
f 2425/2619/1122 2404/2606/1109 2392/2547/1050 2415/2546/1049
f 2391/2542/1045 2386/2541/1044 2389/2634/1137 2399/2601/1104
f 2399/2601/1104 2389/2634/1137 2388/2635/1138 2400/2604/1107
f 2400/2604/1107 2388/2635/1138 2387/2636/1139 2406/2608/1111
f 2406/2608/1111 2387/2636/1139 2385/2548/1051 2392/2547/1050
f 2390/2552/1055 2343/2551/1054 2353/2571/1074 2393/2593/1096
f 2393/2593/1096 2353/2571/1074 2346/2564/1067 2394/2596/1099
f 2394/2596/1099 2346/2564/1067 2345/2561/1064 2401/2603/1106
f 2401/2603/1106 2345/2561/1064 2342/2543/1046 2391/2542/1045
f 2361/2556/1140 2363/2630/1140 2364/2629/1140 2365/2628/1140 2362/2557/1140 2409/2560/1140 2411/2633/1140 2412/2632/1140 2413/2631/1140 2410/2545/1140 2385/2548/1140 2387/2636/1140 2388/2635/1140 2389/2634/1140 2386/2541/1140 2337/2544/1140 2339/2625/1140 2340/2626/1140 2341/2627/1140 2338/2553/1140
f 2482/2637/1044 2487/2638/1045 2438/2639/1046 2433/2640/1047
f 2506/2641/1048 2511/2642/1049 2488/2643/1050 2481/2644/1051
f 2510/2645/1052 2462/2646/1053 2439/2647/1054 2486/2648/1055
f 2434/2649/1056 2440/2650/1057 2464/2651/1058 2457/2652/1059
f 2458/2653/1060 2463/2654/1061 2512/2655/1062 2505/2656/1063
f 2438/2639/1046 2441/2657/1064 2444/2658/1141 2443/2659/1066
f 2441/2657/1064 2442/2660/1067 2445/2661/1068 2444/2658/1141
f 2443/2659/1066 2444/2658/1141 2456/2662/1069 2453/2663/1070
f 2444/2658/1141 2445/2661/1068 2446/2664/1071 2456/2662/1069
f 2439/2647/1054 2447/2665/1072 2450/2666/1073 2449/2667/1074
f 2447/2665/1072 2448/2668/1075 2451/2669/1076 2450/2666/1073
f 2449/2667/1074 2450/2666/1073 2445/2661/1068 2442/2660/1067
f 2450/2666/1073 2451/2669/1076 2446/2664/1071 2445/2661/1068
f 2440/2650/1057 2452/2670/1077 2455/2671/1078 2454/2672/1079
f 2452/2670/1077 2453/2663/1070 2456/2662/1069 2455/2671/1078
f 2454/2672/1079 2455/2671/1078 2451/2669/1076 2448/2668/1075
f 2455/2671/1078 2456/2662/1069 2446/2664/1071 2451/2669/1076
f 2462/2646/1053 2465/2673/1080 2468/2674/1081 2467/2675/1082
f 2465/2673/1080 2466/2676/1083 2469/2677/1084 2468/2674/1081
f 2467/2675/1082 2468/2674/1081 2480/2678/1085 2477/2679/1086
f 2468/2674/1081 2469/2677/1084 2470/2680/1087 2480/2678/1085
f 2463/2654/1061 2471/2681/1088 2474/2682/1089 2473/2683/1090
f 2471/2681/1088 2472/2684/1091 2475/2685/1092 2474/2682/1089
f 2473/2683/1090 2474/2682/1089 2469/2677/1084 2466/2676/1083
f 2474/2682/1089 2475/2685/1092 2470/2680/1087 2469/2677/1084
f 2464/2651/1058 2476/2686/1093 2479/2687/1156 2478/2688/1095
f 2476/2686/1093 2477/2679/1086 2480/2678/1085 2479/2687/1156
f 2478/2688/1095 2479/2687/1156 2475/2685/1092 2472/2684/1091
f 2479/2687/1156 2480/2678/1085 2470/2680/1087 2475/2685/1092
f 2486/2648/1055 2489/2689/1096 2492/2690/1097 2491/2691/1098
f 2489/2689/1096 2490/2692/1099 2493/2693/1100 2492/2690/1097
f 2491/2691/1098 2492/2690/1097 2504/2694/1101 2501/2695/1102
f 2492/2690/1097 2493/2693/1100 2494/2696/1157 2504/2694/1101
f 2487/2638/1045 2495/2697/1104 2498/2698/1146 2497/2699/1106
f 2495/2697/1104 2496/2700/1107 2499/2701/1108 2498/2698/1146
f 2497/2699/1106 2498/2698/1146 2493/2693/1100 2490/2692/1099
f 2498/2698/1146 2499/2701/1108 2494/2696/1157 2493/2693/1100
f 2488/2643/1050 2500/2702/1109 2503/2703/1110 2502/2704/1111
f 2500/2702/1109 2501/2695/1102 2504/2694/1101 2503/2703/1110
f 2502/2704/1111 2503/2703/1110 2499/2701/1108 2496/2700/1107
f 2503/2703/1110 2504/2694/1101 2494/2696/1157 2499/2701/1108
f 2510/2645/1052 2513/2705/1112 2516/2706/1113 2515/2707/1114
f 2513/2705/1112 2514/2708/1115 2517/2709/1116 2516/2706/1113
f 2515/2707/1114 2516/2706/1113 2528/2710/1117 2525/2711/1118
f 2516/2706/1113 2517/2709/1116 2518/2712/1158 2528/2710/1117
f 2511/2642/1049 2519/2713/1120 2522/2714/1159 2521/2715/1122
f 2519/2713/1120 2520/2716/1123 2523/2717/1124 2522/2714/1159
f 2521/2715/1122 2522/2714/1159 2517/2709/1116 2514/2708/1115
f 2522/2714/1159 2523/2717/1124 2518/2712/1158 2517/2709/1116
f 2512/2655/1062 2524/2718/1125 2527/2719/1155 2526/2720/1127
f 2524/2718/1125 2525/2711/1118 2528/2710/1117 2527/2719/1155
f 2526/2720/1127 2527/2719/1155 2523/2717/1124 2520/2716/1123
f 2527/2719/1155 2528/2710/1117 2518/2712/1158 2523/2717/1124
f 2433/2640/1047 2438/2639/1046 2443/2659/1066 2435/2721/1128
f 2435/2721/1128 2443/2659/1066 2453/2663/1070 2436/2722/1129
f 2436/2722/1129 2453/2663/1070 2452/2670/1077 2437/2723/1130
f 2437/2723/1130 2452/2670/1077 2440/2650/1057 2434/2649/1056
f 2439/2647/1054 2462/2646/1053 2467/2675/1082 2447/2665/1072
f 2447/2665/1072 2467/2675/1082 2477/2679/1086 2448/2668/1075
f 2448/2668/1075 2477/2679/1086 2476/2686/1093 2454/2672/1079
f 2454/2672/1079 2476/2686/1093 2464/2651/1058 2440/2650/1057
f 2463/2654/1061 2458/2653/1060 2461/2724/1131 2471/2681/1088
f 2471/2681/1088 2461/2724/1131 2460/2725/1132 2472/2684/1091
f 2472/2684/1091 2460/2725/1132 2459/2726/1133 2478/2688/1095
f 2478/2688/1095 2459/2726/1133 2457/2652/1059 2464/2651/1058
f 2462/2646/1053 2510/2645/1052 2515/2707/1114 2465/2673/1080
f 2465/2673/1080 2515/2707/1114 2525/2711/1118 2466/2676/1083
f 2466/2676/1083 2525/2711/1118 2524/2718/1125 2473/2683/1090
f 2473/2683/1090 2524/2718/1125 2512/2655/1062 2463/2654/1061
f 2511/2642/1049 2506/2641/1048 2509/2727/1134 2519/2713/1120
f 2519/2713/1120 2509/2727/1134 2508/2728/1135 2520/2716/1123
f 2520/2716/1123 2508/2728/1135 2507/2729/1136 2526/2720/1127
f 2526/2720/1127 2507/2729/1136 2505/2656/1063 2512/2655/1062
f 2510/2645/1052 2486/2648/1055 2491/2691/1098 2513/2705/1112
f 2513/2705/1112 2491/2691/1098 2501/2695/1102 2514/2708/1115
f 2514/2708/1115 2501/2695/1102 2500/2702/1109 2521/2715/1122
f 2521/2715/1122 2500/2702/1109 2488/2643/1050 2511/2642/1049
f 2487/2638/1045 2482/2637/1044 2485/2730/1137 2495/2697/1104
f 2495/2697/1104 2485/2730/1137 2484/2731/1138 2496/2700/1107
f 2496/2700/1107 2484/2731/1138 2483/2732/1139 2502/2704/1111
f 2502/2704/1111 2483/2732/1139 2481/2644/1051 2488/2643/1050
f 2486/2648/1055 2439/2647/1054 2449/2667/1074 2489/2689/1096
f 2489/2689/1096 2449/2667/1074 2442/2660/1067 2490/2692/1099
f 2490/2692/1099 2442/2660/1067 2441/2657/1064 2497/2699/1106
f 2497/2699/1106 2441/2657/1064 2438/2639/1046 2487/2638/1045
f 2457/2652/1140 2459/2726/1140 2460/2725/1140 2461/2724/1140 2458/2653/1140 2505/2656/1140 2507/2729/1140 2508/2728/1140 2509/2727/1140 2506/2641/1140 2481/2644/1140 2483/2732/1140 2484/2731/1140 2485/2730/1140 2482/2637/1140 2433/2640/1140 2435/2721/1140 2436/2722/1140 2437/2723/1140 2434/2649/1140
f 2578/2733/1044 2583/2734/1045 2534/2735/1046 2529/2736/1047
f 2602/2737/1048 2607/2738/1049 2584/2739/1050 2577/2740/1051
f 2606/2741/1052 2558/2742/1053 2535/2743/1054 2582/2744/1055
f 2530/2745/1056 2536/2746/1057 2560/2747/1058 2553/2748/1059
f 2554/2749/1060 2559/2750/1061 2608/2751/1062 2601/2752/1063
f 2534/2735/1046 2537/2753/1064 2540/2754/1141 2539/2755/1066
f 2537/2753/1064 2538/2756/1067 2541/2757/1068 2540/2754/1141
f 2539/2755/1066 2540/2754/1141 2552/2758/1069 2549/2759/1070
f 2540/2754/1141 2541/2757/1068 2542/2760/1071 2552/2758/1069
f 2535/2743/1054 2543/2761/1072 2546/2762/1143 2545/2763/1074
f 2543/2761/1072 2544/2764/1075 2547/2765/1076 2546/2762/1143
f 2545/2763/1074 2546/2762/1143 2541/2757/1068 2538/2756/1067
f 2546/2762/1143 2547/2765/1076 2542/2760/1071 2541/2757/1068
f 2536/2746/1057 2548/2766/1077 2551/2767/1078 2550/2768/1079
f 2548/2766/1077 2549/2759/1070 2552/2758/1069 2551/2767/1078
f 2550/2768/1079 2551/2767/1078 2547/2765/1076 2544/2764/1075
f 2551/2767/1078 2552/2758/1069 2542/2760/1071 2547/2765/1076
f 2558/2742/1053 2561/2769/1080 2564/2770/1081 2563/2771/1082
f 2561/2769/1080 2562/2772/1083 2565/2773/1084 2564/2770/1081
f 2563/2771/1082 2564/2770/1081 2576/2774/1085 2573/2775/1086
f 2564/2770/1081 2565/2773/1084 2566/2776/1148 2576/2774/1085
f 2559/2750/1061 2567/2777/1088 2570/2778/1089 2569/2779/1090
f 2567/2777/1088 2568/2780/1091 2571/2781/1092 2570/2778/1089
f 2569/2779/1090 2570/2778/1089 2565/2773/1084 2562/2772/1083
f 2570/2778/1089 2571/2781/1092 2566/2776/1148 2565/2773/1084
f 2560/2747/1058 2572/2782/1093 2575/2783/1156 2574/2784/1095
f 2572/2782/1093 2573/2775/1086 2576/2774/1085 2575/2783/1156
f 2574/2784/1095 2575/2783/1156 2571/2781/1092 2568/2780/1091
f 2575/2783/1156 2576/2774/1085 2566/2776/1148 2571/2781/1092
f 2582/2744/1055 2585/2785/1096 2588/2786/1153 2587/2787/1098
f 2585/2785/1096 2586/2788/1099 2589/2789/1100 2588/2786/1153
f 2587/2787/1098 2588/2786/1153 2600/2790/1101 2597/2791/1102
f 2588/2786/1153 2589/2789/1100 2590/2792/1157 2600/2790/1101
f 2583/2734/1045 2591/2793/1104 2594/2794/1146 2593/2795/1106
f 2591/2793/1104 2592/2796/1107 2595/2797/1108 2594/2794/1146
f 2593/2795/1106 2594/2794/1146 2589/2789/1100 2586/2788/1099
f 2594/2794/1146 2595/2797/1108 2590/2792/1157 2589/2789/1100
f 2584/2739/1050 2596/2798/1109 2599/2799/1110 2598/2800/1111
f 2596/2798/1109 2597/2791/1102 2600/2790/1101 2599/2799/1110
f 2598/2800/1111 2599/2799/1110 2595/2797/1108 2592/2796/1107
f 2599/2799/1110 2600/2790/1101 2590/2792/1157 2595/2797/1108
f 2606/2741/1052 2609/2801/1112 2612/2802/1113 2611/2803/1114
f 2609/2801/1112 2610/2804/1115 2613/2805/1116 2612/2802/1113
f 2611/2803/1114 2612/2802/1113 2624/2806/1117 2621/2807/1118
f 2612/2802/1113 2613/2805/1116 2614/2808/1158 2624/2806/1117
f 2607/2738/1049 2615/2809/1120 2618/2810/1159 2617/2811/1122
f 2615/2809/1120 2616/2812/1123 2619/2813/1124 2618/2810/1159
f 2617/2811/1122 2618/2810/1159 2613/2805/1116 2610/2804/1115
f 2618/2810/1159 2619/2813/1124 2614/2808/1158 2613/2805/1116
f 2608/2751/1062 2620/2814/1125 2623/2815/1155 2622/2816/1127
f 2620/2814/1125 2621/2807/1118 2624/2806/1117 2623/2815/1155
f 2622/2816/1127 2623/2815/1155 2619/2813/1124 2616/2812/1123
f 2623/2815/1155 2624/2806/1117 2614/2808/1158 2619/2813/1124
f 2529/2736/1047 2534/2735/1046 2539/2755/1066 2531/2817/1128
f 2531/2817/1128 2539/2755/1066 2549/2759/1070 2532/2818/1129
f 2532/2818/1129 2549/2759/1070 2548/2766/1077 2533/2819/1130
f 2533/2819/1130 2548/2766/1077 2536/2746/1057 2530/2745/1056
f 2535/2743/1054 2558/2742/1053 2563/2771/1082 2543/2761/1072
f 2543/2761/1072 2563/2771/1082 2573/2775/1086 2544/2764/1075
f 2544/2764/1075 2573/2775/1086 2572/2782/1093 2550/2768/1079
f 2550/2768/1079 2572/2782/1093 2560/2747/1058 2536/2746/1057
f 2559/2750/1061 2554/2749/1060 2557/2820/1131 2567/2777/1088
f 2567/2777/1088 2557/2820/1131 2556/2821/1132 2568/2780/1091
f 2568/2780/1091 2556/2821/1132 2555/2822/1133 2574/2784/1095
f 2574/2784/1095 2555/2822/1133 2553/2748/1059 2560/2747/1058
f 2558/2742/1053 2606/2741/1052 2611/2803/1114 2561/2769/1080
f 2561/2769/1080 2611/2803/1114 2621/2807/1118 2562/2772/1083
f 2562/2772/1083 2621/2807/1118 2620/2814/1125 2569/2779/1090
f 2569/2779/1090 2620/2814/1125 2608/2751/1062 2559/2750/1061
f 2607/2738/1049 2602/2737/1048 2605/2823/1134 2615/2809/1120
f 2615/2809/1120 2605/2823/1134 2604/2824/1135 2616/2812/1123
f 2616/2812/1123 2604/2824/1135 2603/2825/1136 2622/2816/1127
f 2622/2816/1127 2603/2825/1136 2601/2752/1063 2608/2751/1062
f 2606/2741/1052 2582/2744/1055 2587/2787/1098 2609/2801/1112
f 2609/2801/1112 2587/2787/1098 2597/2791/1102 2610/2804/1115
f 2610/2804/1115 2597/2791/1102 2596/2798/1109 2617/2811/1122
f 2617/2811/1122 2596/2798/1109 2584/2739/1050 2607/2738/1049
f 2583/2734/1045 2578/2733/1044 2581/2826/1137 2591/2793/1104
f 2591/2793/1104 2581/2826/1137 2580/2827/1138 2592/2796/1107
f 2592/2796/1107 2580/2827/1138 2579/2828/1139 2598/2800/1111
f 2598/2800/1111 2579/2828/1139 2577/2740/1051 2584/2739/1050
f 2582/2744/1055 2535/2743/1054 2545/2763/1074 2585/2785/1096
f 2585/2785/1096 2545/2763/1074 2538/2756/1067 2586/2788/1099
f 2586/2788/1099 2538/2756/1067 2537/2753/1064 2593/2795/1106
f 2593/2795/1106 2537/2753/1064 2534/2735/1046 2583/2734/1045
f 2553/2748/1140 2555/2822/1140 2556/2821/1140 2557/2820/1140 2554/2749/1140 2601/2752/1140 2603/2825/1140 2604/2824/1140 2605/2823/1140 2602/2737/1140 2577/2740/1140 2579/2828/1140 2580/2827/1140 2581/2826/1140 2578/2733/1140 2529/2736/1140 2531/2817/1140 2532/2818/1140 2533/2819/1140 2530/2745/1140
f 2674/2829/1044 2679/2830/1045 2630/2831/1046 2625/2832/1047
f 2698/2833/1048 2703/2834/1049 2680/2835/1050 2673/2836/1051
f 2702/2837/1052 2654/2838/1053 2631/2839/1054 2678/2840/1055
f 2626/2841/1056 2632/2842/1057 2656/2843/1058 2649/2844/1059
f 2650/2845/1060 2655/2846/1061 2704/2847/1062 2697/2848/1063
f 2630/2831/1046 2633/2849/1064 2636/2850/1065 2635/2851/1066
f 2633/2849/1064 2634/2852/1067 2637/2853/1068 2636/2850/1065
f 2635/2851/1066 2636/2850/1065 2648/2854/1069 2645/2855/1070
f 2636/2850/1065 2637/2853/1068 2638/2856/1152 2648/2854/1069
f 2631/2839/1054 2639/2857/1072 2642/2858/1073 2641/2859/1074
f 2639/2857/1072 2640/2860/1075 2643/2861/1076 2642/2858/1073
f 2641/2859/1074 2642/2858/1073 2637/2853/1068 2634/2852/1067
f 2642/2858/1073 2643/2861/1076 2638/2856/1152 2637/2853/1068
f 2632/2842/1057 2644/2862/1077 2647/2863/1078 2646/2864/1079
f 2644/2862/1077 2645/2855/1070 2648/2854/1069 2647/2863/1078
f 2646/2864/1079 2647/2863/1078 2643/2861/1076 2640/2860/1075
f 2647/2863/1078 2648/2854/1069 2638/2856/1152 2643/2861/1076
f 2654/2838/1053 2657/2865/1080 2660/2866/1081 2659/2867/1082
f 2657/2865/1080 2658/2868/1083 2661/2869/1084 2660/2866/1081
f 2659/2867/1082 2660/2866/1081 2672/2870/1085 2669/2871/1086
f 2660/2866/1081 2661/2869/1084 2662/2872/1148 2672/2870/1085
f 2655/2846/1061 2663/2873/1088 2666/2874/1089 2665/2875/1090
f 2663/2873/1088 2664/2876/1091 2667/2877/1092 2666/2874/1089
f 2665/2875/1090 2666/2874/1089 2661/2869/1084 2658/2868/1083
f 2666/2874/1089 2667/2877/1092 2662/2872/1148 2661/2869/1084
f 2656/2843/1058 2668/2878/1093 2671/2879/1144 2670/2880/1095
f 2668/2878/1093 2669/2871/1086 2672/2870/1085 2671/2879/1144
f 2670/2880/1095 2671/2879/1144 2667/2877/1092 2664/2876/1091
f 2671/2879/1144 2672/2870/1085 2662/2872/1148 2667/2877/1092
f 2678/2840/1055 2681/2881/1096 2684/2882/1097 2683/2883/1098
f 2681/2881/1096 2682/2884/1099 2685/2885/1100 2684/2882/1097
f 2683/2883/1098 2684/2882/1097 2696/2886/1101 2693/2887/1102
f 2684/2882/1097 2685/2885/1100 2686/2888/1103 2696/2886/1101
f 2679/2830/1045 2687/2889/1104 2690/2890/1105 2689/2891/1106
f 2687/2889/1104 2688/2892/1107 2691/2893/1108 2690/2890/1105
f 2689/2891/1106 2690/2890/1105 2685/2885/1100 2682/2884/1099
f 2690/2890/1105 2691/2893/1108 2686/2888/1103 2685/2885/1100
f 2680/2835/1050 2692/2894/1109 2695/2895/1110 2694/2896/1111
f 2692/2894/1109 2693/2887/1102 2696/2886/1101 2695/2895/1110
f 2694/2896/1111 2695/2895/1110 2691/2893/1108 2688/2892/1107
f 2695/2895/1110 2696/2886/1101 2686/2888/1103 2691/2893/1108
f 2702/2837/1052 2705/2897/1112 2708/2898/1113 2707/2899/1114
f 2705/2897/1112 2706/2900/1115 2709/2901/1116 2708/2898/1113
f 2707/2899/1114 2708/2898/1113 2720/2902/1117 2717/2903/1118
f 2708/2898/1113 2709/2901/1116 2710/2904/1158 2720/2902/1117
f 2703/2834/1049 2711/2905/1120 2714/2906/1147 2713/2907/1122
f 2711/2905/1120 2712/2908/1123 2715/2909/1124 2714/2906/1147
f 2713/2907/1122 2714/2906/1147 2709/2901/1116 2706/2900/1115
f 2714/2906/1147 2715/2909/1124 2710/2904/1158 2709/2901/1116
f 2704/2847/1062 2716/2910/1125 2719/2911/1126 2718/2912/1127
f 2716/2910/1125 2717/2903/1118 2720/2902/1117 2719/2911/1126
f 2718/2912/1127 2719/2911/1126 2715/2909/1124 2712/2908/1123
f 2719/2911/1126 2720/2902/1117 2710/2904/1158 2715/2909/1124
f 2625/2832/1047 2630/2831/1046 2635/2851/1066 2627/2913/1128
f 2627/2913/1128 2635/2851/1066 2645/2855/1070 2628/2914/1129
f 2628/2914/1129 2645/2855/1070 2644/2862/1077 2629/2915/1130
f 2629/2915/1130 2644/2862/1077 2632/2842/1057 2626/2841/1056
f 2631/2839/1054 2654/2838/1053 2659/2867/1082 2639/2857/1072
f 2639/2857/1072 2659/2867/1082 2669/2871/1086 2640/2860/1075
f 2640/2860/1075 2669/2871/1086 2668/2878/1093 2646/2864/1079
f 2646/2864/1079 2668/2878/1093 2656/2843/1058 2632/2842/1057
f 2655/2846/1061 2650/2845/1060 2653/2916/1131 2663/2873/1088
f 2663/2873/1088 2653/2916/1131 2652/2917/1132 2664/2876/1091
f 2664/2876/1091 2652/2917/1132 2651/2918/1133 2670/2880/1095
f 2670/2880/1095 2651/2918/1133 2649/2844/1059 2656/2843/1058
f 2654/2838/1053 2702/2837/1052 2707/2899/1114 2657/2865/1080
f 2657/2865/1080 2707/2899/1114 2717/2903/1118 2658/2868/1083
f 2658/2868/1083 2717/2903/1118 2716/2910/1125 2665/2875/1090
f 2665/2875/1090 2716/2910/1125 2704/2847/1062 2655/2846/1061
f 2703/2834/1049 2698/2833/1048 2701/2919/1134 2711/2905/1120
f 2711/2905/1120 2701/2919/1134 2700/2920/1135 2712/2908/1123
f 2712/2908/1123 2700/2920/1135 2699/2921/1136 2718/2912/1127
f 2718/2912/1127 2699/2921/1136 2697/2848/1063 2704/2847/1062
f 2702/2837/1052 2678/2840/1055 2683/2883/1098 2705/2897/1112
f 2705/2897/1112 2683/2883/1098 2693/2887/1102 2706/2900/1115
f 2706/2900/1115 2693/2887/1102 2692/2894/1109 2713/2907/1122
f 2713/2907/1122 2692/2894/1109 2680/2835/1050 2703/2834/1049
f 2679/2830/1045 2674/2829/1044 2677/2922/1137 2687/2889/1104
f 2687/2889/1104 2677/2922/1137 2676/2923/1138 2688/2892/1107
f 2688/2892/1107 2676/2923/1138 2675/2924/1139 2694/2896/1111
f 2694/2896/1111 2675/2924/1139 2673/2836/1051 2680/2835/1050
f 2678/2840/1055 2631/2839/1054 2641/2859/1074 2681/2881/1096
f 2681/2881/1096 2641/2859/1074 2634/2852/1067 2682/2884/1099
f 2682/2884/1099 2634/2852/1067 2633/2849/1064 2689/2891/1106
f 2689/2891/1106 2633/2849/1064 2630/2831/1046 2679/2830/1045
f 2649/2844/1140 2651/2918/1140 2652/2917/1140 2653/2916/1140 2650/2845/1140 2697/2848/1140 2699/2921/1140 2700/2920/1140 2701/2919/1140 2698/2833/1140 2673/2836/1140 2675/2924/1140 2676/2923/1140 2677/2922/1140 2674/2829/1140 2625/2832/1140 2627/2913/1140 2628/2914/1140 2629/2915/1140 2626/2841/1140
f 2770/2925/1044 2775/2926/1045 2726/2927/1046 2721/2928/1047
f 2794/2929/1048 2799/2930/1049 2776/2931/1050 2769/2932/1051
f 2798/2933/1052 2750/2934/1053 2727/2935/1054 2774/2936/1055
f 2722/2937/1056 2728/2938/1057 2752/2939/1058 2745/2940/1059
f 2746/2941/1060 2751/2942/1061 2800/2943/1062 2793/2944/1063
f 2726/2927/1046 2729/2945/1064 2732/2946/1065 2731/2947/1066
f 2729/2945/1064 2730/2948/1067 2733/2949/1068 2732/2946/1065
f 2731/2947/1066 2732/2946/1065 2744/2950/1069 2741/2951/1070
f 2732/2946/1065 2733/2949/1068 2734/2952/1160 2744/2950/1069
f 2727/2935/1054 2735/2953/1072 2738/2954/1143 2737/2955/1074
f 2735/2953/1072 2736/2956/1075 2739/2957/1076 2738/2954/1143
f 2737/2955/1074 2738/2954/1143 2733/2949/1068 2730/2948/1067
f 2738/2954/1143 2739/2957/1076 2734/2952/1160 2733/2949/1068
f 2728/2938/1057 2740/2958/1077 2743/2959/1078 2742/2960/1079
f 2740/2958/1077 2741/2951/1070 2744/2950/1069 2743/2959/1078
f 2742/2960/1079 2743/2959/1078 2739/2957/1076 2736/2956/1075
f 2743/2959/1078 2744/2950/1069 2734/2952/1160 2739/2957/1076
f 2750/2934/1053 2753/2961/1080 2756/2962/1081 2755/2963/1082
f 2753/2961/1080 2754/2964/1083 2757/2965/1084 2756/2962/1081
f 2755/2963/1082 2756/2962/1081 2768/2966/1085 2765/2967/1086
f 2756/2962/1081 2757/2965/1084 2758/2968/1087 2768/2966/1085
f 2751/2942/1061 2759/2969/1088 2762/2970/1089 2761/2971/1090
f 2759/2969/1088 2760/2972/1091 2763/2973/1092 2762/2970/1089
f 2761/2971/1090 2762/2970/1089 2757/2965/1084 2754/2964/1083
f 2762/2970/1089 2763/2973/1092 2758/2968/1087 2757/2965/1084
f 2752/2939/1058 2764/2974/1093 2767/2975/1144 2766/2976/1095
f 2764/2974/1093 2765/2967/1086 2768/2966/1085 2767/2975/1144
f 2766/2976/1095 2767/2975/1144 2763/2973/1092 2760/2972/1091
f 2767/2975/1144 2768/2966/1085 2758/2968/1087 2763/2973/1092
f 2774/2936/1055 2777/2977/1096 2780/2978/1097 2779/2979/1098
f 2777/2977/1096 2778/2980/1099 2781/2981/1100 2780/2978/1097
f 2779/2979/1098 2780/2978/1097 2792/2982/1101 2789/2983/1102
f 2780/2978/1097 2781/2981/1100 2782/2984/1103 2792/2982/1101
f 2775/2926/1045 2783/2985/1104 2786/2986/1105 2785/2987/1106
f 2783/2985/1104 2784/2988/1107 2787/2989/1108 2786/2986/1105
f 2785/2987/1106 2786/2986/1105 2781/2981/1100 2778/2980/1099
f 2786/2986/1105 2787/2989/1108 2782/2984/1103 2781/2981/1100
f 2776/2931/1050 2788/2990/1109 2791/2991/1110 2790/2992/1111
f 2788/2990/1109 2789/2983/1102 2792/2982/1101 2791/2991/1110
f 2790/2992/1111 2791/2991/1110 2787/2989/1108 2784/2988/1107
f 2791/2991/1110 2792/2982/1101 2782/2984/1103 2787/2989/1108
f 2798/2933/1052 2801/2993/1112 2804/2994/1113 2803/2995/1114
f 2801/2993/1112 2802/2996/1115 2805/2997/1116 2804/2994/1113
f 2803/2995/1114 2804/2994/1113 2816/2998/1117 2813/2999/1118
f 2804/2994/1113 2805/2997/1116 2806/3000/1158 2816/2998/1117
f 2799/2930/1049 2807/3001/1120 2810/3002/1147 2809/3003/1122
f 2807/3001/1120 2808/3004/1123 2811/3005/1124 2810/3002/1147
f 2809/3003/1122 2810/3002/1147 2805/2997/1116 2802/2996/1115
f 2810/3002/1147 2811/3005/1124 2806/3000/1158 2805/2997/1116
f 2800/2943/1062 2812/3006/1125 2815/3007/1155 2814/3008/1127
f 2812/3006/1125 2813/2999/1118 2816/2998/1117 2815/3007/1155
f 2814/3008/1127 2815/3007/1155 2811/3005/1124 2808/3004/1123
f 2815/3007/1155 2816/2998/1117 2806/3000/1158 2811/3005/1124
f 2721/2928/1047 2726/2927/1046 2731/2947/1066 2723/3009/1128
f 2723/3009/1128 2731/2947/1066 2741/2951/1070 2724/3010/1129
f 2724/3010/1129 2741/2951/1070 2740/2958/1077 2725/3011/1130
f 2725/3011/1130 2740/2958/1077 2728/2938/1057 2722/2937/1056
f 2727/2935/1054 2750/2934/1053 2755/2963/1082 2735/2953/1072
f 2735/2953/1072 2755/2963/1082 2765/2967/1086 2736/2956/1075
f 2736/2956/1075 2765/2967/1086 2764/2974/1093 2742/2960/1079
f 2742/2960/1079 2764/2974/1093 2752/2939/1058 2728/2938/1057
f 2751/2942/1061 2746/2941/1060 2749/3012/1131 2759/2969/1088
f 2759/2969/1088 2749/3012/1131 2748/3013/1132 2760/2972/1091
f 2760/2972/1091 2748/3013/1132 2747/3014/1133 2766/2976/1095
f 2766/2976/1095 2747/3014/1133 2745/2940/1059 2752/2939/1058
f 2750/2934/1053 2798/2933/1052 2803/2995/1114 2753/2961/1080
f 2753/2961/1080 2803/2995/1114 2813/2999/1118 2754/2964/1083
f 2754/2964/1083 2813/2999/1118 2812/3006/1125 2761/2971/1090
f 2761/2971/1090 2812/3006/1125 2800/2943/1062 2751/2942/1061
f 2799/2930/1049 2794/2929/1048 2797/3015/1134 2807/3001/1120
f 2807/3001/1120 2797/3015/1134 2796/3016/1135 2808/3004/1123
f 2808/3004/1123 2796/3016/1135 2795/3017/1136 2814/3008/1127
f 2814/3008/1127 2795/3017/1136 2793/2944/1063 2800/2943/1062
f 2798/2933/1052 2774/2936/1055 2779/2979/1098 2801/2993/1112
f 2801/2993/1112 2779/2979/1098 2789/2983/1102 2802/2996/1115
f 2802/2996/1115 2789/2983/1102 2788/2990/1109 2809/3003/1122
f 2809/3003/1122 2788/2990/1109 2776/2931/1050 2799/2930/1049
f 2775/2926/1045 2770/2925/1044 2773/3018/1137 2783/2985/1104
f 2783/2985/1104 2773/3018/1137 2772/3019/1138 2784/2988/1107
f 2784/2988/1107 2772/3019/1138 2771/3020/1139 2790/2992/1111
f 2790/2992/1111 2771/3020/1139 2769/2932/1051 2776/2931/1050
f 2774/2936/1055 2727/2935/1054 2737/2955/1074 2777/2977/1096
f 2777/2977/1096 2737/2955/1074 2730/2948/1067 2778/2980/1099
f 2778/2980/1099 2730/2948/1067 2729/2945/1064 2785/2987/1106
f 2785/2987/1106 2729/2945/1064 2726/2927/1046 2775/2926/1045
f 2745/2940/1140 2747/3014/1140 2748/3013/1140 2749/3012/1140 2746/2941/1140 2793/2944/1140 2795/3017/1140 2796/3016/1140 2797/3015/1140 2794/2929/1140 2769/2932/1140 2771/3020/1140 2772/3019/1140 2773/3018/1140 2770/2925/1140 2721/2928/1140 2723/3009/1140 2724/3010/1140 2725/3011/1140 2722/2937/1140
f 2844/3021/1044 2849/3022/1045 2822/3023/1046 2817/3024/1047
f 2868/3025/1048 2873/3026/1049 2850/3027/1050 2843/3028/1051
f 2822/3023/1046 2825/3029/1064 2828/3030/1065 2827/3031/1066
f 2825/3029/1064 2826/3032/1067 2829/3033/1068 2828/3030/1065
f 2827/3031/1066 2828/3030/1065 2840/3034/1069 2837/3035/1070
f 2828/3030/1065 2829/3033/1068 2830/3036/1160 2840/3034/1069
f 2823/3037/1161 2831/3038/1162 2834/3039/1143 2833/3040/1074
f 2831/3038/1162 2832/3041/1163 2835/3042/1076 2834/3039/1143
f 2833/3040/1074 2834/3039/1143 2829/3033/1068 2826/3032/1067
f 2834/3039/1143 2835/3042/1076 2830/3036/1160 2829/3033/1068
f 2824/3043/1164 2836/3044/1077 2839/3045/1078 2838/3046/1165
f 2836/3044/1077 2837/3035/1070 2840/3034/1069 2839/3045/1078
f 2838/3046/1165 2839/3045/1078 2835/3042/1076 2832/3041/1163
f 2839/3045/1078 2840/3034/1069 2830/3036/1160 2835/3042/1076
f 2848/3047/1055 2851/3048/1096 2854/3049/1097 2853/3050/1098
f 2851/3048/1096 2852/3051/1099 2855/3052/1100 2854/3049/1097
f 2853/3050/1098 2854/3049/1097 2866/3053/1101 2863/3054/1102
f 2854/3049/1097 2855/3052/1100 2856/3055/1166 2866/3053/1101
f 2849/3022/1045 2857/3056/1104 2860/3057/1105 2859/3058/1106
f 2857/3056/1104 2858/3059/1107 2861/3060/1108 2860/3057/1105
f 2859/3058/1106 2860/3057/1105 2855/3052/1100 2852/3051/1099
f 2860/3057/1105 2861/3060/1108 2856/3055/1166 2855/3052/1100
f 2850/3027/1050 2862/3061/1109 2865/3062/1110 2864/3063/1111
f 2862/3061/1109 2863/3054/1102 2866/3053/1101 2865/3062/1110
f 2864/3063/1111 2865/3062/1110 2861/3060/1108 2858/3059/1107
f 2865/3062/1110 2866/3053/1101 2856/3055/1166 2861/3060/1108
f 2872/3064/1167 2875/3065/1112 2878/3066/1168 2877/3067/1169
f 2875/3065/1112 2876/3068/1115 2879/3069/1116 2878/3066/1168
f 2877/3067/1169 2878/3066/1168 2890/3070/1117 2887/3071/1170
f 2878/3066/1168 2879/3069/1116 2880/3072/1158 2890/3070/1117
f 2873/3026/1049 2881/3073/1120 2884/3074/1147 2883/3075/1122
f 2881/3073/1120 2882/3076/1123 2885/3077/1124 2884/3074/1147
f 2883/3075/1122 2884/3074/1147 2879/3069/1116 2876/3068/1115
f 2884/3074/1147 2885/3077/1124 2880/3072/1158 2879/3069/1116
f 2874/3078/1171 2886/3079/1172 2889/3080/1126 2888/3081/1127
f 2886/3079/1172 2887/3071/1170 2890/3070/1117 2889/3080/1126
f 2888/3081/1127 2889/3080/1126 2885/3077/1124 2882/3076/1123
f 2889/3080/1126 2890/3070/1117 2880/3072/1158 2885/3077/1124
f 2817/3024/1047 2822/3023/1046 2827/3031/1066 2819/3082/1128
f 2819/3082/1128 2827/3031/1066 2837/3035/1070 2820/3083/1129
f 2820/3083/1129 2837/3035/1070 2836/3044/1077 2821/3084/1130
f 2821/3084/1130 2836/3044/1077 2824/3043/1164 2818/3085/1056
f 2873/3026/1049 2868/3025/1048 2871/3086/1134 2881/3073/1120
f 2881/3073/1120 2871/3086/1134 2870/3087/1135 2882/3076/1123
f 2882/3076/1123 2870/3087/1135 2869/3088/1136 2888/3081/1127
f 2888/3081/1127 2869/3088/1136 2867/3089/1063 2874/3078/1171
f 2872/3064/1167 2848/3047/1055 2853/3050/1098 2875/3065/1112
f 2875/3065/1112 2853/3050/1098 2863/3054/1102 2876/3068/1115
f 2876/3068/1115 2863/3054/1102 2862/3061/1109 2883/3075/1122
f 2883/3075/1122 2862/3061/1109 2850/3027/1050 2873/3026/1049
f 2849/3022/1045 2844/3021/1044 2847/3090/1137 2857/3056/1104
f 2857/3056/1104 2847/3090/1137 2846/3091/1138 2858/3059/1107
f 2858/3059/1107 2846/3091/1138 2845/3092/1139 2864/3063/1111
f 2864/3063/1111 2845/3092/1139 2843/3028/1051 2850/3027/1050
f 2848/3047/1055 2823/3037/1161 2833/3040/1074 2851/3048/1096
f 2851/3048/1096 2833/3040/1074 2826/3032/1067 2852/3051/1099
f 2852/3051/1099 2826/3032/1067 2825/3029/1064 2859/3058/1106
f 2859/3058/1106 2825/3029/1064 2822/3023/1046 2849/3022/1045
f 2895/3093/1173 2892/3094/1174 2899/3095/1175 2902/3096/1176
f 2893/3097/1177 2894/3098/1178 2901/3099/1179 2900/3100/1180
f 2891/3101/1181 2842/3102/1181 2897/3103/1182 2898/3104/1183
f 2894/3098/1178 2895/3093/1173 2902/3096/1176 2901/3099/1179
f 2891/3101/1184 2893/3097/1177 2900/3100/1180 2898/3104/1185
f 2892/3094/1174 2841/3105/1186 2896/3106/1187 2899/3095/1175
f 2841/3105/1186 2818/3085/1056 2824/3043/1164 2896/3106/1187
f 2842/3102/1188 2897/3103/1189 2874/3078/1171 2867/3089/1063
f 2898/3104/1183 2897/3103/1182 2904/3107/1190 2905/3108/1191
f 2901/3099/1179 2902/3096/1176 2909/3109/1192 2908/3110/1193
f 2898/3104/1185 2900/3100/1180 2907/3111/1194 2905/3108/1195
f 2899/3095/1175 2896/3106/1187 2903/3112/1196 2906/3113/1197
f 2902/3096/1176 2899/3095/1175 2906/3113/1197 2909/3109/1192
f 2900/3100/1180 2901/3099/1179 2908/3110/1193 2907/3111/1198
f 2905/3108/1191 2904/3107/1190 2911/3114/1199 2912/3115/1200
f 2908/3110/1193 2909/3109/1192 2916/3116/1201 2915/3117/1202
f 2905/3108/1195 2907/3111/1194 2914/3118/1203 2912/3115/1204
f 2906/3113/1197 2903/3112/1196 2910/3119/1205 2913/3120/1206
f 2909/3109/1192 2906/3113/1197 2913/3120/1206 2916/3116/1201
f 2907/3111/1198 2908/3110/1193 2915/3117/1202 2914/3118/1203
f 2915/3117/1202 2916/3116/1201 2923/3121/1207 2922/3122/1208
f 2912/3115/1204 2914/3118/1203 2921/3123/1209 2919/3124/1210
f 2913/3120/1206 2910/3119/1205 2917/3125/1211 2920/3126/1212
f 2916/3116/1201 2913/3120/1206 2920/3126/1212 2923/3121/1207
f 2914/3118/1203 2915/3117/1202 2922/3122/1208 2921/3123/1209
f 2912/3115/1200 2911/3114/1199 2918/3127/1213 2919/3124/1214
f 2919/3124/1210 2921/3123/1209 2928/3128/1215 2926/3129/1216
f 2920/3126/1212 2917/3125/1211 2924/3130/1217 2927/3131/1218
f 2923/3121/1207 2920/3126/1212 2927/3131/1218 2930/3132/1219
f 2921/3123/1209 2922/3122/1220 2929/3133/1221 2928/3128/1215
f 2919/3124/1214 2918/3127/1213 2925/3134/1222 2926/3129/1222
f 2922/3122/1220 2923/3121/1207 2930/3132/1219 2929/3133/1221
f 2838/3046/1165 2903/3112/1196 2896/3106/1187 2824/3043/1164
f 2832/3041/1163 2910/3119/1205 2903/3112/1196 2838/3046/1165
f 2831/3038/1162 2917/3125/1211 2910/3119/1205 2832/3041/1163
f 2823/3037/1161 2924/3130/1217 2917/3125/1211 2831/3038/1162
f 2886/3079/1172 2874/3078/1171 2897/3103/1189 2904/3107/1223
f 2887/3071/1170 2886/3079/1172 2904/3107/1224 2911/3114/1225
f 2877/3067/1169 2887/3071/1170 2911/3114/1225 2918/3127/1226
f 2872/3064/1167 2877/3067/1169 2918/3127/1226 2925/3134/1227
f 2848/3047/1055 2872/3064/1167 2925/3134/1227 2926/3129/1216 2928/3128/1215 2929/3133/1221 2930/3132/1219 2927/3131/1218 2924/3130/1217 2823/3037/1161
f 2958/3135/1047 2963/3136/1228 2936/3137/1229 2931/3138/1044
f 2982/3139/1059 2987/3140/1230 2964/3141/1231 2957/3142/1056
f 2936/3137/1229 2939/3143/1232 2942/3144/1233 2941/3145/1234
f 2939/3143/1232 2940/3146/1235 2943/3147/1236 2942/3144/1233
f 2941/3145/1234 2942/3144/1233 2954/3148/1237 2951/3149/1238
f 2942/3144/1233 2943/3147/1236 2944/3150/1239 2954/3148/1237
f 2937/3151/1240 2945/3152/1241 2948/3153/1242 2947/3154/1243
f 2945/3152/1241 2946/3155/1244 2949/3156/1245 2948/3153/1242
f 2947/3154/1243 2948/3153/1242 2943/3147/1236 2940/3146/1235
f 2948/3153/1242 2949/3156/1245 2944/3150/1239 2943/3147/1236
f 2938/3157/1246 2950/3158/1247 2953/3159/1248 2952/3160/1249
f 2950/3158/1247 2951/3149/1238 2954/3148/1237 2953/3159/1248
f 2952/3160/1249 2953/3159/1248 2949/3156/1245 2946/3155/1244
f 2953/3159/1248 2954/3148/1237 2944/3150/1239 2949/3156/1245
f 2962/3161/1250 2965/3162/1251 2968/3163/1252 2967/3164/1253
f 2965/3162/1251 2966/3165/1254 2969/3166/1255 2968/3163/1252
f 2967/3164/1253 2968/3163/1252 2980/3167/1256 2977/3168/1257
f 2968/3163/1252 2969/3166/1255 2970/3169/1258 2980/3167/1256
f 2963/3136/1228 2971/3170/1259 2974/3171/1260 2973/3172/1261
f 2971/3170/1259 2972/3173/1262 2975/3174/1263 2974/3171/1260
f 2973/3172/1261 2974/3171/1260 2969/3166/1255 2966/3165/1254
f 2974/3171/1260 2975/3174/1263 2970/3169/1258 2969/3166/1255
f 2964/3141/1231 2976/3175/1264 2979/3176/1265 2978/3177/1266
f 2976/3175/1264 2977/3168/1257 2980/3167/1256 2979/3176/1265
f 2978/3177/1266 2979/3176/1265 2975/3174/1263 2972/3173/1262
f 2979/3176/1265 2980/3167/1256 2970/3169/1258 2975/3174/1263
f 2986/3178/1267 2989/3179/1268 2992/3180/1269 2991/3181/1270
f 2989/3179/1268 2990/3182/1271 2993/3183/1272 2992/3180/1269
f 2991/3181/1270 2992/3180/1269 3004/3184/1273 3001/3185/1274
f 2992/3180/1269 2993/3183/1272 2994/3186/1275 3004/3184/1273
f 2987/3140/1230 2995/3187/1276 2998/3188/1277 2997/3189/1278
f 2995/3187/1276 2996/3190/1279 2999/3191/1280 2998/3188/1277
f 2997/3189/1278 2998/3188/1277 2993/3183/1272 2990/3182/1271
f 2998/3188/1277 2999/3191/1280 2994/3186/1275 2993/3183/1272
f 2988/3192/1281 3000/3193/1282 3003/3194/1283 3002/3195/1284
f 3000/3193/1282 3001/3185/1274 3004/3184/1273 3003/3194/1283
f 3002/3195/1284 3003/3194/1283 2999/3191/1280 2996/3190/1279
f 3003/3194/1283 3004/3184/1273 2994/3186/1275 2999/3191/1280
f 2931/3138/1044 2936/3137/1229 2941/3145/1234 2933/3196/1137
f 2933/3196/1137 2941/3145/1234 2951/3149/1238 2934/3197/1138
f 2934/3197/1138 2951/3149/1238 2950/3158/1247 2935/3198/1139
f 2935/3198/1139 2950/3158/1247 2938/3157/1246 2932/3199/1051
f 2987/3140/1230 2982/3139/1059 2985/3200/1133 2995/3187/1276
f 2995/3187/1276 2985/3200/1133 2984/3201/1132 2996/3190/1279
f 2996/3190/1279 2984/3201/1132 2983/3202/1131 3002/3195/1284
f 3002/3195/1284 2983/3202/1131 2981/3203/1060 2988/3192/1281
f 2986/3178/1267 2962/3161/1250 2967/3164/1253 2989/3179/1268
f 2989/3179/1268 2967/3164/1253 2977/3168/1257 2990/3182/1271
f 2990/3182/1271 2977/3168/1257 2976/3175/1264 2997/3189/1278
f 2997/3189/1278 2976/3175/1264 2964/3141/1231 2987/3140/1230
f 2963/3136/1228 2958/3135/1047 2961/3204/1128 2971/3170/1259
f 2971/3170/1259 2961/3204/1128 2960/3205/1129 2972/3173/1262
f 2972/3173/1262 2960/3205/1129 2959/3206/1130 2978/3177/1266
f 2978/3177/1266 2959/3206/1130 2957/3142/1056 2964/3141/1231
f 2962/3161/1250 2937/3151/1240 2947/3154/1243 2965/3162/1251
f 2965/3162/1251 2947/3154/1243 2940/3146/1235 2966/3165/1254
f 2966/3165/1254 2940/3146/1235 2939/3143/1232 2973/3172/1261
f 2973/3172/1261 2939/3143/1232 2936/3137/1229 2963/3136/1228
f 3009/3207/1285 3006/3208/1286 3013/3209/1287 3016/3210/1288
f 3007/3211/1289 3008/3212/1290 3015/3213/1291 3014/3214/1292
f 3005/3215/1293 2956/3216/1293 3011/3217/1294 3012/3218/1295
f 3008/3212/1290 3009/3207/1285 3016/3210/1288 3015/3213/1291
f 3005/3215/1296 3007/3211/1289 3014/3214/1292 3012/3218/1297
f 3006/3208/1286 2955/3219/1298 3010/3220/1299 3013/3209/1287
f 2955/3219/1298 2932/3199/1051 2938/3157/1246 3010/3220/1299
f 2956/3216/1188 3011/3217/1300 2988/3192/1281 2981/3203/1060
f 3012/3218/1295 3011/3217/1294 3018/3221/1301 3019/3222/1302
f 3015/3213/1291 3016/3210/1288 3023/3223/1303 3022/3224/1304
f 3012/3218/1297 3014/3214/1292 3021/3225/1305 3019/3222/1306
f 3013/3209/1287 3010/3220/1299 3017/3226/1307 3020/3227/1308
f 3016/3210/1288 3013/3209/1287 3020/3227/1308 3023/3223/1303
f 3014/3214/1292 3015/3213/1291 3022/3224/1304 3021/3225/1309
f 3019/3222/1302 3018/3221/1301 3025/3228/1310 3026/3229/1311
f 3022/3224/1304 3023/3223/1303 3030/3230/1312 3029/3231/1313
f 3019/3222/1306 3021/3225/1305 3028/3232/1314 3026/3229/1315
f 3020/3227/1308 3017/3226/1307 3024/3233/1316 3027/3234/1317
f 3023/3223/1303 3020/3227/1308 3027/3234/1317 3030/3230/1312
f 3021/3225/1309 3022/3224/1304 3029/3231/1313 3028/3232/1314
f 3029/3231/1313 3030/3230/1312 3037/3235/1318 3036/3236/1319
f 3026/3229/1315 3028/3232/1314 3035/3237/1320 3033/3238/1321
f 3027/3234/1317 3024/3233/1316 3031/3239/1322 3034/3240/1323
f 3030/3230/1312 3027/3234/1317 3034/3240/1323 3037/3235/1318
f 3028/3232/1314 3029/3231/1313 3036/3236/1319 3035/3237/1320
f 3026/3229/1311 3025/3228/1310 3032/3241/1324 3033/3238/1325
f 3033/3238/1321 3035/3237/1320 3042/3242/1326 3040/3243/1327
f 3034/3240/1323 3031/3239/1322 3038/3244/1328 3041/3245/1329
f 3037/3235/1318 3034/3240/1323 3041/3245/1329 3044/3246/1330
f 3035/3237/1320 3036/3236/1331 3043/3247/1332 3042/3242/1326
f 3033/3238/1325 3032/3241/1324 3039/3248/1333 3040/3243/1333
f 3036/3236/1331 3037/3235/1318 3044/3246/1330 3043/3247/1332
f 2952/3160/1249 3017/3226/1307 3010/3220/1299 2938/3157/1246
f 2946/3155/1244 3024/3233/1316 3017/3226/1307 2952/3160/1249
f 2945/3152/1241 3031/3239/1322 3024/3233/1316 2946/3155/1244
f 2937/3151/1240 3038/3244/1328 3031/3239/1322 2945/3152/1241
f 3000/3193/1282 2988/3192/1281 3011/3217/1300 3018/3221/1334
f 3001/3185/1274 3000/3193/1282 3018/3221/1335 3025/3228/1336
f 2991/3181/1270 3001/3185/1274 3025/3228/1336 3032/3241/1337
f 2986/3178/1267 2991/3181/1270 3032/3241/1337 3039/3248/1338
f 2962/3161/1250 2986/3178/1267 3039/3248/1338 3040/3243/1327 3042/3242/1326 3043/3247/1332 3044/3246/1330 3041/3245/1329 3038/3244/1328 2937/3151/1240
f 3094/3249/1044 3099/3250/1045 3050/3251/1046 3045/3252/1047
f 3118/3253/1048 3123/3254/1049 3100/3255/1050 3093/3256/1051
f 3122/3257/1052 3074/3258/1053 3051/3259/1054 3098/3260/1055
f 3046/3261/1056 3052/3262/1057 3076/3263/1058 3069/3264/1059
f 3070/3265/1060 3075/3266/1061 3124/3267/1062 3117/3268/1063
f 3050/3251/1046 3053/3269/1064 3056/3270/1065 3055/3271/1066
f 3053/3269/1064 3054/3272/1067 3057/3273/1068 3056/3270/1065
f 3055/3271/1066 3056/3270/1065 3068/3274/1069 3065/3275/1070
f 3056/3270/1065 3057/3273/1068 3058/3276/1152 3068/3274/1069
f 3051/3259/1054 3059/3277/1072 3062/3278/1073 3061/3279/1074
f 3059/3277/1072 3060/3280/1075 3063/3281/1076 3062/3278/1073
f 3061/3279/1074 3062/3278/1073 3057/3273/1068 3054/3272/1067
f 3062/3278/1073 3063/3281/1076 3058/3276/1152 3057/3273/1068
f 3052/3262/1057 3064/3282/1077 3067/3283/1078 3066/3284/1079
f 3064/3282/1077 3065/3275/1070 3068/3274/1069 3067/3283/1078
f 3066/3284/1079 3067/3283/1078 3063/3281/1076 3060/3280/1075
f 3067/3283/1078 3068/3274/1069 3058/3276/1152 3063/3281/1076
f 3074/3258/1053 3077/3285/1080 3080/3286/1081 3079/3287/1082
f 3077/3285/1080 3078/3288/1083 3081/3289/1084 3080/3286/1081
f 3079/3287/1082 3080/3286/1081 3092/3290/1085 3089/3291/1086
f 3080/3286/1081 3081/3289/1084 3082/3292/1087 3092/3290/1085
f 3075/3266/1061 3083/3293/1088 3086/3294/1089 3085/3295/1090
f 3083/3293/1088 3084/3296/1091 3087/3297/1092 3086/3294/1089
f 3085/3295/1090 3086/3294/1089 3081/3289/1084 3078/3288/1083
f 3086/3294/1089 3087/3297/1092 3082/3292/1087 3081/3289/1084
f 3076/3263/1058 3088/3298/1093 3091/3299/1094 3090/3300/1095
f 3088/3298/1093 3089/3291/1086 3092/3290/1085 3091/3299/1094
f 3090/3300/1095 3091/3299/1094 3087/3297/1092 3084/3296/1091
f 3091/3299/1094 3092/3290/1085 3082/3292/1087 3087/3297/1092
f 3098/3260/1055 3101/3301/1096 3104/3302/1097 3103/3303/1098
f 3101/3301/1096 3102/3304/1099 3105/3305/1100 3104/3302/1097
f 3103/3303/1098 3104/3302/1097 3116/3306/1101 3113/3307/1102
f 3104/3302/1097 3105/3305/1100 3106/3308/1103 3116/3306/1101
f 3099/3250/1045 3107/3309/1104 3110/3310/1105 3109/3311/1106
f 3107/3309/1104 3108/3312/1107 3111/3313/1108 3110/3310/1105
f 3109/3311/1106 3110/3310/1105 3105/3305/1100 3102/3304/1099
f 3110/3310/1105 3111/3313/1108 3106/3308/1103 3105/3305/1100
f 3100/3255/1050 3112/3314/1109 3115/3315/1110 3114/3316/1111
f 3112/3314/1109 3113/3307/1102 3116/3306/1101 3115/3315/1110
f 3114/3316/1111 3115/3315/1110 3111/3313/1108 3108/3312/1107
f 3115/3315/1110 3116/3306/1101 3106/3308/1103 3111/3313/1108
f 3122/3257/1052 3125/3317/1112 3128/3318/1113 3127/3319/1114
f 3125/3317/1112 3126/3320/1115 3129/3321/1116 3128/3318/1113
f 3127/3319/1114 3128/3318/1113 3140/3322/1117 3137/3323/1118
f 3128/3318/1113 3129/3321/1116 3130/3324/1119 3140/3322/1117
f 3123/3254/1049 3131/3325/1120 3134/3326/1121 3133/3327/1122
f 3131/3325/1120 3132/3328/1123 3135/3329/1124 3134/3326/1121
f 3133/3327/1122 3134/3326/1121 3129/3321/1116 3126/3320/1115
f 3134/3326/1121 3135/3329/1124 3130/3324/1119 3129/3321/1116
f 3124/3267/1062 3136/3330/1125 3139/3331/1126 3138/3332/1127
f 3136/3330/1125 3137/3323/1118 3140/3322/1117 3139/3331/1126
f 3138/3332/1127 3139/3331/1126 3135/3329/1124 3132/3328/1123
f 3139/3331/1126 3140/3322/1117 3130/3324/1119 3135/3329/1124
f 3045/3252/1047 3050/3251/1046 3055/3271/1066 3047/3333/1128
f 3047/3333/1128 3055/3271/1066 3065/3275/1070 3048/3334/1129
f 3048/3334/1129 3065/3275/1070 3064/3282/1077 3049/3335/1130
f 3049/3335/1130 3064/3282/1077 3052/3262/1057 3046/3261/1056
f 3051/3259/1054 3074/3258/1053 3079/3287/1082 3059/3277/1072
f 3059/3277/1072 3079/3287/1082 3089/3291/1086 3060/3280/1075
f 3060/3280/1075 3089/3291/1086 3088/3298/1093 3066/3284/1079
f 3066/3284/1079 3088/3298/1093 3076/3263/1058 3052/3262/1057
f 3075/3266/1061 3070/3265/1060 3073/3336/1131 3083/3293/1088
f 3083/3293/1088 3073/3336/1131 3072/3337/1132 3084/3296/1091
f 3084/3296/1091 3072/3337/1132 3071/3338/1133 3090/3300/1095
f 3090/3300/1095 3071/3338/1133 3069/3264/1059 3076/3263/1058
f 3074/3258/1053 3122/3257/1052 3127/3319/1114 3077/3285/1080
f 3077/3285/1080 3127/3319/1114 3137/3323/1118 3078/3288/1083
f 3078/3288/1083 3137/3323/1118 3136/3330/1125 3085/3295/1090
f 3085/3295/1090 3136/3330/1125 3124/3267/1062 3075/3266/1061
f 3123/3254/1049 3118/3253/1048 3121/3339/1134 3131/3325/1120
f 3131/3325/1120 3121/3339/1134 3120/3340/1135 3132/3328/1123
f 3132/3328/1123 3120/3340/1135 3119/3341/1136 3138/3332/1127
f 3138/3332/1127 3119/3341/1136 3117/3268/1063 3124/3267/1062
f 3122/3257/1052 3098/3260/1055 3103/3303/1098 3125/3317/1112
f 3125/3317/1112 3103/3303/1098 3113/3307/1102 3126/3320/1115
f 3126/3320/1115 3113/3307/1102 3112/3314/1109 3133/3327/1122
f 3133/3327/1122 3112/3314/1109 3100/3255/1050 3123/3254/1049
f 3099/3250/1045 3094/3249/1044 3097/3342/1137 3107/3309/1104
f 3107/3309/1104 3097/3342/1137 3096/3343/1138 3108/3312/1107
f 3108/3312/1107 3096/3343/1138 3095/3344/1139 3114/3316/1111
f 3114/3316/1111 3095/3344/1139 3093/3256/1051 3100/3255/1050
f 3098/3260/1055 3051/3259/1054 3061/3279/1074 3101/3301/1096
f 3101/3301/1096 3061/3279/1074 3054/3272/1067 3102/3304/1099
f 3102/3304/1099 3054/3272/1067 3053/3269/1064 3109/3311/1106
f 3109/3311/1106 3053/3269/1064 3050/3251/1046 3099/3250/1045
f 3069/3264/1140 3071/3338/1140 3072/3337/1140 3073/3336/1140 3070/3265/1140 3117/3268/1140 3119/3341/1140 3120/3340/1140 3121/3339/1140 3118/3253/1140 3093/3256/1140 3095/3344/1140 3096/3343/1140 3097/3342/1140 3094/3249/1140 3045/3252/1140 3047/3333/1140 3048/3334/1140 3049/3335/1140 3046/3261/1140
f 3190/3345/1044 3195/3346/1045 3146/3347/1046 3141/3348/1047
f 3214/3349/1048 3219/3350/1049 3196/3351/1050 3189/3352/1051
f 3218/3353/1052 3170/3354/1053 3147/3355/1054 3194/3356/1055
f 3142/3357/1056 3148/3358/1057 3172/3359/1058 3165/3360/1059
f 3166/3361/1060 3171/3362/1061 3220/3363/1062 3213/3364/1063
f 3146/3347/1046 3149/3365/1064 3152/3366/1065 3151/3367/1066
f 3149/3365/1064 3150/3368/1067 3153/3369/1068 3152/3366/1065
f 3151/3367/1066 3152/3366/1065 3164/3370/1069 3161/3371/1070
f 3152/3366/1065 3153/3369/1068 3154/3372/1152 3164/3370/1069
f 3147/3355/1054 3155/3373/1072 3158/3374/1143 3157/3375/1074
f 3155/3373/1072 3156/3376/1075 3159/3377/1076 3158/3374/1143
f 3157/3375/1074 3158/3374/1143 3153/3369/1068 3150/3368/1067
f 3158/3374/1143 3159/3377/1076 3154/3372/1152 3153/3369/1068
f 3148/3358/1057 3160/3378/1077 3163/3379/1078 3162/3380/1079
f 3160/3378/1077 3161/3371/1070 3164/3370/1069 3163/3379/1078
f 3162/3380/1079 3163/3379/1078 3159/3377/1076 3156/3376/1075
f 3163/3379/1078 3164/3370/1069 3154/3372/1152 3159/3377/1076
f 3170/3354/1053 3173/3381/1080 3176/3382/1081 3175/3383/1082
f 3173/3381/1080 3174/3384/1083 3177/3385/1084 3176/3382/1081
f 3175/3383/1082 3176/3382/1081 3188/3386/1085 3185/3387/1086
f 3176/3382/1081 3177/3385/1084 3178/3388/1087 3188/3386/1085
f 3171/3362/1061 3179/3389/1088 3182/3390/1089 3181/3391/1090
f 3179/3389/1088 3180/3392/1091 3183/3393/1092 3182/3390/1089
f 3181/3391/1090 3182/3390/1089 3177/3385/1084 3174/3384/1083
f 3182/3390/1089 3183/3393/1092 3178/3388/1087 3177/3385/1084
f 3172/3359/1058 3184/3394/1093 3187/3395/1144 3186/3396/1095
f 3184/3394/1093 3185/3387/1086 3188/3386/1085 3187/3395/1144
f 3186/3396/1095 3187/3395/1144 3183/3393/1092 3180/3392/1091
f 3187/3395/1144 3188/3386/1085 3178/3388/1087 3183/3393/1092
f 3194/3356/1055 3197/3397/1096 3200/3398/1097 3199/3399/1098
f 3197/3397/1096 3198/3400/1099 3201/3401/1100 3200/3398/1097
f 3199/3399/1098 3200/3398/1097 3212/3402/1101 3209/3403/1102
f 3200/3398/1097 3201/3401/1100 3202/3404/1154 3212/3402/1101
f 3195/3346/1045 3203/3405/1104 3206/3406/1105 3205/3407/1106
f 3203/3405/1104 3204/3408/1107 3207/3409/1108 3206/3406/1105
f 3205/3407/1106 3206/3406/1105 3201/3401/1100 3198/3400/1099
f 3206/3406/1105 3207/3409/1108 3202/3404/1154 3201/3401/1100
f 3196/3351/1050 3208/3410/1109 3211/3411/1110 3210/3412/1111
f 3208/3410/1109 3209/3403/1102 3212/3402/1101 3211/3411/1110
f 3210/3412/1111 3211/3411/1110 3207/3409/1108 3204/3408/1107
f 3211/3411/1110 3212/3402/1101 3202/3404/1154 3207/3409/1108
f 3218/3353/1052 3221/3413/1112 3224/3414/1113 3223/3415/1114
f 3221/3413/1112 3222/3416/1115 3225/3417/1116 3224/3414/1113
f 3223/3415/1114 3224/3414/1113 3236/3418/1117 3233/3419/1118
f 3224/3414/1113 3225/3417/1116 3226/3420/1119 3236/3418/1117
f 3219/3350/1049 3227/3421/1120 3230/3422/1147 3229/3423/1122
f 3227/3421/1120 3228/3424/1123 3231/3425/1124 3230/3422/1147
f 3229/3423/1122 3230/3422/1147 3225/3417/1116 3222/3416/1115
f 3230/3422/1147 3231/3425/1124 3226/3420/1119 3225/3417/1116
f 3220/3363/1062 3232/3426/1125 3235/3427/1155 3234/3428/1127
f 3232/3426/1125 3233/3419/1118 3236/3418/1117 3235/3427/1155
f 3234/3428/1127 3235/3427/1155 3231/3425/1124 3228/3424/1123
f 3235/3427/1155 3236/3418/1117 3226/3420/1119 3231/3425/1124
f 3141/3348/1047 3146/3347/1046 3151/3367/1066 3143/3429/1128
f 3143/3429/1128 3151/3367/1066 3161/3371/1070 3144/3430/1129
f 3144/3430/1129 3161/3371/1070 3160/3378/1077 3145/3431/1130
f 3145/3431/1130 3160/3378/1077 3148/3358/1057 3142/3357/1056
f 3147/3355/1054 3170/3354/1053 3175/3383/1082 3155/3373/1072
f 3155/3373/1072 3175/3383/1082 3185/3387/1086 3156/3376/1075
f 3156/3376/1075 3185/3387/1086 3184/3394/1093 3162/3380/1079
f 3162/3380/1079 3184/3394/1093 3172/3359/1058 3148/3358/1057
f 3171/3362/1061 3166/3361/1060 3169/3432/1131 3179/3389/1088
f 3179/3389/1088 3169/3432/1131 3168/3433/1132 3180/3392/1091
f 3180/3392/1091 3168/3433/1132 3167/3434/1133 3186/3396/1095
f 3186/3396/1095 3167/3434/1133 3165/3360/1059 3172/3359/1058
f 3170/3354/1053 3218/3353/1052 3223/3415/1114 3173/3381/1080
f 3173/3381/1080 3223/3415/1114 3233/3419/1118 3174/3384/1083
f 3174/3384/1083 3233/3419/1118 3232/3426/1125 3181/3391/1090
f 3181/3391/1090 3232/3426/1125 3220/3363/1062 3171/3362/1061
f 3219/3350/1049 3214/3349/1048 3217/3435/1134 3227/3421/1120
f 3227/3421/1120 3217/3435/1134 3216/3436/1135 3228/3424/1123
f 3228/3424/1123 3216/3436/1135 3215/3437/1136 3234/3428/1127
f 3234/3428/1127 3215/3437/1136 3213/3364/1063 3220/3363/1062
f 3218/3353/1052 3194/3356/1055 3199/3399/1098 3221/3413/1112
f 3221/3413/1112 3199/3399/1098 3209/3403/1102 3222/3416/1115
f 3222/3416/1115 3209/3403/1102 3208/3410/1109 3229/3423/1122
f 3229/3423/1122 3208/3410/1109 3196/3351/1050 3219/3350/1049
f 3195/3346/1045 3190/3345/1044 3193/3438/1137 3203/3405/1104
f 3203/3405/1104 3193/3438/1137 3192/3439/1138 3204/3408/1107
f 3204/3408/1107 3192/3439/1138 3191/3440/1139 3210/3412/1111
f 3210/3412/1111 3191/3440/1139 3189/3352/1051 3196/3351/1050
f 3194/3356/1055 3147/3355/1054 3157/3375/1074 3197/3397/1096
f 3197/3397/1096 3157/3375/1074 3150/3368/1067 3198/3400/1099
f 3198/3400/1099 3150/3368/1067 3149/3365/1064 3205/3407/1106
f 3205/3407/1106 3149/3365/1064 3146/3347/1046 3195/3346/1045
f 3165/3360/1140 3167/3434/1140 3168/3433/1140 3169/3432/1140 3166/3361/1140 3213/3364/1140 3215/3437/1140 3216/3436/1140 3217/3435/1140 3214/3349/1140 3189/3352/1140 3191/3440/1140 3192/3439/1140 3193/3438/1140 3190/3345/1140 3141/3348/1140 3143/3429/1140 3144/3430/1140 3145/3431/1140 3142/3357/1140
f 3286/3441/1044 3291/3442/1045 3242/3443/1046 3237/3444/1047
f 3310/3445/1048 3315/3446/1049 3292/3447/1050 3285/3448/1051
f 3314/3449/1052 3266/3450/1053 3243/3451/1054 3290/3452/1055
f 3238/3453/1056 3244/3454/1057 3268/3455/1058 3261/3456/1059
f 3262/3457/1060 3267/3458/1061 3316/3459/1062 3309/3460/1063
f 3242/3443/1046 3245/3461/1064 3248/3462/1141 3247/3463/1066
f 3245/3461/1064 3246/3464/1067 3249/3465/1068 3248/3462/1141
f 3247/3463/1066 3248/3462/1141 3260/3466/1069 3257/3467/1070
f 3248/3462/1141 3249/3465/1068 3250/3468/1071 3260/3466/1069
f 3243/3451/1054 3251/3469/1072 3254/3470/1073 3253/3471/1074
f 3251/3469/1072 3252/3472/1075 3255/3473/1076 3254/3470/1073
f 3253/3471/1074 3254/3470/1073 3249/3465/1068 3246/3464/1067
f 3254/3470/1073 3255/3473/1076 3250/3468/1071 3249/3465/1068
f 3244/3454/1057 3256/3474/1077 3259/3475/1078 3258/3476/1079
f 3256/3474/1077 3257/3467/1070 3260/3466/1069 3259/3475/1078
f 3258/3476/1079 3259/3475/1078 3255/3473/1076 3252/3472/1075
f 3259/3475/1078 3260/3466/1069 3250/3468/1071 3255/3473/1076
f 3266/3450/1053 3269/3477/1080 3272/3478/1081 3271/3479/1082
f 3269/3477/1080 3270/3480/1083 3273/3481/1084 3272/3478/1081
f 3271/3479/1082 3272/3478/1081 3284/3482/1085 3281/3483/1086
f 3272/3478/1081 3273/3481/1084 3274/3484/1087 3284/3482/1085
f 3267/3458/1061 3275/3485/1088 3278/3486/1089 3277/3487/1090
f 3275/3485/1088 3276/3488/1091 3279/3489/1092 3278/3486/1089
f 3277/3487/1090 3278/3486/1089 3273/3481/1084 3270/3480/1083
f 3278/3486/1089 3279/3489/1092 3274/3484/1087 3273/3481/1084
f 3268/3455/1058 3280/3490/1093 3283/3491/1156 3282/3492/1095
f 3280/3490/1093 3281/3483/1086 3284/3482/1085 3283/3491/1156
f 3282/3492/1095 3283/3491/1156 3279/3489/1092 3276/3488/1091
f 3283/3491/1156 3284/3482/1085 3274/3484/1087 3279/3489/1092
f 3290/3452/1055 3293/3493/1096 3296/3494/1097 3295/3495/1098
f 3293/3493/1096 3294/3496/1099 3297/3497/1100 3296/3494/1097
f 3295/3495/1098 3296/3494/1097 3308/3498/1101 3305/3499/1102
f 3296/3494/1097 3297/3497/1100 3298/3500/1157 3308/3498/1101
f 3291/3442/1045 3299/3501/1104 3302/3502/1146 3301/3503/1106
f 3299/3501/1104 3300/3504/1107 3303/3505/1108 3302/3502/1146
f 3301/3503/1106 3302/3502/1146 3297/3497/1100 3294/3496/1099
f 3302/3502/1146 3303/3505/1108 3298/3500/1157 3297/3497/1100
f 3292/3447/1050 3304/3506/1109 3307/3507/1110 3306/3508/1111
f 3304/3506/1109 3305/3499/1102 3308/3498/1101 3307/3507/1110
f 3306/3508/1111 3307/3507/1110 3303/3505/1108 3300/3504/1107
f 3307/3507/1110 3308/3498/1101 3298/3500/1157 3303/3505/1108
f 3314/3449/1052 3317/3509/1112 3320/3510/1113 3319/3511/1114
f 3317/3509/1112 3318/3512/1115 3321/3513/1116 3320/3510/1113
f 3319/3511/1114 3320/3510/1113 3332/3514/1117 3329/3515/1118
f 3320/3510/1113 3321/3513/1116 3322/3516/1119 3332/3514/1117
f 3315/3446/1049 3323/3517/1120 3326/3518/1159 3325/3519/1122
f 3323/3517/1120 3324/3520/1123 3327/3521/1124 3326/3518/1159
f 3325/3519/1122 3326/3518/1159 3321/3513/1116 3318/3512/1115
f 3326/3518/1159 3327/3521/1124 3322/3516/1119 3321/3513/1116
f 3316/3459/1062 3328/3522/1125 3331/3523/1155 3330/3524/1127
f 3328/3522/1125 3329/3515/1118 3332/3514/1117 3331/3523/1155
f 3330/3524/1127 3331/3523/1155 3327/3521/1124 3324/3520/1123
f 3331/3523/1155 3332/3514/1117 3322/3516/1119 3327/3521/1124
f 3237/3444/1047 3242/3443/1046 3247/3463/1066 3239/3525/1128
f 3239/3525/1128 3247/3463/1066 3257/3467/1070 3240/3526/1129
f 3240/3526/1129 3257/3467/1070 3256/3474/1077 3241/3527/1130
f 3241/3527/1130 3256/3474/1077 3244/3454/1057 3238/3453/1056
f 3243/3451/1054 3266/3450/1053 3271/3479/1082 3251/3469/1072
f 3251/3469/1072 3271/3479/1082 3281/3483/1086 3252/3472/1075
f 3252/3472/1075 3281/3483/1086 3280/3490/1093 3258/3476/1079
f 3258/3476/1079 3280/3490/1093 3268/3455/1058 3244/3454/1057
f 3267/3458/1061 3262/3457/1060 3265/3528/1131 3275/3485/1088
f 3275/3485/1088 3265/3528/1131 3264/3529/1132 3276/3488/1091
f 3276/3488/1091 3264/3529/1132 3263/3530/1133 3282/3492/1095
f 3282/3492/1095 3263/3530/1133 3261/3456/1059 3268/3455/1058
f 3266/3450/1053 3314/3449/1052 3319/3511/1114 3269/3477/1080
f 3269/3477/1080 3319/3511/1114 3329/3515/1118 3270/3480/1083
f 3270/3480/1083 3329/3515/1118 3328/3522/1125 3277/3487/1090
f 3277/3487/1090 3328/3522/1125 3316/3459/1062 3267/3458/1061
f 3315/3446/1049 3310/3445/1048 3313/3531/1134 3323/3517/1120
f 3323/3517/1120 3313/3531/1134 3312/3532/1135 3324/3520/1123
f 3324/3520/1123 3312/3532/1135 3311/3533/1136 3330/3524/1127
f 3330/3524/1127 3311/3533/1136 3309/3460/1063 3316/3459/1062
f 3314/3449/1052 3290/3452/1055 3295/3495/1098 3317/3509/1112
f 3317/3509/1112 3295/3495/1098 3305/3499/1102 3318/3512/1115
f 3318/3512/1115 3305/3499/1102 3304/3506/1109 3325/3519/1122
f 3325/3519/1122 3304/3506/1109 3292/3447/1050 3315/3446/1049
f 3291/3442/1045 3286/3441/1044 3289/3534/1137 3299/3501/1104
f 3299/3501/1104 3289/3534/1137 3288/3535/1138 3300/3504/1107
f 3300/3504/1107 3288/3535/1138 3287/3536/1139 3306/3508/1111
f 3306/3508/1111 3287/3536/1139 3285/3448/1051 3292/3447/1050
f 3290/3452/1055 3243/3451/1054 3253/3471/1074 3293/3493/1096
f 3293/3493/1096 3253/3471/1074 3246/3464/1067 3294/3496/1099
f 3294/3496/1099 3246/3464/1067 3245/3461/1064 3301/3503/1106
f 3301/3503/1106 3245/3461/1064 3242/3443/1046 3291/3442/1045
f 3261/3456/1140 3263/3530/1140 3264/3529/1140 3265/3528/1140 3262/3457/1140 3309/3460/1140 3311/3533/1140 3312/3532/1140 3313/3531/1140 3310/3445/1140 3285/3448/1140 3287/3536/1140 3288/3535/1140 3289/3534/1140 3286/3441/1140 3237/3444/1140 3239/3525/1140 3240/3526/1140 3241/3527/1140 3238/3453/1140
f 3382/3537/1044 3387/3538/1045 3338/3539/1046 3333/3540/1047
f 3406/3541/1048 3411/3542/1049 3388/3543/1050 3381/3544/1051
f 3410/3545/1052 3362/3546/1053 3339/3547/1054 3386/3548/1055
f 3334/3549/1056 3340/3550/1057 3364/3551/1058 3357/3552/1059
f 3358/3553/1060 3363/3554/1061 3412/3555/1062 3405/3556/1063
f 3338/3539/1046 3341/3557/1064 3344/3558/1065 3343/3559/1066
f 3341/3557/1064 3342/3560/1067 3345/3561/1068 3344/3558/1065
f 3343/3559/1066 3344/3558/1065 3356/3562/1069 3353/3563/1070
f 3344/3558/1065 3345/3561/1068 3346/3564/1071 3356/3562/1069
f 3339/3547/1054 3347/3565/1072 3350/3566/1073 3349/3567/1074
f 3347/3565/1072 3348/3568/1075 3351/3569/1076 3350/3566/1073
f 3349/3567/1074 3350/3566/1073 3345/3561/1068 3342/3560/1067
f 3350/3566/1073 3351/3569/1076 3346/3564/1071 3345/3561/1068
f 3340/3550/1057 3352/3570/1077 3355/3571/1078 3354/3572/1079
f 3352/3570/1077 3353/3563/1070 3356/3562/1069 3355/3571/1078
f 3354/3572/1079 3355/3571/1078 3351/3569/1076 3348/3568/1075
f 3355/3571/1078 3356/3562/1069 3346/3564/1071 3351/3569/1076
f 3362/3546/1053 3365/3573/1080 3368/3574/1081 3367/3575/1082
f 3365/3573/1080 3366/3576/1083 3369/3577/1084 3368/3574/1081
f 3367/3575/1082 3368/3574/1081 3380/3578/1085 3377/3579/1086
f 3368/3574/1081 3369/3577/1084 3370/3580/1087 3380/3578/1085
f 3363/3554/1061 3371/3581/1088 3374/3582/1089 3373/3583/1090
f 3371/3581/1088 3372/3584/1091 3375/3585/1092 3374/3582/1089
f 3373/3583/1090 3374/3582/1089 3369/3577/1084 3366/3576/1083
f 3374/3582/1089 3375/3585/1092 3370/3580/1087 3369/3577/1084
f 3364/3551/1058 3376/3586/1093 3379/3587/1094 3378/3588/1095
f 3376/3586/1093 3377/3579/1086 3380/3578/1085 3379/3587/1094
f 3378/3588/1095 3379/3587/1094 3375/3585/1092 3372/3584/1091
f 3379/3587/1094 3380/3578/1085 3370/3580/1087 3375/3585/1092
f 3386/3548/1055 3389/3589/1096 3392/3590/1153 3391/3591/1098
f 3389/3589/1096 3390/3592/1099 3393/3593/1100 3392/3590/1153
f 3391/3591/1098 3392/3590/1153 3404/3594/1101 3401/3595/1102
f 3392/3590/1153 3393/3593/1100 3394/3596/1154 3404/3594/1101
f 3387/3538/1045 3395/3597/1104 3398/3598/1105 3397/3599/1106
f 3395/3597/1104 3396/3600/1107 3399/3601/1108 3398/3598/1105
f 3397/3599/1106 3398/3598/1105 3393/3593/1100 3390/3592/1099
f 3398/3598/1105 3399/3601/1108 3394/3596/1154 3393/3593/1100
f 3388/3543/1050 3400/3602/1109 3403/3603/1110 3402/3604/1111
f 3400/3602/1109 3401/3595/1102 3404/3594/1101 3403/3603/1110
f 3402/3604/1111 3403/3603/1110 3399/3601/1108 3396/3600/1107
f 3403/3603/1110 3404/3594/1101 3394/3596/1154 3399/3601/1108
f 3410/3545/1052 3413/3605/1112 3416/3606/1113 3415/3607/1114
f 3413/3605/1112 3414/3608/1115 3417/3609/1116 3416/3606/1113
f 3415/3607/1114 3416/3606/1113 3428/3610/1117 3425/3611/1118
f 3416/3606/1113 3417/3609/1116 3418/3612/1119 3428/3610/1117
f 3411/3542/1049 3419/3613/1120 3422/3614/1121 3421/3615/1122
f 3419/3613/1120 3420/3616/1123 3423/3617/1124 3422/3614/1121
f 3421/3615/1122 3422/3614/1121 3417/3609/1116 3414/3608/1115
f 3422/3614/1121 3423/3617/1124 3418/3612/1119 3417/3609/1116
f 3412/3555/1062 3424/3618/1125 3427/3619/1126 3426/3620/1127
f 3424/3618/1125 3425/3611/1118 3428/3610/1117 3427/3619/1126
f 3426/3620/1127 3427/3619/1126 3423/3617/1124 3420/3616/1123
f 3427/3619/1126 3428/3610/1117 3418/3612/1119 3423/3617/1124
f 3333/3540/1047 3338/3539/1046 3343/3559/1066 3335/3621/1128
f 3335/3621/1128 3343/3559/1066 3353/3563/1070 3336/3622/1129
f 3336/3622/1129 3353/3563/1070 3352/3570/1077 3337/3623/1130
f 3337/3623/1130 3352/3570/1077 3340/3550/1057 3334/3549/1056
f 3339/3547/1054 3362/3546/1053 3367/3575/1082 3347/3565/1072
f 3347/3565/1072 3367/3575/1082 3377/3579/1086 3348/3568/1075
f 3348/3568/1075 3377/3579/1086 3376/3586/1093 3354/3572/1079
f 3354/3572/1079 3376/3586/1093 3364/3551/1058 3340/3550/1057
f 3363/3554/1061 3358/3553/1060 3361/3624/1131 3371/3581/1088
f 3371/3581/1088 3361/3624/1131 3360/3625/1132 3372/3584/1091
f 3372/3584/1091 3360/3625/1132 3359/3626/1133 3378/3588/1095
f 3378/3588/1095 3359/3626/1133 3357/3552/1059 3364/3551/1058
f 3362/3546/1053 3410/3545/1052 3415/3607/1114 3365/3573/1080
f 3365/3573/1080 3415/3607/1114 3425/3611/1118 3366/3576/1083
f 3366/3576/1083 3425/3611/1118 3424/3618/1125 3373/3583/1090
f 3373/3583/1090 3424/3618/1125 3412/3555/1062 3363/3554/1061
f 3411/3542/1049 3406/3541/1048 3409/3627/1134 3419/3613/1120
f 3419/3613/1120 3409/3627/1134 3408/3628/1135 3420/3616/1123
f 3420/3616/1123 3408/3628/1135 3407/3629/1136 3426/3620/1127
f 3426/3620/1127 3407/3629/1136 3405/3556/1063 3412/3555/1062
f 3410/3545/1052 3386/3548/1055 3391/3591/1098 3413/3605/1112
f 3413/3605/1112 3391/3591/1098 3401/3595/1102 3414/3608/1115
f 3414/3608/1115 3401/3595/1102 3400/3602/1109 3421/3615/1122
f 3421/3615/1122 3400/3602/1109 3388/3543/1050 3411/3542/1049
f 3387/3538/1045 3382/3537/1044 3385/3630/1137 3395/3597/1104
f 3395/3597/1104 3385/3630/1137 3384/3631/1138 3396/3600/1107
f 3396/3600/1107 3384/3631/1138 3383/3632/1139 3402/3604/1111
f 3402/3604/1111 3383/3632/1139 3381/3544/1051 3388/3543/1050
f 3386/3548/1055 3339/3547/1054 3349/3567/1074 3389/3589/1096
f 3389/3589/1096 3349/3567/1074 3342/3560/1067 3390/3592/1099
f 3390/3592/1099 3342/3560/1067 3341/3557/1064 3397/3599/1106
f 3397/3599/1106 3341/3557/1064 3338/3539/1046 3387/3538/1045
f 3357/3552/1140 3359/3626/1140 3360/3625/1140 3361/3624/1140 3358/3553/1140 3405/3556/1140 3407/3629/1140 3408/3628/1140 3409/3627/1140 3406/3541/1140 3381/3544/1140 3383/3632/1140 3384/3631/1140 3385/3630/1140 3382/3537/1140 3333/3540/1140 3335/3621/1140 3336/3622/1140 3337/3623/1140 3334/3549/1140
f 3478/3633/1044 3483/3634/1045 3434/3635/1046 3429/3636/1047
f 3502/3637/1048 3507/3638/1049 3484/3639/1050 3477/3640/1051
f 3506/3641/1052 3458/3642/1053 3435/3643/1054 3482/3644/1055
f 3430/3645/1056 3436/3646/1057 3460/3647/1058 3453/3648/1059
f 3454/3649/1060 3459/3650/1061 3508/3651/1062 3501/3652/1063
f 3434/3635/1046 3437/3653/1064 3440/3654/1065 3439/3655/1066
f 3437/3653/1064 3438/3656/1067 3441/3657/1068 3440/3654/1065
f 3439/3655/1066 3440/3654/1065 3452/3658/1069 3449/3659/1070
f 3440/3654/1065 3441/3657/1068 3442/3660/1152 3452/3658/1069
f 3435/3643/1054 3443/3661/1072 3446/3662/1143 3445/3663/1074
f 3443/3661/1072 3444/3664/1075 3447/3665/1076 3446/3662/1143
f 3445/3663/1074 3446/3662/1143 3441/3657/1068 3438/3656/1067
f 3446/3662/1143 3447/3665/1076 3442/3660/1152 3441/3657/1068
f 3436/3646/1057 3448/3666/1077 3451/3667/1078 3450/3668/1079
f 3448/3666/1077 3449/3659/1070 3452/3658/1069 3451/3667/1078
f 3450/3668/1079 3451/3667/1078 3447/3665/1076 3444/3664/1075
f 3451/3667/1078 3452/3658/1069 3442/3660/1152 3447/3665/1076
f 3458/3642/1053 3461/3669/1080 3464/3670/1081 3463/3671/1082
f 3461/3669/1080 3462/3672/1083 3465/3673/1084 3464/3670/1081
f 3463/3671/1082 3464/3670/1081 3476/3674/1085 3473/3675/1086
f 3464/3670/1081 3465/3673/1084 3466/3676/1087 3476/3674/1085
f 3459/3650/1061 3467/3677/1088 3470/3678/1149 3469/3679/1090
f 3467/3677/1088 3468/3680/1091 3471/3681/1092 3470/3678/1149
f 3469/3679/1090 3470/3678/1149 3465/3673/1084 3462/3672/1083
f 3470/3678/1149 3471/3681/1092 3466/3676/1087 3465/3673/1084
f 3460/3647/1058 3472/3682/1093 3475/3683/1144 3474/3684/1095
f 3472/3682/1093 3473/3675/1086 3476/3674/1085 3475/3683/1144
f 3474/3684/1095 3475/3683/1144 3471/3681/1092 3468/3680/1091
f 3475/3683/1144 3476/3674/1085 3466/3676/1087 3471/3681/1092
f 3482/3644/1055 3485/3685/1096 3488/3686/1097 3487/3687/1098
f 3485/3685/1096 3486/3688/1099 3489/3689/1100 3488/3686/1097
f 3487/3687/1098 3488/3686/1097 3500/3690/1101 3497/3691/1102
f 3488/3686/1097 3489/3689/1100 3490/3692/1154 3500/3690/1101
f 3483/3634/1045 3491/3693/1104 3494/3694/1105 3493/3695/1106
f 3491/3693/1104 3492/3696/1107 3495/3697/1108 3494/3694/1105
f 3493/3695/1106 3494/3694/1105 3489/3689/1100 3486/3688/1099
f 3494/3694/1105 3495/3697/1108 3490/3692/1154 3489/3689/1100
f 3484/3639/1050 3496/3698/1109 3499/3699/1110 3498/3700/1111
f 3496/3698/1109 3497/3691/1102 3500/3690/1101 3499/3699/1110
f 3498/3700/1111 3499/3699/1110 3495/3697/1108 3492/3696/1107
f 3499/3699/1110 3500/3690/1101 3490/3692/1154 3495/3697/1108
f 3506/3641/1052 3509/3701/1112 3512/3702/1113 3511/3703/1114
f 3509/3701/1112 3510/3704/1115 3513/3705/1116 3512/3702/1113
f 3511/3703/1114 3512/3702/1113 3524/3706/1117 3521/3707/1118
f 3512/3702/1113 3513/3705/1116 3514/3708/1119 3524/3706/1117
f 3507/3638/1049 3515/3709/1120 3518/3710/1147 3517/3711/1122
f 3515/3709/1120 3516/3712/1123 3519/3713/1124 3518/3710/1147
f 3517/3711/1122 3518/3710/1147 3513/3705/1116 3510/3704/1115
f 3518/3710/1147 3519/3713/1124 3514/3708/1119 3513/3705/1116
f 3508/3651/1062 3520/3714/1125 3523/3715/1155 3522/3716/1127
f 3520/3714/1125 3521/3707/1118 3524/3706/1117 3523/3715/1155
f 3522/3716/1127 3523/3715/1155 3519/3713/1124 3516/3712/1123
f 3523/3715/1155 3524/3706/1117 3514/3708/1119 3519/3713/1124
f 3429/3636/1047 3434/3635/1046 3439/3655/1066 3431/3717/1128
f 3431/3717/1128 3439/3655/1066 3449/3659/1070 3432/3718/1129
f 3432/3718/1129 3449/3659/1070 3448/3666/1077 3433/3719/1130
f 3433/3719/1130 3448/3666/1077 3436/3646/1057 3430/3645/1056
f 3435/3643/1054 3458/3642/1053 3463/3671/1082 3443/3661/1072
f 3443/3661/1072 3463/3671/1082 3473/3675/1086 3444/3664/1075
f 3444/3664/1075 3473/3675/1086 3472/3682/1093 3450/3668/1079
f 3450/3668/1079 3472/3682/1093 3460/3647/1058 3436/3646/1057
f 3459/3650/1061 3454/3649/1060 3457/3720/1131 3467/3677/1088
f 3467/3677/1088 3457/3720/1131 3456/3721/1132 3468/3680/1091
f 3468/3680/1091 3456/3721/1132 3455/3722/1133 3474/3684/1095
f 3474/3684/1095 3455/3722/1133 3453/3648/1059 3460/3647/1058
f 3458/3642/1053 3506/3641/1052 3511/3703/1114 3461/3669/1080
f 3461/3669/1080 3511/3703/1114 3521/3707/1118 3462/3672/1083
f 3462/3672/1083 3521/3707/1118 3520/3714/1125 3469/3679/1090
f 3469/3679/1090 3520/3714/1125 3508/3651/1062 3459/3650/1061
f 3507/3638/1049 3502/3637/1048 3505/3723/1134 3515/3709/1120
f 3515/3709/1120 3505/3723/1134 3504/3724/1135 3516/3712/1123
f 3516/3712/1123 3504/3724/1135 3503/3725/1136 3522/3716/1127
f 3522/3716/1127 3503/3725/1136 3501/3652/1063 3508/3651/1062
f 3506/3641/1052 3482/3644/1055 3487/3687/1098 3509/3701/1112
f 3509/3701/1112 3487/3687/1098 3497/3691/1102 3510/3704/1115
f 3510/3704/1115 3497/3691/1102 3496/3698/1109 3517/3711/1122
f 3517/3711/1122 3496/3698/1109 3484/3639/1050 3507/3638/1049
f 3483/3634/1045 3478/3633/1044 3481/3726/1137 3491/3693/1104
f 3491/3693/1104 3481/3726/1137 3480/3727/1138 3492/3696/1107
f 3492/3696/1107 3480/3727/1138 3479/3728/1139 3498/3700/1111
f 3498/3700/1111 3479/3728/1139 3477/3640/1051 3484/3639/1050
f 3482/3644/1055 3435/3643/1054 3445/3663/1074 3485/3685/1096
f 3485/3685/1096 3445/3663/1074 3438/3656/1067 3486/3688/1099
f 3486/3688/1099 3438/3656/1067 3437/3653/1064 3493/3695/1106
f 3493/3695/1106 3437/3653/1064 3434/3635/1046 3483/3634/1045
f 3453/3648/1140 3455/3722/1140 3456/3721/1140 3457/3720/1140 3454/3649/1140 3501/3652/1140 3503/3725/1140 3504/3724/1140 3505/3723/1140 3502/3637/1140 3477/3640/1140 3479/3728/1140 3480/3727/1140 3481/3726/1140 3478/3633/1140 3429/3636/1140 3431/3717/1140 3432/3718/1140 3433/3719/1140 3430/3645/1140
f 3574/3729/1044 3579/3730/1045 3530/3731/1046 3525/3732/1047
f 3598/3733/1048 3603/3734/1049 3580/3735/1050 3573/3736/1051
f 3602/3737/1052 3554/3738/1053 3531/3739/1054 3578/3740/1055
f 3526/3741/1056 3532/3742/1057 3556/3743/1058 3549/3744/1059
f 3550/3745/1060 3555/3746/1061 3604/3747/1062 3597/3748/1063
f 3530/3731/1046 3533/3749/1064 3536/3750/1065 3535/3751/1066
f 3533/3749/1064 3534/3752/1067 3537/3753/1068 3536/3750/1065
f 3535/3751/1066 3536/3750/1065 3548/3754/1069 3545/3755/1070
f 3536/3750/1065 3537/3753/1068 3538/3756/1142 3548/3754/1069
f 3531/3739/1054 3539/3757/1072 3542/3758/1143 3541/3759/1074
f 3539/3757/1072 3540/3760/1075 3543/3761/1076 3542/3758/1143
f 3541/3759/1074 3542/3758/1143 3537/3753/1068 3534/3752/1067
f 3542/3758/1143 3543/3761/1076 3538/3756/1142 3537/3753/1068
f 3532/3742/1057 3544/3762/1077 3547/3763/1078 3546/3764/1079
f 3544/3762/1077 3545/3755/1070 3548/3754/1069 3547/3763/1078
f 3546/3764/1079 3547/3763/1078 3543/3761/1076 3540/3760/1075
f 3547/3763/1078 3548/3754/1069 3538/3756/1142 3543/3761/1076
f 3554/3738/1053 3557/3765/1080 3560/3766/1081 3559/3767/1082
f 3557/3765/1080 3558/3768/1083 3561/3769/1084 3560/3766/1081
f 3559/3767/1082 3560/3766/1081 3572/3770/1085 3569/3771/1086
f 3560/3766/1081 3561/3769/1084 3562/3772/1339 3572/3770/1085
f 3555/3746/1061 3563/3773/1088 3566/3774/1149 3565/3775/1090
f 3563/3773/1088 3564/3776/1091 3567/3777/1092 3566/3774/1149
f 3565/3775/1090 3566/3774/1149 3561/3769/1084 3558/3768/1083
f 3566/3774/1149 3567/3777/1092 3562/3772/1339 3561/3769/1084
f 3556/3743/1058 3568/3778/1093 3571/3779/1144 3570/3780/1095
f 3568/3778/1093 3569/3771/1086 3572/3770/1085 3571/3779/1144
f 3570/3780/1095 3571/3779/1144 3567/3777/1092 3564/3776/1091
f 3571/3779/1144 3572/3770/1085 3562/3772/1339 3567/3777/1092
f 3578/3740/1055 3581/3781/1096 3584/3782/1097 3583/3783/1098
f 3581/3781/1096 3582/3784/1099 3585/3785/1100 3584/3782/1097
f 3583/3783/1098 3584/3782/1097 3596/3786/1101 3593/3787/1102
f 3584/3782/1097 3585/3785/1100 3586/3788/1145 3596/3786/1101
f 3579/3730/1045 3587/3789/1104 3590/3790/1146 3589/3791/1106
f 3587/3789/1104 3588/3792/1107 3591/3793/1108 3590/3790/1146
f 3589/3791/1106 3590/3790/1146 3585/3785/1100 3582/3784/1099
f 3590/3790/1146 3591/3793/1108 3586/3788/1145 3585/3785/1100
f 3580/3735/1050 3592/3794/1109 3595/3795/1110 3594/3796/1111
f 3592/3794/1109 3593/3787/1102 3596/3786/1101 3595/3795/1110
f 3594/3796/1111 3595/3795/1110 3591/3793/1108 3588/3792/1107
f 3595/3795/1110 3596/3786/1101 3586/3788/1145 3591/3793/1108
f 3602/3737/1052 3605/3797/1112 3608/3798/1113 3607/3799/1114
f 3605/3797/1112 3606/3800/1115 3609/3801/1116 3608/3798/1113
f 3607/3799/1114 3608/3798/1113 3620/3802/1117 3617/3803/1118
f 3608/3798/1113 3609/3801/1116 3610/3804/1119 3620/3802/1117
f 3603/3734/1049 3611/3805/1120 3614/3806/1147 3613/3807/1122
f 3611/3805/1120 3612/3808/1123 3615/3809/1124 3614/3806/1147
f 3613/3807/1122 3614/3806/1147 3609/3801/1116 3606/3800/1115
f 3614/3806/1147 3615/3809/1124 3610/3804/1119 3609/3801/1116
f 3604/3747/1062 3616/3810/1125 3619/3811/1126 3618/3812/1127
f 3616/3810/1125 3617/3803/1118 3620/3802/1117 3619/3811/1126
f 3618/3812/1127 3619/3811/1126 3615/3809/1124 3612/3808/1123
f 3619/3811/1126 3620/3802/1117 3610/3804/1119 3615/3809/1124
f 3525/3732/1047 3530/3731/1046 3535/3751/1066 3527/3813/1128
f 3527/3813/1128 3535/3751/1066 3545/3755/1070 3528/3814/1129
f 3528/3814/1129 3545/3755/1070 3544/3762/1077 3529/3815/1130
f 3529/3815/1130 3544/3762/1077 3532/3742/1057 3526/3741/1056
f 3531/3739/1054 3554/3738/1053 3559/3767/1082 3539/3757/1072
f 3539/3757/1072 3559/3767/1082 3569/3771/1086 3540/3760/1075
f 3540/3760/1075 3569/3771/1086 3568/3778/1093 3546/3764/1079
f 3546/3764/1079 3568/3778/1093 3556/3743/1058 3532/3742/1057
f 3555/3746/1061 3550/3745/1060 3553/3816/1131 3563/3773/1088
f 3563/3773/1088 3553/3816/1131 3552/3817/1132 3564/3776/1091
f 3564/3776/1091 3552/3817/1132 3551/3818/1133 3570/3780/1095
f 3570/3780/1095 3551/3818/1133 3549/3744/1059 3556/3743/1058
f 3554/3738/1053 3602/3737/1052 3607/3799/1114 3557/3765/1080
f 3557/3765/1080 3607/3799/1114 3617/3803/1118 3558/3768/1083
f 3558/3768/1083 3617/3803/1118 3616/3810/1125 3565/3775/1090
f 3565/3775/1090 3616/3810/1125 3604/3747/1062 3555/3746/1061
f 3603/3734/1049 3598/3733/1048 3601/3819/1134 3611/3805/1120
f 3611/3805/1120 3601/3819/1134 3600/3820/1135 3612/3808/1123
f 3612/3808/1123 3600/3820/1135 3599/3821/1136 3618/3812/1127
f 3618/3812/1127 3599/3821/1136 3597/3748/1063 3604/3747/1062
f 3602/3737/1052 3578/3740/1055 3583/3783/1098 3605/3797/1112
f 3605/3797/1112 3583/3783/1098 3593/3787/1102 3606/3800/1115
f 3606/3800/1115 3593/3787/1102 3592/3794/1109 3613/3807/1122
f 3613/3807/1122 3592/3794/1109 3580/3735/1050 3603/3734/1049
f 3579/3730/1045 3574/3729/1044 3577/3822/1137 3587/3789/1104
f 3587/3789/1104 3577/3822/1137 3576/3823/1138 3588/3792/1107
f 3588/3792/1107 3576/3823/1138 3575/3824/1139 3594/3796/1111
f 3594/3796/1111 3575/3824/1139 3573/3736/1051 3580/3735/1050
f 3578/3740/1055 3531/3739/1054 3541/3759/1074 3581/3781/1096
f 3581/3781/1096 3541/3759/1074 3534/3752/1067 3582/3784/1099
f 3582/3784/1099 3534/3752/1067 3533/3749/1064 3589/3791/1106
f 3589/3791/1106 3533/3749/1064 3530/3731/1046 3579/3730/1045
f 3549/3744/1140 3551/3818/1140 3552/3817/1140 3553/3816/1140 3550/3745/1140 3597/3748/1140 3599/3821/1140 3600/3820/1140 3601/3819/1140 3598/3733/1140 3573/3736/1140 3575/3824/1140 3576/3823/1140 3577/3822/1140 3574/3729/1140 3525/3732/1140 3527/3813/1140 3528/3814/1140 3529/3815/1140 3526/3741/1140
f 3648/3825/1063 3653/3826/1340 3626/3827/1341 3621/3828/1060
f 3672/3829/1051 3677/3830/1342 3654/3831/1343 3647/3832/1048
f 3626/3827/1341 3629/3833/1344 3632/3834/1283 3631/3835/1284
f 3629/3833/1344 3630/3836/1345 3633/3837/1273 3632/3834/1283
f 3631/3835/1284 3632/3834/1283 3644/3838/1280 3641/3839/1279
f 3632/3834/1283 3633/3837/1273 3634/3840/1275 3644/3838/1280
f 3627/3841/1346 3635/3842/1347 3638/3843/1269 3637/3844/1348
f 3635/3842/1347 3636/3845/1349 3639/3846/1272 3638/3843/1269
f 3637/3844/1348 3638/3843/1269 3633/3837/1273 3630/3836/1345
f 3638/3843/1269 3639/3846/1272 3634/3840/1275 3633/3837/1273
f 3628/3847/1350 3640/3848/1276 3643/3849/1351 3642/3850/1352
f 3640/3848/1276 3641/3839/1279 3644/3838/1280 3643/3849/1351
f 3642/3850/1352 3643/3849/1351 3639/3846/1272 3636/3845/1349
f 3643/3849/1351 3644/3838/1280 3634/3840/1275 3639/3846/1272
f 3652/3851/1353 3655/3852/1354 3658/3853/1355 3657/3854/1356
f 3655/3852/1354 3656/3855/1357 3659/3856/1358 3658/3853/1355
f 3657/3854/1356 3658/3853/1355 3670/3857/1359 3667/3858/1360
f 3658/3853/1355 3659/3856/1358 3660/3859/1361 3670/3857/1359
f 3653/3826/1340 3661/3860/1362 3664/3861/1363 3663/3862/1364
f 3661/3860/1362 3662/3863/1365 3665/3864/1366 3664/3861/1363
f 3663/3862/1364 3664/3861/1363 3659/3856/1358 3656/3855/1357
f 3664/3861/1363 3665/3864/1366 3660/3859/1361 3659/3856/1358
f 3654/3831/1343 3666/3865/1367 3669/3866/1368 3668/3867/1369
f 3666/3865/1367 3667/3858/1360 3670/3857/1359 3669/3866/1368
f 3668/3867/1369 3669/3866/1368 3665/3864/1366 3662/3863/1365
f 3669/3866/1368 3670/3857/1359 3660/3859/1361 3665/3864/1366
f 3676/3868/1370 3679/3869/1371 3682/3870/1372 3681/3871/1373
f 3679/3869/1371 3680/3872/1374 3683/3873/1245 3682/3870/1372
f 3681/3871/1373 3682/3870/1372 3694/3874/1236 3691/3875/1375
f 3682/3870/1372 3683/3873/1245 3684/3876/1239 3694/3874/1236
f 3677/3830/1342 3685/3877/1247 3688/3878/1248 3687/3879/1376
f 3685/3877/1247 3686/3880/1238 3689/3881/1237 3688/3878/1248
f 3687/3879/1376 3688/3878/1248 3683/3873/1245 3680/3872/1374
f 3688/3878/1248 3689/3881/1237 3684/3876/1239 3683/3873/1245
f 3678/3882/1377 3690/3883/1378 3693/3884/1379 3692/3885/1234
f 3690/3883/1378 3691/3875/1375 3694/3874/1236 3693/3884/1379
f 3692/3885/1234 3693/3884/1379 3689/3881/1237 3686/3880/1238
f 3693/3884/1379 3694/3874/1236 3684/3876/1239 3689/3881/1237
f 3621/3828/1060 3626/3827/1341 3631/3835/1284 3623/3886/1131
f 3623/3886/1131 3631/3835/1284 3641/3839/1279 3624/3887/1132
f 3624/3887/1132 3641/3839/1279 3640/3848/1276 3625/3888/1133
f 3625/3888/1133 3640/3848/1276 3628/3847/1350 3622/3889/1059
f 3677/3830/1342 3672/3829/1051 3675/3890/1139 3685/3877/1247
f 3685/3877/1247 3675/3890/1139 3674/3891/1138 3686/3880/1238
f 3686/3880/1238 3674/3891/1138 3673/3892/1137 3692/3885/1234
f 3692/3885/1234 3673/3892/1137 3671/3893/1044 3678/3882/1377
f 3676/3868/1370 3652/3851/1353 3657/3854/1356 3679/3869/1371
f 3679/3869/1371 3657/3854/1356 3667/3858/1360 3680/3872/1374
f 3680/3872/1374 3667/3858/1360 3666/3865/1367 3687/3879/1376
f 3687/3879/1376 3666/3865/1367 3654/3831/1343 3677/3830/1342
f 3653/3826/1340 3648/3825/1063 3651/3894/1136 3661/3860/1362
f 3661/3860/1362 3651/3894/1136 3650/3895/1135 3662/3863/1365
f 3662/3863/1365 3650/3895/1135 3649/3896/1134 3668/3867/1369
f 3668/3867/1369 3649/3896/1134 3647/3832/1048 3654/3831/1343
f 3652/3851/1353 3627/3841/1346 3637/3844/1348 3655/3852/1354
f 3655/3852/1354 3637/3844/1348 3630/3836/1345 3656/3855/1357
f 3656/3855/1357 3630/3836/1345 3629/3833/1344 3663/3862/1364
f 3663/3862/1364 3629/3833/1344 3626/3827/1341 3653/3826/1340
f 3699/3897/1380 3696/3898/1381 3703/3899/1382 3706/3900/1383
f 3697/3901/1384 3698/3902/1385 3705/3903/1386 3704/3904/1387
f 3695/3905/1388 3646/3906/1388 3701/3907/1389 3702/3908/1390
f 3698/3902/1385 3699/3897/1380 3706/3900/1383 3705/3903/1386
f 3695/3905/1391 3697/3901/1384 3704/3904/1387 3702/3908/1392
f 3696/3898/1381 3645/3909/1186 3700/3910/1393 3703/3899/1382
f 3645/3909/1186 3622/3889/1059 3628/3847/1350 3700/3910/1393
f 3646/3906/1394 3701/3907/1395 3678/3882/1377 3671/3893/1044
f 3702/3908/1390 3701/3907/1389 3708/3911/1396 3709/3912/1397
f 3705/3903/1386 3706/3900/1383 3713/3913/1398 3712/3914/1399
f 3702/3908/1392 3704/3904/1387 3711/3915/1400 3709/3912/1401
f 3703/3899/1382 3700/3910/1393 3707/3916/1402 3710/3917/1403
f 3706/3900/1383 3703/3899/1382 3710/3917/1403 3713/3913/1398
f 3704/3904/1387 3705/3903/1386 3712/3914/1399 3711/3915/1404
f 3709/3912/1397 3708/3911/1396 3715/3918/1405 3716/3919/1406
f 3712/3914/1399 3713/3913/1398 3720/3920/1407 3719/3921/1408
f 3709/3912/1401 3711/3915/1400 3718/3922/1409 3716/3919/1410
f 3710/3917/1403 3707/3916/1402 3714/3923/1411 3717/3924/1412
f 3713/3913/1398 3710/3917/1403 3717/3924/1412 3720/3920/1407
f 3711/3915/1404 3712/3914/1399 3719/3921/1408 3718/3922/1409
f 3719/3921/1408 3720/3920/1407 3727/3925/1413 3726/3926/1414
f 3716/3919/1410 3718/3922/1409 3725/3927/1415 3723/3928/1416
f 3717/3924/1412 3714/3923/1411 3721/3929/1417 3724/3930/1418
f 3720/3920/1407 3717/3924/1412 3724/3930/1418 3727/3925/1413
f 3718/3922/1409 3719/3921/1408 3726/3926/1414 3725/3927/1415
f 3716/3919/1406 3715/3918/1405 3722/3931/1419 3723/3928/1420
f 3723/3928/1416 3725/3927/1415 3732/3932/1421 3730/3933/1422
f 3724/3930/1418 3721/3929/1417 3728/3934/1423 3731/3935/1424
f 3727/3925/1413 3724/3930/1418 3731/3935/1424 3734/3936/1425
f 3725/3927/1415 3726/3926/1426 3733/3937/1427 3732/3932/1421
f 3723/3928/1420 3722/3931/1419 3729/3938/1428 3730/3933/1428
f 3726/3926/1426 3727/3925/1413 3734/3936/1425 3733/3937/1427
f 3642/3850/1352 3707/3916/1402 3700/3910/1393 3628/3847/1350
f 3636/3845/1349 3714/3923/1411 3707/3916/1402 3642/3850/1352
f 3635/3842/1347 3721/3929/1417 3714/3923/1411 3636/3845/1349
f 3627/3841/1346 3728/3934/1423 3721/3929/1417 3635/3842/1347
f 3690/3883/1378 3678/3882/1377 3701/3907/1395 3708/3911/1429
f 3691/3875/1375 3690/3883/1378 3708/3911/1430 3715/3918/1431
f 3681/3871/1373 3691/3875/1375 3715/3918/1431 3722/3931/1432
f 3676/3868/1370 3681/3871/1373 3722/3931/1432 3729/3938/1433
f 3652/3851/1353 3676/3868/1370 3729/3938/1433 3730/3933/1422 3732/3932/1421 3733/3937/1427 3734/3936/1425 3731/3935/1424 3728/3934/1423 3627/3841/1346
f 3762/3939/1060 3767/3940/1061 3740/3941/1062 3735/3942/1063
f 3786/3943/1056 3791/3944/1057 3768/3945/1058 3761/3946/1059
f 3740/3941/1062 3743/3947/1125 3746/3948/1155 3745/3949/1127
f 3743/3947/1125 3744/3950/1118 3747/3951/1117 3746/3948/1155
f 3745/3949/1127 3746/3948/1155 3758/3952/1124 3755/3953/1123
f 3746/3948/1155 3747/3951/1117 3748/3954/1119 3758/3952/1124
f 3741/3955/1434 3749/3956/1435 3752/3957/1113 3751/3958/1114
f 3749/3956/1435 3750/3959/1436 3753/3960/1116 3752/3957/1113
f 3751/3958/1114 3752/3957/1113 3747/3951/1117 3744/3950/1118
f 3752/3957/1113 3753/3960/1116 3748/3954/1119 3747/3951/1117
f 3742/3961/1437 3754/3962/1120 3757/3963/1438 3756/3964/1439
f 3754/3962/1120 3755/3953/1123 3758/3952/1124 3757/3963/1438
f 3756/3964/1439 3757/3963/1438 3753/3960/1116 3750/3959/1436
f 3757/3963/1438 3758/3952/1124 3748/3954/1119 3753/3960/1116
f 3766/3965/1053 3769/3966/1080 3772/3967/1081 3771/3968/1082
f 3769/3966/1080 3770/3969/1083 3773/3970/1084 3772/3967/1081
f 3771/3968/1082 3772/3967/1081 3784/3971/1085 3781/3972/1086
f 3772/3967/1081 3773/3970/1084 3774/3973/1339 3784/3971/1085
f 3767/3940/1061 3775/3974/1088 3778/3975/1089 3777/3976/1090
f 3775/3974/1088 3776/3977/1091 3779/3978/1092 3778/3975/1089
f 3777/3976/1090 3778/3975/1089 3773/3970/1084 3770/3969/1083
f 3778/3975/1089 3779/3978/1092 3774/3973/1339 3773/3970/1084
f 3768/3945/1058 3780/3979/1093 3783/3980/1094 3782/3981/1095
f 3780/3979/1093 3781/3972/1086 3784/3971/1085 3783/3980/1094
f 3782/3981/1095 3783/3980/1094 3779/3978/1092 3776/3977/1091
f 3783/3980/1094 3784/3971/1085 3774/3973/1339 3779/3978/1092
f 3790/3982/1440 3793/3983/1072 3796/3984/1143 3795/3985/1441
f 3793/3983/1072 3794/3986/1075 3797/3987/1076 3796/3984/1143
f 3795/3985/1441 3796/3984/1143 3808/3988/1068 3805/3989/1442
f 3796/3984/1143 3797/3987/1076 3798/3990/1160 3808/3988/1068
f 3791/3944/1057 3799/3991/1077 3802/3992/1078 3801/3993/1079
f 3799/3991/1077 3800/3994/1070 3803/3995/1069 3802/3992/1078
f 3801/3993/1079 3802/3992/1078 3797/3987/1076 3794/3986/1075
f 3802/3992/1078 3803/3995/1069 3798/3990/1160 3797/3987/1076
f 3792/3996/1443 3804/3997/1444 3807/3998/1065 3806/3999/1066
f 3804/3997/1444 3805/3989/1442 3808/3988/1068 3807/3998/1065
f 3806/3999/1066 3807/3998/1065 3803/3995/1069 3800/3994/1070
f 3807/3998/1065 3808/3988/1068 3798/3990/1160 3803/3995/1069
f 3735/3942/1063 3740/3941/1062 3745/3949/1127 3737/4000/1136
f 3737/4000/1136 3745/3949/1127 3755/3953/1123 3738/4001/1135
f 3738/4001/1135 3755/3953/1123 3754/3962/1120 3739/4002/1134
f 3739/4002/1134 3754/3962/1120 3742/3961/1437 3736/4003/1048
f 3791/3944/1057 3786/3943/1056 3789/4004/1130 3799/3991/1077
f 3799/3991/1077 3789/4004/1130 3788/4005/1129 3800/3994/1070
f 3800/3994/1070 3788/4005/1129 3787/4006/1128 3806/3999/1066
f 3806/3999/1066 3787/4006/1128 3785/4007/1047 3792/3996/1443
f 3790/3982/1440 3766/3965/1053 3771/3968/1082 3793/3983/1072
f 3793/3983/1072 3771/3968/1082 3781/3972/1086 3794/3986/1075
f 3794/3986/1075 3781/3972/1086 3780/3979/1093 3801/3993/1079
f 3801/3993/1079 3780/3979/1093 3768/3945/1058 3791/3944/1057
f 3767/3940/1061 3762/3939/1060 3765/4008/1131 3775/3974/1088
f 3775/3974/1088 3765/4008/1131 3764/4009/1132 3776/3977/1091
f 3776/3977/1091 3764/4009/1132 3763/4010/1133 3782/3981/1095
f 3782/3981/1095 3763/4010/1133 3761/3946/1059 3768/3945/1058
f 3766/3965/1053 3741/3955/1434 3751/3958/1114 3769/3966/1080
f 3769/3966/1080 3751/3958/1114 3744/3950/1118 3770/3969/1083
f 3770/3969/1083 3744/3950/1118 3743/3947/1125 3777/3976/1090
f 3777/3976/1090 3743/3947/1125 3740/3941/1062 3767/3940/1061
f 3813/4011/1445 3810/4012/1446 3817/4013/1447 3820/4014/1448
f 3811/4015/1449 3812/4016/1450 3819/4017/1451 3818/4018/1452
f 3809/4019/1453 3760/4020/1453 3815/4021/1454 3816/4022/1455
f 3812/4016/1450 3813/4011/1445 3820/4014/1448 3819/4017/1451
f 3809/4019/1456 3811/4015/1449 3818/4018/1452 3816/4022/1457
f 3810/4012/1446 3759/4023/1298 3814/4024/1458 3817/4013/1447
f 3759/4023/1298 3736/4003/1048 3742/3961/1437 3814/4024/1458
f 3760/4020/1394 3815/4021/1459 3792/3996/1443 3785/4007/1047
f 3816/4022/1455 3815/4021/1454 3822/4025/1460 3823/4026/1461
f 3819/4017/1451 3820/4014/1448 3827/4027/1462 3826/4028/1463
f 3816/4022/1457 3818/4018/1452 3825/4029/1464 3823/4026/1465
f 3817/4013/1447 3814/4024/1458 3821/4030/1466 3824/4031/1467
f 3820/4014/1448 3817/4013/1447 3824/4031/1467 3827/4027/1462
f 3818/4018/1452 3819/4017/1451 3826/4028/1463 3825/4029/1468
f 3823/4026/1461 3822/4025/1460 3829/4032/1469 3830/4033/1470
f 3826/4028/1463 3827/4027/1462 3834/4034/1471 3833/4035/1472
f 3823/4026/1465 3825/4029/1464 3832/4036/1473 3830/4033/1474
f 3824/4031/1467 3821/4030/1466 3828/4037/1475 3831/4038/1476
f 3827/4027/1462 3824/4031/1467 3831/4038/1476 3834/4034/1471
f 3825/4029/1468 3826/4028/1463 3833/4035/1472 3832/4036/1473
f 3833/4035/1472 3834/4034/1471 3841/4039/1477 3840/4040/1478
f 3830/4033/1474 3832/4036/1473 3839/4041/1479 3837/4042/1480
f 3831/4038/1476 3828/4037/1475 3835/4043/1481 3838/4044/1482
f 3834/4034/1471 3831/4038/1476 3838/4044/1482 3841/4039/1477
f 3832/4036/1473 3833/4035/1472 3840/4040/1478 3839/4041/1479
f 3830/4033/1470 3829/4032/1469 3836/4045/1483 3837/4042/1484
f 3837/4042/1480 3839/4041/1479 3846/4046/1485 3844/4047/1486
f 3838/4044/1482 3835/4043/1481 3842/4048/1487 3845/4049/1488
f 3841/4039/1477 3838/4044/1482 3845/4049/1488 3848/4050/1489
f 3839/4041/1479 3840/4040/1490 3847/4051/1491 3846/4046/1485
f 3837/4042/1484 3836/4045/1483 3843/4052/1492 3844/4047/1492
f 3840/4040/1490 3841/4039/1477 3848/4050/1489 3847/4051/1491
f 3756/3964/1439 3821/4030/1466 3814/4024/1458 3742/3961/1437
f 3750/3959/1436 3828/4037/1475 3821/4030/1466 3756/3964/1439
f 3749/3956/1435 3835/4043/1481 3828/4037/1475 3750/3959/1436
f 3741/3955/1434 3842/4048/1487 3835/4043/1481 3749/3956/1435
f 3804/3997/1444 3792/3996/1443 3815/4021/1459 3822/4025/1493
f 3805/3989/1442 3804/3997/1444 3822/4025/1494 3829/4032/1495
f 3795/3985/1441 3805/3989/1442 3829/4032/1495 3836/4045/1496
f 3790/3982/1440 3795/3985/1441 3836/4045/1496 3843/4052/1497
f 3766/3965/1053 3790/3982/1440 3843/4052/1497 3844/4047/1486 3846/4046/1485 3847/4051/1491 3848/4050/1489 3845/4049/1488 3842/4048/1487 3741/3955/1434
o Cube.019_Cube.044
v 0.783018 0.442799 -0.058746
v 0.746905 0.442799 -0.091026
v 0.769198 0.442799 -0.061203
v 0.757482 0.442799 -0.068200
v 0.749654 0.442799 -0.078673
v 0.783018 0.550585 -0.058746
v 0.783018 0.586698 -0.091026
v 0.746905 0.550585 -0.091026
v 0.783018 0.564405 -0.061203
v 0.783018 0.576121 -0.068200
v 0.769198 0.550585 -0.061203
v 0.768852 0.564751 -0.064168
v 0.769571 0.574285 -0.069842
v 0.762168 0.571435 -0.072389
v 0.769198 0.583949 -0.091026
v 0.757482 0.576121 -0.091026
v 0.783018 0.583949 -0.078673
v 0.768852 0.580632 -0.078363
v 0.759319 0.574285 -0.079006
v 0.749654 0.550585 -0.078673
v 0.757482 0.550585 -0.068200
v 0.749654 0.564405 -0.091026
v 0.752972 0.564751 -0.078363
v 0.759319 0.564033 -0.069842
v 0.746905 0.442799 -0.343950
v 0.783018 0.442799 -0.376229
v 0.749654 0.442799 -0.356303
v 0.757482 0.442799 -0.366775
v 0.769198 0.442799 -0.373772
v 0.783018 0.586698 -0.343950
v 0.783018 0.550585 -0.376229
v 0.746905 0.550585 -0.343950
v 0.783018 0.583949 -0.356303
v 0.783018 0.576121 -0.366775
v 0.769198 0.583949 -0.343950
v 0.768852 0.580632 -0.356612
v 0.769571 0.574285 -0.365133
v 0.762168 0.571435 -0.362586
v 0.769198 0.550585 -0.373772
v 0.757482 0.550585 -0.366775
v 0.783018 0.564405 -0.373772
v 0.768852 0.564751 -0.370807
v 0.759319 0.564033 -0.365133
v 0.749654 0.564405 -0.343950
v 0.757482 0.576121 -0.343950
v 0.749654 0.550585 -0.356303
v 0.752972 0.564751 -0.356612
v 0.759319 0.574285 -0.355970
v 1.307417 0.442799 -0.091026
v 1.271304 0.442799 -0.058746
v 1.304668 0.442799 -0.078673
v 1.296840 0.442799 -0.068200
v 1.285124 0.442799 -0.061203
v 1.271304 0.586698 -0.091026
v 1.271304 0.550585 -0.058746
v 1.307417 0.550585 -0.091026
v 1.271304 0.583949 -0.078673
v 1.271304 0.576121 -0.068200
v 1.285124 0.583949 -0.091026
v 1.285471 0.580632 -0.078363
v 1.284752 0.574285 -0.069842
v 1.292154 0.571435 -0.072389
v 1.285124 0.550585 -0.061203
v 1.296840 0.550585 -0.068200
v 1.271304 0.564405 -0.061203
v 1.285471 0.564751 -0.064168
v 1.295004 0.564033 -0.069842
v 1.304669 0.564405 -0.091026
v 1.296840 0.576121 -0.091026
v 1.304669 0.550585 -0.078673
v 1.301351 0.564751 -0.078363
v 1.295004 0.574285 -0.079006
v 1.271304 0.442799 -0.376229
v 1.307417 0.442799 -0.343950
v 1.285124 0.442799 -0.373772
v 1.296840 0.442799 -0.366775
v 1.304668 0.442799 -0.356303
v 1.271304 0.586698 -0.343950
v 1.307417 0.550585 -0.343950
v 1.271304 0.550585 -0.376229
v 1.285124 0.583949 -0.343950
v 1.296840 0.576121 -0.343950
v 1.271304 0.583949 -0.356303
v 1.285471 0.580632 -0.356612
v 1.295004 0.574285 -0.355970
v 1.292154 0.571435 -0.362586
v 1.304669 0.550585 -0.356303
v 1.296840 0.550585 -0.366775
v 1.304669 0.564405 -0.343950
v 1.301351 0.564751 -0.356612
v 1.295004 0.564033 -0.365133
v 1.271304 0.564405 -0.373772
v 1.271304 0.576121 -0.366775
v 1.285124 0.550585 -0.373772
v 1.285471 0.564751 -0.370807
v 1.284752 0.574285 -0.365133
v -0.585495 0.442799 1.608442
v -0.621608 0.442799 1.576162
v -0.599315 0.442799 1.605985
v -0.611031 0.442799 1.598987
v -0.618859 0.442799 1.588515
v -0.585495 0.550585 1.608442
v -0.585495 0.586698 1.576162
v -0.621608 0.550585 1.576162
v -0.585495 0.564405 1.605985
v -0.585495 0.576121 1.598987
v -0.599315 0.550585 1.605985
v -0.599661 0.564751 1.603019
v -0.598942 0.574285 1.597346
v -0.606345 0.571435 1.594799
v -0.599315 0.583949 1.576162
v -0.611031 0.576121 1.576162
v -0.585495 0.583949 1.588515
v -0.599661 0.580632 1.588825
v -0.609194 0.574285 1.588182
v -0.618859 0.550585 1.588515
v -0.611031 0.550585 1.598987
v -0.618859 0.564405 1.576162
v -0.615541 0.564751 1.588825
v -0.609194 0.564033 1.597346
v -0.621608 0.442799 1.323238
v -0.585495 0.442799 1.290958
v -0.618859 0.442799 1.310885
v -0.611031 0.442799 1.300413
v -0.599315 0.442799 1.293415
v -0.585495 0.586698 1.323238
v -0.585495 0.550585 1.290958
v -0.621608 0.550585 1.323238
v -0.585495 0.583949 1.310885
v -0.585495 0.576121 1.300413
v -0.599315 0.583949 1.323238
v -0.599661 0.580632 1.310575
v -0.598942 0.574285 1.302054
v -0.606345 0.571435 1.304601
v -0.599315 0.550585 1.293415
v -0.611031 0.550585 1.300413
v -0.585495 0.564405 1.293415
v -0.599661 0.564751 1.296381
v -0.609194 0.564033 1.302054
v -0.618859 0.564405 1.323238
v -0.611031 0.576121 1.323238
v -0.618859 0.550585 1.310885
v -0.615541 0.564751 1.310575
v -0.609194 0.574285 1.311218
v -0.061096 0.442799 1.576162
v -0.097209 0.442799 1.608442
v -0.063845 0.442799 1.588515
v -0.071673 0.442799 1.598987
v -0.083389 0.442799 1.605985
v -0.097209 0.586698 1.576162
v -0.097209 0.550585 1.608442
v -0.061096 0.550585 1.576162
v -0.097209 0.583949 1.588515
v -0.097209 0.576121 1.598987
v -0.083389 0.583949 1.576162
v -0.083042 0.580632 1.588825
v -0.083761 0.574285 1.597346
v -0.076359 0.571435 1.594799
v -0.083389 0.550585 1.605985
v -0.071673 0.550585 1.598987
v -0.097209 0.564405 1.605985
v -0.083042 0.564751 1.603019
v -0.073509 0.564033 1.597346
v -0.063845 0.564405 1.576162
v -0.071673 0.576121 1.576162
v -0.063845 0.550585 1.588515
v -0.067162 0.564751 1.588825
v -0.073509 0.574285 1.588182
v -0.097209 0.442799 1.290958
v -0.061096 0.442799 1.323238
v -0.083389 0.442799 1.293415
v -0.071673 0.442799 1.300413
v -0.063845 0.442799 1.310885
v -0.097209 0.586698 1.323238
v -0.061096 0.550585 1.323238
v -0.097209 0.550585 1.290958
v -0.083389 0.583949 1.323238
v -0.071673 0.576121 1.323238
v -0.097209 0.583949 1.310885
v -0.083042 0.580632 1.310575
v -0.073509 0.574285 1.311218
v -0.076359 0.571435 1.304601
v -0.063845 0.550585 1.310885
v -0.071673 0.550585 1.300413
v -0.063845 0.564405 1.323238
v -0.067162 0.564751 1.310575
v -0.073509 0.564033 1.302054
v -0.097209 0.564405 1.293415
v -0.097209 0.576121 1.300413
v -0.083389 0.550585 1.293415
v -0.083042 0.564751 1.296381
v -0.083761 0.574285 1.302054
v -1.262463 0.442799 1.608442
v -1.298576 0.442799 1.576162
v -1.276283 0.442799 1.605985
v -1.287999 0.442799 1.598987
v -1.295827 0.442799 1.588515
v -1.262463 0.550585 1.608442
v -1.262463 0.586698 1.576162
v -1.298576 0.550585 1.576162
v -1.262463 0.564405 1.605985
v -1.262463 0.576121 1.598987
v -1.276283 0.550585 1.605985
v -1.276629 0.564751 1.603019
v -1.275910 0.574285 1.597346
v -1.283313 0.571435 1.594799
v -1.276283 0.583949 1.576162
v -1.287999 0.576121 1.576162
v -1.262463 0.583949 1.588515
v -1.276629 0.580632 1.588825
v -1.286162 0.574285 1.588182
v -1.295827 0.550585 1.588515
v -1.287999 0.550585 1.598987
v -1.295827 0.564405 1.576162
v -1.292509 0.564751 1.588825
v -1.286162 0.564033 1.597346
v -1.298576 0.442799 1.323238
v -1.262463 0.442799 1.290958
v -1.295827 0.442799 1.310885
v -1.287999 0.442799 1.300413
v -1.276283 0.442799 1.293415
v -1.262463 0.586698 1.323238
v -1.262463 0.550585 1.290958
v -1.298576 0.550585 1.323238
v -1.262463 0.583949 1.310885
v -1.262463 0.576121 1.300413
v -1.276283 0.583949 1.323238
v -1.276629 0.580632 1.310575
v -1.275910 0.574285 1.302054
v -1.283313 0.571435 1.304601
v -1.276283 0.550585 1.293415
v -1.287999 0.550585 1.300413
v -1.262463 0.564405 1.293415
v -1.276629 0.564751 1.296381
v -1.286162 0.564033 1.302054
v -1.295827 0.564405 1.323238
v -1.287999 0.576121 1.323238
v -1.295827 0.550585 1.310885
v -1.292509 0.564751 1.310575
v -1.286162 0.574285 1.311218
v -0.738064 0.442799 1.576162
v -0.774177 0.442799 1.608442
v -0.740813 0.442799 1.588515
v -0.748641 0.442799 1.598987
v -0.760357 0.442799 1.605985
v -0.774177 0.586698 1.576162
v -0.774177 0.550585 1.608442
v -0.738064 0.550585 1.576162
v -0.774177 0.583949 1.588515
v -0.774177 0.576121 1.598987
v -0.760357 0.583949 1.576162
v -0.760010 0.580632 1.588825
v -0.760729 0.574285 1.597346
v -0.753327 0.571435 1.594799
v -0.760357 0.550585 1.605985
v -0.748641 0.550585 1.598987
v -0.774177 0.564405 1.605985
v -0.760010 0.564751 1.603019
v -0.750477 0.564033 1.597346
v -0.740813 0.564405 1.576162
v -0.748641 0.576121 1.576162
v -0.740813 0.550585 1.588515
v -0.744130 0.564751 1.588825
v -0.750477 0.574285 1.588182
v -0.774177 0.442799 1.290958
v -0.738064 0.442799 1.323238
v -0.760357 0.442799 1.293415
v -0.748641 0.442799 1.300413
v -0.740813 0.442799 1.310885
v -0.774177 0.586698 1.323238
v -0.738064 0.550585 1.323238
v -0.774177 0.550585 1.290958
v -0.760357 0.583949 1.323238
v -0.748641 0.576121 1.323238
v -0.774177 0.583949 1.310885
v -0.760010 0.580632 1.310575
v -0.750477 0.574285 1.311218
v -0.753327 0.571435 1.304601
v -0.740813 0.550585 1.310885
v -0.748641 0.550585 1.300413
v -0.740813 0.564405 1.323238
v -0.744130 0.564751 1.310575
v -0.750477 0.564033 1.302054
v -0.774177 0.564405 1.293415
v -0.774177 0.576121 1.300413
v -0.760357 0.550585 1.293415
v -0.760010 0.564751 1.296381
v -0.760729 0.574285 1.302054
v 0.097920 0.442799 1.608442
v 0.061807 0.442799 1.576162
v 0.084101 0.442799 1.605985
v 0.072385 0.442799 1.598987
v 0.064556 0.442799 1.588515
v 0.097920 0.550585 1.608442
v 0.097920 0.586698 1.576162
v 0.061807 0.550585 1.576162
v 0.097920 0.564405 1.605985
v 0.097920 0.576121 1.598987
v 0.084101 0.550585 1.605985
v 0.083754 0.564751 1.603019
v 0.084473 0.574285 1.597346
v 0.077071 0.571435 1.594799
v 0.084101 0.583949 1.576162
v 0.072385 0.576121 1.576162
v 0.097920 0.583949 1.588515
v 0.083754 0.580632 1.588825
v 0.074221 0.574285 1.588182
v 0.064556 0.550585 1.588515
v 0.072385 0.550585 1.598987
v 0.064556 0.564405 1.576162
v 0.067874 0.564751 1.588825
v 0.074221 0.564033 1.597346
v 0.061807 0.442799 1.323238
v 0.097920 0.442799 1.290958
v 0.064556 0.442799 1.310885
v 0.072385 0.442799 1.300413
v 0.084101 0.442799 1.293415
v 0.097920 0.586698 1.323238
v 0.097920 0.550585 1.290958
v 0.061807 0.550585 1.323238
v 0.097920 0.583949 1.310885
v 0.097920 0.576121 1.300413
v 0.084101 0.583949 1.323238
v 0.083754 0.580632 1.310575
v 0.084473 0.574285 1.302054
v 0.077071 0.571435 1.304601
v 0.084101 0.550585 1.293415
v 0.072385 0.550585 1.300413
v 0.097920 0.564405 1.293415
v 0.083754 0.564751 1.296381
v 0.074221 0.564033 1.302054
v 0.064556 0.564405 1.323238
v 0.072385 0.576121 1.323238
v 0.064556 0.550585 1.310885
v 0.067874 0.564751 1.310575
v 0.074221 0.574285 1.311218
v 0.622320 0.442799 1.576162
v 0.586207 0.442799 1.608442
v 0.619571 0.442799 1.588515
v 0.611742 0.442799 1.598987
v 0.600026 0.442799 1.605985
v 0.586207 0.586698 1.576162
v 0.586207 0.550585 1.608442
v 0.622320 0.550585 1.576162
v 0.586207 0.583949 1.588515
v 0.586207 0.576121 1.598987
v 0.600026 0.583949 1.576162
v 0.600373 0.580632 1.588825
v 0.599654 0.574285 1.597346
v 0.607056 0.571435 1.594799
v 0.600026 0.550585 1.605985
v 0.611742 0.550585 1.598987
v 0.586207 0.564405 1.605985
v 0.600373 0.564751 1.603019
v 0.609906 0.564033 1.597346
v 0.619571 0.564405 1.576162
v 0.611742 0.576121 1.576162
v 0.619571 0.550585 1.588515
v 0.616253 0.564751 1.588825
v 0.609906 0.574285 1.588182
v 0.586207 0.442799 1.290958
v 0.622320 0.442799 1.323238
v 0.600026 0.442799 1.293415
v 0.611742 0.442799 1.300413
v 0.619571 0.442799 1.310885
v 0.586207 0.586698 1.323238
v 0.622320 0.550585 1.323238
v 0.586207 0.550585 1.290958
v 0.600026 0.583949 1.323238
v 0.611742 0.576121 1.323238
v 0.586207 0.583949 1.310885
v 0.600373 0.580632 1.310575
v 0.609906 0.574285 1.311218
v 0.607056 0.571435 1.304601
v 0.619571 0.550585 1.310885
v 0.611742 0.550585 1.300413
v 0.619571 0.564405 1.323238
v 0.616253 0.564751 1.310575
v 0.609906 0.564033 1.302054
v 0.586207 0.564405 1.293415
v 0.586207 0.576121 1.300413
v 0.600026 0.550585 1.293415
v 0.600373 0.564751 1.296381
v 0.599654 0.574285 1.302054
v 0.783089 0.442799 1.608442
v 0.746976 0.442799 1.576162
v 0.769270 0.442799 1.605985
v 0.757554 0.442799 1.598987
v 0.749725 0.442799 1.588515
v 0.783089 0.550585 1.608442
v 0.783089 0.586698 1.576162
v 0.746976 0.550585 1.576162
v 0.783089 0.564405 1.605985
v 0.783089 0.576121 1.598987
v 0.769270 0.550585 1.605985
v 0.768923 0.564751 1.603019
v 0.769642 0.574285 1.597346
v 0.762240 0.571435 1.594799
v 0.769270 0.583949 1.576162
v 0.757554 0.576121 1.576162
v 0.783089 0.583949 1.588515
v 0.768923 0.580632 1.588825
v 0.759390 0.574285 1.588182
v 0.749725 0.550585 1.588515
v 0.757554 0.550585 1.598987
v 0.749725 0.564405 1.576162
v 0.753043 0.564751 1.588825
v 0.759390 0.564033 1.597346
v 0.746976 0.442799 1.323238
v 0.783089 0.442799 1.290958
v 0.749725 0.442799 1.310885
v 0.757554 0.442799 1.300413
v 0.769270 0.442799 1.293415
v 0.783089 0.586698 1.323238
v 0.783089 0.550585 1.290958
v 0.746976 0.550585 1.323238
v 0.783089 0.583949 1.310885
v 0.783089 0.576121 1.300413
v 0.769270 0.583949 1.323238
v 0.768923 0.580632 1.310575
v 0.769642 0.574285 1.302054
v 0.762240 0.571435 1.304601
v 0.769270 0.550585 1.293415
v 0.757554 0.550585 1.300413
v 0.783089 0.564405 1.293415
v 0.768923 0.564751 1.296381
v 0.759390 0.564033 1.302054
v 0.749725 0.564405 1.323238
v 0.757554 0.576121 1.323238
v 0.749725 0.550585 1.310885
v 0.753043 0.564751 1.310575
v 0.759390 0.574285 1.311218
v 1.307489 0.442799 1.576162
v 1.271376 0.442799 1.608442
v 1.304740 0.442799 1.588515
v 1.296911 0.442799 1.598987
v 1.285195 0.442799 1.605985
v 1.271376 0.586698 1.576162
v 1.271376 0.550585 1.608442
v 1.307489 0.550585 1.576162
v 1.271376 0.583949 1.588515
v 1.271376 0.576121 1.598987
v 1.285195 0.583949 1.576162
v 1.285542 0.580632 1.588825
v 1.284823 0.574285 1.597346
v 1.292226 0.571435 1.594799
v 1.285195 0.550585 1.605985
v 1.296911 0.550585 1.598987
v 1.271376 0.564405 1.605985
v 1.285542 0.564751 1.603019
v 1.295075 0.564033 1.597346
v 1.304740 0.564405 1.576162
v 1.296911 0.576121 1.576162
v 1.304740 0.550585 1.588515
v 1.301422 0.564751 1.588825
v 1.295075 0.574285 1.588182
v 1.271376 0.442799 1.290958
v 1.307489 0.442799 1.323238
v 1.285195 0.442799 1.293415
v 1.296911 0.442799 1.300413
v 1.304740 0.442799 1.310885
v 1.271376 0.586698 1.323238
v 1.307489 0.550585 1.323238
v 1.271376 0.550585 1.290958
v 1.285195 0.583949 1.323238
v 1.296911 0.576121 1.323238
v 1.271376 0.583949 1.310885
v 1.285542 0.580632 1.310575
v 1.295075 0.574285 1.311218
v 1.292226 0.571435 1.304601
v 1.304740 0.550585 1.310885
v 1.296911 0.550585 1.300413
v 1.304740 0.564405 1.323238
v 1.301422 0.564751 1.310575
v 1.295075 0.564033 1.302054
v 1.271376 0.564405 1.293415
v 1.271376 0.576121 1.300413
v 1.285195 0.550585 1.293415
v 1.285542 0.564751 1.296381
v 1.284823 0.574285 1.302054
v -0.585495 0.442799 1.060927
v -0.621608 0.442799 1.028647
v -0.599315 0.442799 1.058470
v -0.611031 0.442799 1.051472
v -0.618859 0.442799 1.041000
v -0.585495 0.550585 1.060927
v -0.585495 0.586698 1.028647
v -0.621608 0.550585 1.028647
v -0.585495 0.564405 1.058470
v -0.585495 0.576121 1.051472
v -0.599315 0.550585 1.058470
v -0.599661 0.564751 1.055504
v -0.598942 0.574285 1.049831
v -0.606345 0.571435 1.047284
v -0.599315 0.583949 1.028647
v -0.611031 0.576121 1.028647
v -0.585495 0.583949 1.041000
v -0.599661 0.580632 1.041309
v -0.609194 0.574285 1.040667
v -0.618859 0.550585 1.041000
v -0.611031 0.550585 1.051472
v -0.618859 0.564405 1.028647
v -0.615541 0.564751 1.041309
v -0.609194 0.564033 1.049831
v -0.621608 0.442799 0.775723
v -0.585495 0.442799 0.743443
v -0.618859 0.442799 0.763370
v -0.611031 0.442799 0.752898
v -0.599315 0.442799 0.745900
v -0.585495 0.586698 0.775723
v -0.585495 0.550585 0.743443
v -0.621608 0.550585 0.775723
v -0.585495 0.583949 0.763370
v -0.585495 0.576121 0.752898
v -0.599315 0.583949 0.775723
v -0.599661 0.580632 0.763060
v -0.598942 0.574285 0.754539
v -0.606345 0.571435 0.757086
v -0.599315 0.550585 0.745900
v -0.611031 0.550585 0.752898
v -0.585495 0.564405 0.745900
v -0.599661 0.564751 0.748866
v -0.609194 0.564033 0.754539
v -0.618859 0.564405 0.775723
v -0.611031 0.576121 0.775723
v -0.618859 0.550585 0.763370
v -0.615541 0.564751 0.763060
v -0.609194 0.574285 0.763703
v -0.061096 0.442799 1.028647
v -0.097209 0.442799 1.060927
v -0.063845 0.442799 1.041000
v -0.071673 0.442799 1.051472
v -0.083389 0.442799 1.058470
v -0.097209 0.586698 1.028647
v -0.097209 0.550585 1.060927
v -0.061096 0.550585 1.028647
v -0.097209 0.583949 1.041000
v -0.097209 0.576121 1.051472
v -0.083389 0.583949 1.028647
v -0.083042 0.580632 1.041309
v -0.083761 0.574285 1.049831
v -0.076359 0.571435 1.047284
v -0.083389 0.550585 1.058470
v -0.071673 0.550585 1.051472
v -0.097209 0.564405 1.058470
v -0.083042 0.564751 1.055504
v -0.073509 0.564033 1.049831
v -0.063845 0.564405 1.028647
v -0.071673 0.576121 1.028647
v -0.063845 0.550585 1.041000
v -0.067162 0.564751 1.041309
v -0.073509 0.574285 1.040667
v -0.097209 0.442799 0.743443
v -0.061096 0.442799 0.775723
v -0.083389 0.442799 0.745900
v -0.071673 0.442799 0.752898
v -0.063845 0.442799 0.763370
v -0.097209 0.586698 0.775723
v -0.061096 0.550585 0.775723
v -0.097209 0.550585 0.743443
v -0.083389 0.583949 0.775723
v -0.071673 0.576121 0.775723
v -0.097209 0.583949 0.763370
v -0.083042 0.580632 0.763060
v -0.073509 0.574285 0.763703
v -0.076359 0.571435 0.757086
v -0.063845 0.550585 0.763370
v -0.071673 0.550585 0.752898
v -0.063845 0.564405 0.775723
v -0.067162 0.564751 0.763060
v -0.073509 0.564033 0.754539
v -0.097209 0.564405 0.745900
v -0.097209 0.576121 0.752898
v -0.083389 0.550585 0.745900
v -0.083042 0.564751 0.748866
v -0.083761 0.574285 0.754539
v -1.262463 0.442799 1.060927
v -1.298576 0.442799 1.028647
v -1.276283 0.442799 1.058470
v -1.287999 0.442799 1.051472
v -1.295827 0.442799 1.041000
v -1.262463 0.550585 1.060927
v -1.262463 0.586698 1.028647
v -1.298576 0.550585 1.028647
v -1.262463 0.564405 1.058470
v -1.262463 0.576121 1.051472
v -1.276283 0.550585 1.058470
v -1.276629 0.564751 1.055504
v -1.275910 0.574285 1.049831
v -1.283313 0.571435 1.047284
v -1.276283 0.583949 1.028647
v -1.287999 0.576121 1.028647
v -1.262463 0.583949 1.041000
v -1.276629 0.580632 1.041309
v -1.286162 0.574285 1.040667
v -1.295827 0.550585 1.041000
v -1.287999 0.550585 1.051472
v -1.295827 0.564405 1.028647
v -1.292509 0.564751 1.041309
v -1.286162 0.564033 1.049831
v -1.298576 0.442799 0.775723
v -1.262463 0.442799 0.743443
v -1.295827 0.442799 0.763370
v -1.287999 0.442799 0.752898
v -1.276283 0.442799 0.745900
v -1.262463 0.586698 0.775723
v -1.262463 0.550585 0.743443
v -1.298576 0.550585 0.775723
v -1.262463 0.583949 0.763370
v -1.262463 0.576121 0.752898
v -1.276283 0.583949 0.775723
v -1.276629 0.580632 0.763060
v -1.275910 0.574285 0.754539
v -1.283313 0.571435 0.757086
v -1.276283 0.550585 0.745900
v -1.287999 0.550585 0.752898
v -1.262463 0.564405 0.745900
v -1.276629 0.564751 0.748866
v -1.286162 0.564033 0.754539
v -1.295827 0.564405 0.775723
v -1.287999 0.576121 0.775723
v -1.295827 0.550585 0.763370
v -1.292509 0.564751 0.763060
v -1.286162 0.574285 0.763703
v -0.738064 0.442799 1.028647
v -0.774177 0.442799 1.060927
v -0.740813 0.442799 1.041000
v -0.748641 0.442799 1.051472
v -0.760357 0.442799 1.058470
v -0.774177 0.586698 1.028647
v -0.774177 0.550585 1.060927
v -0.738064 0.550585 1.028647
v -0.774177 0.583949 1.041000
v -0.774177 0.576121 1.051472
v -0.760357 0.583949 1.028647
v -0.760010 0.580632 1.041309
v -0.760729 0.574285 1.049831
v -0.753327 0.571435 1.047284
v -0.760357 0.550585 1.058470
v -0.748641 0.550585 1.051472
v -0.774177 0.564405 1.058470
v -0.760010 0.564751 1.055504
v -0.750477 0.564033 1.049831
v -0.740813 0.564405 1.028647
v -0.748641 0.576121 1.028647
v -0.740813 0.550585 1.041000
v -0.744130 0.564751 1.041309
v -0.750477 0.574285 1.040667
v -0.774177 0.442799 0.743443
v -0.738064 0.442799 0.775723
v -0.760357 0.442799 0.745900
v -0.748641 0.442799 0.752898
v -0.740813 0.442799 0.763370
v -0.774177 0.586698 0.775723
v -0.738064 0.550585 0.775723
v -0.774177 0.550585 0.743443
v -0.760357 0.583949 0.775723
v -0.748641 0.576121 0.775723
v -0.774177 0.583949 0.763370
v -0.760010 0.580632 0.763060
v -0.750477 0.574285 0.763703
v -0.753327 0.571435 0.757086
v -0.740813 0.550585 0.763370
v -0.748641 0.550585 0.752898
v -0.740813 0.564405 0.775723
v -0.744130 0.564751 0.763060
v -0.750477 0.564033 0.754539
v -0.774177 0.564405 0.745900
v -0.774177 0.576121 0.752898
v -0.760357 0.550585 0.745900
v -0.760010 0.564751 0.748866
v -0.760729 0.574285 0.754539
v 0.097920 0.442799 1.060927
v 0.061807 0.442799 1.028647
v 0.084101 0.442799 1.058470
v 0.072385 0.442799 1.051472
v 0.064556 0.442799 1.041000
v 0.097920 0.550585 1.060927
v 0.097920 0.586698 1.028647
v 0.061807 0.550585 1.028647
v 0.097920 0.564405 1.058470
v 0.097920 0.576121 1.051472
v 0.084101 0.550585 1.058470
v 0.083754 0.564751 1.055504
v 0.084473 0.574285 1.049831
v 0.077071 0.571435 1.047284
v 0.084101 0.583949 1.028647
v 0.072385 0.576121 1.028647
v 0.097920 0.583949 1.041000
v 0.083754 0.580632 1.041309
v 0.074221 0.574285 1.040667
v 0.064556 0.550585 1.041000
v 0.072385 0.550585 1.051472
v 0.064556 0.564405 1.028647
v 0.067874 0.564751 1.041309
v 0.074221 0.564033 1.049831
v 0.061807 0.442799 0.775723
v 0.097920 0.442799 0.743443
v 0.064556 0.442799 0.763370
v 0.072385 0.442799 0.752898
v 0.084101 0.442799 0.745900
v 0.097920 0.586698 0.775723
v 0.097920 0.550585 0.743443
v 0.061807 0.550585 0.775723
v 0.097920 0.583949 0.763370
v 0.097920 0.576121 0.752898
v 0.084101 0.583949 0.775723
v 0.083754 0.580632 0.763060
v 0.084473 0.574285 0.754539
v 0.077071 0.571435 0.757086
v 0.084101 0.550585 0.745900
v 0.072385 0.550585 0.752898
v 0.097920 0.564405 0.745900
v 0.083754 0.564751 0.748866
v 0.074221 0.564033 0.754539
v 0.064556 0.564405 0.775723
v 0.072385 0.576121 0.775723
v 0.064556 0.550585 0.763370
v 0.067874 0.564751 0.763060
v 0.074221 0.574285 0.763703
v 0.622320 0.442799 1.028647
v 0.586207 0.442799 1.060927
v 0.619571 0.442799 1.041000
v 0.611742 0.442799 1.051472
v 0.600026 0.442799 1.058470
v 0.586207 0.586698 1.028647
v 0.586207 0.550585 1.060927
v 0.622320 0.550585 1.028647
v 0.586207 0.583949 1.041000
v 0.586207 0.576121 1.051472
v 0.600026 0.583949 1.028647
v 0.600373 0.580632 1.041309
v 0.599654 0.574285 1.049831
v 0.607056 0.571435 1.047284
v 0.600026 0.550585 1.058470
v 0.611742 0.550585 1.051472
v 0.586207 0.564405 1.058470
v 0.600373 0.564751 1.055504
v 0.609906 0.564033 1.049831
v 0.619571 0.564405 1.028647
v 0.611742 0.576121 1.028647
v 0.619571 0.550585 1.041000
v 0.616253 0.564751 1.041309
v 0.609906 0.574285 1.040667
v 0.586207 0.442799 0.743443
v 0.622320 0.442799 0.775723
v 0.600026 0.442799 0.745900
v 0.611742 0.442799 0.752898
v 0.619571 0.442799 0.763370
v 0.586207 0.586698 0.775723
v 0.622320 0.550585 0.775723
v 0.586207 0.550585 0.743443
v 0.600026 0.583949 0.775723
v 0.611742 0.576121 0.775723
v 0.586207 0.583949 0.763370
v 0.600373 0.580632 0.763060
v 0.609906 0.574285 0.763703
v 0.607056 0.571435 0.757086
v 0.619571 0.550585 0.763370
v 0.611742 0.550585 0.752898
v 0.619571 0.564405 0.775723
v 0.616253 0.564751 0.763060
v 0.609906 0.564033 0.754539
v 0.586207 0.564405 0.745900
v 0.586207 0.576121 0.752898
v 0.600026 0.550585 0.745900
v 0.600373 0.564751 0.748866
v 0.599654 0.574285 0.754539
v 0.783089 0.442799 1.060927
v 0.746976 0.442799 1.028647
v 0.769270 0.442799 1.058470
v 0.757554 0.442799 1.051472
v 0.749725 0.442799 1.041000
v 0.783089 0.550585 1.060927
v 0.783089 0.586698 1.028647
v 0.746976 0.550585 1.028647
v 0.783089 0.564405 1.058470
v 0.783089 0.576121 1.051472
v 0.769270 0.550585 1.058470
v 0.768923 0.564751 1.055504
v 0.769642 0.574285 1.049831
v 0.762240 0.571435 1.047284
v 0.769270 0.583949 1.028647
v 0.757554 0.576121 1.028647
v 0.783089 0.583949 1.041000
v 0.768923 0.580632 1.041309
v 0.759390 0.574285 1.040667
v 0.749725 0.550585 1.041000
v 0.757554 0.550585 1.051472
v 0.749725 0.564405 1.028647
v 0.753043 0.564751 1.041309
v 0.759390 0.564033 1.049831
v 0.746976 0.442799 0.775723
v 0.783089 0.442799 0.743443
v 0.749725 0.442799 0.763370
v 0.757554 0.442799 0.752898
v 0.769270 0.442799 0.745900
v 0.783089 0.586698 0.775723
v 0.783089 0.550585 0.743443
v 0.746976 0.550585 0.775723
v 0.783089 0.583949 0.763370
v 0.783089 0.576121 0.752898
v 0.769270 0.583949 0.775723
v 0.768923 0.580632 0.763060
v 0.769642 0.574285 0.754539
v 0.762240 0.571435 0.757086
v 0.769270 0.550585 0.745900
v 0.757554 0.550585 0.752898
v 0.783089 0.564405 0.745900
v 0.768923 0.564751 0.748866
v 0.759390 0.564033 0.754539
v 0.749725 0.564405 0.775723
v 0.757554 0.576121 0.775723
v 0.749725 0.550585 0.763370
v 0.753043 0.564751 0.763060
v 0.759390 0.574285 0.763703
v 1.307489 0.442799 1.028647
v 1.271376 0.442799 1.060927
v 1.304740 0.442799 1.041000
v 1.296911 0.442799 1.051472
v 1.285195 0.442799 1.058470
v 1.271376 0.586698 1.028647
v 1.271376 0.550585 1.060927
v 1.307489 0.550585 1.028647
v 1.271376 0.583949 1.041000
v 1.271376 0.576121 1.051472
v 1.285195 0.583949 1.028647
v 1.285542 0.580632 1.041309
v 1.284823 0.574285 1.049831
v 1.292226 0.571435 1.047284
v 1.285195 0.550585 1.058470
v 1.296911 0.550585 1.051472
v 1.271376 0.564405 1.058470
v 1.285542 0.564751 1.055504
v 1.295075 0.564033 1.049831
v 1.304740 0.564405 1.028647
v 1.296911 0.576121 1.028647
v 1.304740 0.550585 1.041000
v 1.301422 0.564751 1.041309
v 1.295075 0.574285 1.040667
v 1.271376 0.442799 0.743443
v 1.307489 0.442799 0.775723
v 1.285195 0.442799 0.745900
v 1.296911 0.442799 0.752898
v 1.304740 0.442799 0.763370
v 1.271376 0.586698 0.775723
v 1.307489 0.550585 0.775723
v 1.271376 0.550585 0.743443
v 1.285195 0.583949 0.775723
v 1.296911 0.576121 0.775723
v 1.271376 0.583949 0.763370
v 1.285542 0.580632 0.763060
v 1.295075 0.574285 0.763703
v 1.292226 0.571435 0.757086
v 1.304740 0.550585 0.763370
v 1.296911 0.550585 0.752898
v 1.304740 0.564405 0.775723
v 1.301422 0.564751 0.763060
v 1.295075 0.564033 0.754539
v 1.271376 0.564405 0.745900
v 1.271376 0.576121 0.752898
v 1.285195 0.550585 0.745900
v 1.285542 0.564751 0.748866
v 1.284823 0.574285 0.754539
v -0.585495 0.442799 0.499550
v -0.621608 0.442799 0.467271
v -0.599315 0.442799 0.497093
v -0.611031 0.442799 0.490096
v -0.618859 0.442799 0.479624
v -0.585495 0.550585 0.499550
v -0.585495 0.586698 0.467271
v -0.621608 0.550585 0.467271
v -0.585495 0.564405 0.497093
v -0.585495 0.576121 0.490096
v -0.599315 0.550585 0.497093
v -0.599661 0.564751 0.494128
v -0.598942 0.574285 0.488454
v -0.606345 0.571435 0.485907
v -0.599315 0.583949 0.467271
v -0.611031 0.576121 0.467271
v -0.585495 0.583949 0.479623
v -0.599661 0.580632 0.479933
v -0.609194 0.574285 0.479291
v -0.618859 0.550585 0.479623
v -0.611031 0.550585 0.490096
v -0.618859 0.564405 0.467271
v -0.615541 0.564751 0.479933
v -0.609194 0.564033 0.488454
v -0.621608 0.442799 0.214346
v -0.585495 0.442799 0.182067
v -0.618859 0.442799 0.201993
v -0.611031 0.442799 0.191521
v -0.599315 0.442799 0.184524
v -0.585495 0.586698 0.214346
v -0.585495 0.550585 0.182067
v -0.621608 0.550585 0.214346
v -0.585495 0.583949 0.201993
v -0.585495 0.576121 0.191521
v -0.599315 0.583949 0.214346
v -0.599661 0.580632 0.201684
v -0.598942 0.574285 0.193163
v -0.606345 0.571435 0.195710
v -0.599315 0.550585 0.184524
v -0.611031 0.550585 0.191521
v -0.585495 0.564405 0.184524
v -0.599661 0.564751 0.187489
v -0.609194 0.564033 0.193163
v -0.618859 0.564405 0.214346
v -0.611031 0.576121 0.214346
v -0.618859 0.550585 0.201993
v -0.615541 0.564751 0.201684
v -0.609194 0.574285 0.202326
v -0.061096 0.442799 0.467271
v -0.097209 0.442799 0.499550
v -0.063845 0.442799 0.479624
v -0.071673 0.442799 0.490096
v -0.083389 0.442799 0.497093
v -0.097209 0.586698 0.467271
v -0.097209 0.550585 0.499550
v -0.061096 0.550585 0.467271
v -0.097209 0.583949 0.479623
v -0.097209 0.576121 0.490096
v -0.083389 0.583949 0.467271
v -0.083042 0.580632 0.479933
v -0.083761 0.574285 0.488454
v -0.076359 0.571435 0.485907
v -0.083389 0.550585 0.497093
v -0.071673 0.550585 0.490096
v -0.097209 0.564405 0.497093
v -0.083042 0.564751 0.494128
v -0.073509 0.564033 0.488454
v -0.063845 0.564405 0.467271
v -0.071673 0.576121 0.467271
v -0.063845 0.550585 0.479623
v -0.067162 0.564751 0.479933
v -0.073509 0.574285 0.479291
v -0.097209 0.442799 0.182067
v -0.061096 0.442799 0.214346
v -0.083389 0.442799 0.184524
v -0.071673 0.442799 0.191521
v -0.063845 0.442799 0.201993
v -0.097209 0.586698 0.214346
v -0.061096 0.550585 0.214346
v -0.097209 0.550585 0.182067
v -0.083389 0.583949 0.214346
v -0.071673 0.576121 0.214346
v -0.097209 0.583949 0.201993
v -0.083042 0.580632 0.201684
v -0.073509 0.574285 0.202326
v -0.076359 0.571435 0.195710
v -0.063845 0.550585 0.201993
v -0.071673 0.550585 0.191521
v -0.063845 0.564405 0.214346
v -0.067162 0.564751 0.201684
v -0.073509 0.564033 0.193163
v -0.097209 0.564405 0.184524
v -0.097209 0.576121 0.191521
v -0.083389 0.550585 0.184524
v -0.083042 0.564751 0.187489
v -0.083761 0.574285 0.193163
v -1.262463 0.442799 0.499550
v -1.298576 0.442799 0.467271
v -1.276283 0.442799 0.497093
v -1.287999 0.442799 0.490096
v -1.295827 0.442799 0.479624
v -1.262463 0.550585 0.499550
v -1.262463 0.586698 0.467271
v -1.298576 0.550585 0.467271
v -1.262463 0.564405 0.497093
v -1.262463 0.576121 0.490096
v -1.276283 0.550585 0.497093
v -1.276629 0.564751 0.494128
v -1.275910 0.574285 0.488454
v -1.283313 0.571435 0.485907
v -1.276283 0.583949 0.467271
v -1.287999 0.576121 0.467271
v -1.262463 0.583949 0.479623
v -1.276629 0.580632 0.479933
v -1.286162 0.574285 0.479291
v -1.295827 0.550585 0.479623
v -1.287999 0.550585 0.490096
v -1.295827 0.564405 0.467271
v -1.292509 0.564751 0.479933
v -1.286162 0.564033 0.488454
v -1.298576 0.442799 0.214346
v -1.262463 0.442799 0.182067
v -1.295827 0.442799 0.201993
v -1.287999 0.442799 0.191521
v -1.276283 0.442799 0.184524
v -1.262463 0.586698 0.214346
v -1.262463 0.550585 0.182067
v -1.298576 0.550585 0.214346
v -1.262463 0.583949 0.201993
v -1.262463 0.576121 0.191521
v -1.276283 0.583949 0.214346
v -1.276629 0.580632 0.201684
v -1.275910 0.574285 0.193163
v -1.283313 0.571435 0.195710
v -1.276283 0.550585 0.184524
v -1.287999 0.550585 0.191521
v -1.262463 0.564405 0.184524
v -1.276629 0.564751 0.187489
v -1.286162 0.564033 0.193163
v -1.295827 0.564405 0.214346
v -1.287999 0.576121 0.214346
v -1.295827 0.550585 0.201993
v -1.292509 0.564751 0.201684
v -1.286162 0.574285 0.202326
v -0.738064 0.442799 0.467271
v -0.774177 0.442799 0.499550
v -0.740813 0.442799 0.479624
v -0.748641 0.442799 0.490096
v -0.760357 0.442799 0.497093
v -0.774177 0.586698 0.467271
v -0.774177 0.550585 0.499550
v -0.738064 0.550585 0.467271
v -0.774177 0.583949 0.479623
v -0.774177 0.576121 0.490096
v -0.760357 0.583949 0.467271
v -0.760010 0.580632 0.479933
v -0.760729 0.574285 0.488454
v -0.753327 0.571435 0.485907
v -0.760357 0.550585 0.497093
v -0.748641 0.550585 0.490096
v -0.774177 0.564405 0.497093
v -0.760010 0.564751 0.494128
v -0.750477 0.564033 0.488454
v -0.740813 0.564405 0.467271
v -0.748641 0.576121 0.467271
v -0.740813 0.550585 0.479623
v -0.744130 0.564751 0.479933
v -0.750477 0.574285 0.479291
v -0.774177 0.442799 0.182067
v -0.738064 0.442799 0.214346
v -0.760357 0.442799 0.184524
v -0.748641 0.442799 0.191521
v -0.740813 0.442799 0.201993
v -0.774177 0.586698 0.214346
v -0.738064 0.550585 0.214346
v -0.774177 0.550585 0.182067
v -0.760357 0.583949 0.214346
v -0.748641 0.576121 0.214346
v -0.774177 0.583949 0.201993
v -0.760010 0.580632 0.201684
v -0.750477 0.574285 0.202326
v -0.753327 0.571435 0.195710
v -0.740813 0.550585 0.201993
v -0.748641 0.550585 0.191521
v -0.740813 0.564405 0.214346
v -0.744130 0.564751 0.201684
v -0.750477 0.564033 0.193163
v -0.774177 0.564405 0.184524
v -0.774177 0.576121 0.191521
v -0.760357 0.550585 0.184524
v -0.760010 0.564751 0.187489
v -0.760729 0.574285 0.193163
v 0.097920 0.442799 0.499550
v 0.061807 0.442799 0.467271
v 0.084101 0.442799 0.497093
v 0.072385 0.442799 0.490096
v 0.064556 0.442799 0.479624
v 0.097920 0.550585 0.499550
v 0.097920 0.586698 0.467271
v 0.061807 0.550585 0.467271
v 0.097920 0.564405 0.497093
v 0.097920 0.576121 0.490096
v 0.084101 0.550585 0.497093
v 0.083754 0.564751 0.494128
v 0.084473 0.574285 0.488454
v 0.077071 0.571435 0.485907
v 0.084101 0.583949 0.467271
v 0.072385 0.576121 0.467271
v 0.097920 0.583949 0.479623
v 0.083754 0.580632 0.479933
v 0.074221 0.574285 0.479291
v 0.064556 0.550585 0.479623
v 0.072385 0.550585 0.490096
v 0.064556 0.564405 0.467271
v 0.067874 0.564751 0.479933
v 0.074221 0.564033 0.488454
v 0.061807 0.442799 0.214346
v 0.097920 0.442799 0.182067
v 0.064556 0.442799 0.201993
v 0.072385 0.442799 0.191521
v 0.084101 0.442799 0.184524
v 0.097920 0.586698 0.214346
v 0.097920 0.550585 0.182067
v 0.061807 0.550585 0.214346
v 0.097920 0.583949 0.201993
v 0.097920 0.576121 0.191521
v 0.084101 0.583949 0.214346
v 0.083754 0.580632 0.201684
v 0.084473 0.574285 0.193163
v 0.077071 0.571435 0.195710
v 0.084101 0.550585 0.184524
v 0.072385 0.550585 0.191521
v 0.097920 0.564405 0.184524
v 0.083754 0.564751 0.187489
v 0.074221 0.564033 0.193163
v 0.064556 0.564405 0.214346
v 0.072385 0.576121 0.214346
v 0.064556 0.550585 0.201993
v 0.067874 0.564751 0.201684
v 0.074221 0.574285 0.202326
v 0.622320 0.442799 0.467271
v 0.586207 0.442799 0.499550
v 0.619571 0.442799 0.479624
v 0.611742 0.442799 0.490096
v 0.600026 0.442799 0.497093
v 0.586207 0.586698 0.467271
v 0.586207 0.550585 0.499550
v 0.622320 0.550585 0.467271
v 0.586207 0.583949 0.479623
v 0.586207 0.576121 0.490096
v 0.600026 0.583949 0.467271
v 0.600373 0.580632 0.479933
v 0.599654 0.574285 0.488454
v 0.607056 0.571435 0.485907
v 0.600026 0.550585 0.497093
v 0.611742 0.550585 0.490096
v 0.586207 0.564405 0.497093
v 0.600373 0.564751 0.494128
v 0.609906 0.564033 0.488454
v 0.619571 0.564405 0.467271
v 0.611742 0.576121 0.467271
v 0.619571 0.550585 0.479623
v 0.616253 0.564751 0.479933
v 0.609906 0.574285 0.479291
v 0.586207 0.442799 0.182067
v 0.622320 0.442799 0.214346
v 0.600026 0.442799 0.184524
v 0.611742 0.442799 0.191521
v 0.619571 0.442799 0.201993
v 0.586207 0.586698 0.214346
v 0.622320 0.550585 0.214346
v 0.586207 0.550585 0.182067
v 0.600026 0.583949 0.214346
v 0.611742 0.576121 0.214346
v 0.586207 0.583949 0.201993
v 0.600373 0.580632 0.201684
v 0.609906 0.574285 0.202326
v 0.607056 0.571435 0.195710
v 0.619571 0.550585 0.201993
v 0.611742 0.550585 0.191521
v 0.619571 0.564405 0.214346
v 0.616253 0.564751 0.201684
v 0.609906 0.564033 0.193163
v 0.586207 0.564405 0.184524
v 0.586207 0.576121 0.191521
v 0.600026 0.550585 0.184524
v 0.600373 0.564751 0.187489
v 0.599654 0.574285 0.193163
v 0.783089 0.442799 0.499550
v 0.746976 0.442799 0.467271
v 0.769270 0.442799 0.497093
v 0.757554 0.442799 0.490096
v 0.749725 0.442799 0.479624
v 0.783089 0.550585 0.499550
v 0.783089 0.586698 0.467271
v 0.746976 0.550585 0.467271
v 0.783089 0.564405 0.497093
v 0.783089 0.576121 0.490096
v 0.769270 0.550585 0.497093
v 0.768923 0.564751 0.494128
v 0.769642 0.574285 0.488454
v 0.762240 0.571435 0.485907
v 0.769270 0.583949 0.467271
v 0.757554 0.576121 0.467271
v 0.783089 0.583949 0.479623
v 0.768923 0.580632 0.479933
v 0.759390 0.574285 0.479291
v 0.749725 0.550585 0.479623
v 0.757554 0.550585 0.490096
v 0.749725 0.564405 0.467271
v 0.753043 0.564751 0.479933
v 0.759390 0.564033 0.488454
v 0.746976 0.442799 0.214346
v 0.783089 0.442799 0.182067
v 0.749725 0.442799 0.201993
v 0.757554 0.442799 0.191521
v 0.769270 0.442799 0.184524
v 0.783089 0.586698 0.214346
v 0.783089 0.550585 0.182067
v 0.746976 0.550585 0.214346
v 0.783089 0.583949 0.201993
v 0.783089 0.576121 0.191521
v 0.769270 0.583949 0.214346
v 0.768923 0.580632 0.201684
v 0.769642 0.574285 0.193163
v 0.762240 0.571435 0.195710
v 0.769270 0.550585 0.184524
v 0.757554 0.550585 0.191521
v 0.783089 0.564405 0.184524
v 0.768923 0.564751 0.187489
v 0.759390 0.564033 0.193163
v 0.749725 0.564405 0.214346
v 0.757554 0.576121 0.214346
v 0.749725 0.550585 0.201993
v 0.753043 0.564751 0.201684
v 0.759390 0.574285 0.202326
v 1.307489 0.442799 0.467271
v 1.271376 0.442799 0.499550
v 1.304740 0.442799 0.479624
v 1.296911 0.442799 0.490096
v 1.285195 0.442799 0.497093
v 1.271376 0.586698 0.467271
v 1.271376 0.550585 0.499550
v 1.307489 0.550585 0.467271
v 1.271376 0.583949 0.479623
v 1.271376 0.576121 0.490096
v 1.285195 0.583949 0.467271
v 1.285542 0.580632 0.479933
v 1.284823 0.574285 0.488454
v 1.292226 0.571435 0.485907
v 1.285195 0.550585 0.497093
v 1.296911 0.550585 0.490096
v 1.271376 0.564405 0.497093
v 1.285542 0.564751 0.494128
v 1.295075 0.564033 0.488454
v 1.304740 0.564405 0.467271
v 1.296911 0.576121 0.467271
v 1.304740 0.550585 0.479623
v 1.301422 0.564751 0.479933
v 1.295075 0.574285 0.479291
v 1.271376 0.442799 0.182067
v 1.307489 0.442799 0.214346
v 1.285195 0.442799 0.184524
v 1.296911 0.442799 0.191521
v 1.304740 0.442799 0.201993
v 1.271376 0.586698 0.214346
v 1.307489 0.550585 0.214346
v 1.271376 0.550585 0.182067
v 1.285195 0.583949 0.214346
v 1.296911 0.576121 0.214346
v 1.271376 0.583949 0.201993
v 1.285542 0.580632 0.201684
v 1.295075 0.574285 0.202326
v 1.292226 0.571435 0.195710
v 1.304740 0.550585 0.201993
v 1.296911 0.550585 0.191521
v 1.304740 0.564405 0.214346
v 1.301422 0.564751 0.201684
v 1.295075 0.564033 0.193163
v 1.271376 0.564405 0.184524
v 1.271376 0.576121 0.191521
v 1.285195 0.550585 0.184524
v 1.285542 0.564751 0.187489
v 1.284823 0.574285 0.193163
v -1.262463 0.442799 -0.058746
v -1.298576 0.442799 -0.091025
v -1.276283 0.442799 -0.061203
v -1.287999 0.442799 -0.068200
v -1.295827 0.442799 -0.078673
v -1.262463 0.550585 -0.058746
v -1.262463 0.586698 -0.091025
v -1.298576 0.550585 -0.091025
v -1.262463 0.564405 -0.061203
v -1.262463 0.576121 -0.068200
v -1.276283 0.550585 -0.061203
v -1.276629 0.564751 -0.064168
v -1.275910 0.574285 -0.069842
v -1.283313 0.571435 -0.072389
v -1.276283 0.583949 -0.091025
v -1.287999 0.576121 -0.091025
v -1.262463 0.583949 -0.078673
v -1.276629 0.580632 -0.078363
v -1.286162 0.574285 -0.079006
v -1.295827 0.550585 -0.078673
v -1.287999 0.550585 -0.068200
v -1.295827 0.564405 -0.091025
v -1.292509 0.564751 -0.078363
v -1.286162 0.564033 -0.069842
v -1.298576 0.442799 -0.343950
v -1.262463 0.442799 -0.376229
v -1.295827 0.442799 -0.356303
v -1.287999 0.442799 -0.366775
v -1.276283 0.442799 -0.373772
v -1.262463 0.586698 -0.343950
v -1.262463 0.550585 -0.376229
v -1.298576 0.550585 -0.343950
v -1.262463 0.583949 -0.356303
v -1.262463 0.576121 -0.366775
v -1.276283 0.583949 -0.343950
v -1.276629 0.580632 -0.356612
v -1.275910 0.574285 -0.365133
v -1.283313 0.571435 -0.362586
v -1.276283 0.550585 -0.373772
v -1.287999 0.550585 -0.366775
v -1.262463 0.564405 -0.373772
v -1.276629 0.564751 -0.370807
v -1.286162 0.564033 -0.365133
v -1.295827 0.564405 -0.343950
v -1.287999 0.576121 -0.343950
v -1.295827 0.550585 -0.356303
v -1.292509 0.564751 -0.356612
v -1.286162 0.574285 -0.355970
v -0.738064 0.442799 -0.091025
v -0.774177 0.442799 -0.058746
v -0.740813 0.442799 -0.078673
v -0.748641 0.442799 -0.068200
v -0.760357 0.442799 -0.061203
v -0.774177 0.586698 -0.091025
v -0.774177 0.550585 -0.058746
v -0.738064 0.550585 -0.091025
v -0.774177 0.583949 -0.078673
v -0.774177 0.576121 -0.068200
v -0.760357 0.583949 -0.091025
v -0.760010 0.580632 -0.078363
v -0.760729 0.574285 -0.069842
v -0.753327 0.571435 -0.072389
v -0.760357 0.550585 -0.061203
v -0.748641 0.550585 -0.068200
v -0.774177 0.564405 -0.061203
v -0.760010 0.564751 -0.064168
v -0.750477 0.564033 -0.069842
v -0.740813 0.564405 -0.091025
v -0.748641 0.576121 -0.091025
v -0.740813 0.550585 -0.078673
v -0.744130 0.564751 -0.078363
v -0.750477 0.574285 -0.079006
v -0.774177 0.442799 -0.376229
v -0.738064 0.442799 -0.343950
v -0.760357 0.442799 -0.373772
v -0.748641 0.442799 -0.366775
v -0.740813 0.442799 -0.356303
v -0.774177 0.586698 -0.343950
v -0.738064 0.550585 -0.343950
v -0.774177 0.550585 -0.376229
v -0.760357 0.583949 -0.343950
v -0.748641 0.576121 -0.343950
v -0.774177 0.583949 -0.356303
v -0.760010 0.580632 -0.356612
v -0.750477 0.574285 -0.355970
v -0.753327 0.571435 -0.362586
v -0.740813 0.550585 -0.356303
v -0.748641 0.550585 -0.366775
v -0.740813 0.564405 -0.343950
v -0.744130 0.564751 -0.356612
v -0.750477 0.564033 -0.365133
v -0.774177 0.564405 -0.373772
v -0.774177 0.576121 -0.366775
v -0.760357 0.550585 -0.373772
v -0.760010 0.564751 -0.370807
v -0.760729 0.574285 -0.365133
v -1.955520 0.442799 0.494737
v -1.991633 0.442799 0.462458
v -1.969340 0.442799 0.492280
v -1.981056 0.442799 0.485283
v -1.988884 0.442799 0.474811
v -1.955520 0.550585 0.494737
v -1.955520 0.586698 0.462458
v -1.991633 0.550585 0.462458
v -1.955520 0.564405 0.492280
v -1.955520 0.576121 0.485283
v -1.969340 0.550585 0.492280
v -1.969686 0.564751 0.489315
v -1.968968 0.574285 0.483641
v -1.976370 0.571435 0.481094
v -1.969340 0.583949 0.462458
v -1.981056 0.576121 0.462458
v -1.955520 0.583949 0.474811
v -1.969686 0.580632 0.475120
v -1.979219 0.574285 0.474478
v -1.988884 0.550585 0.474811
v -1.981056 0.550585 0.485283
v -1.988884 0.564405 0.462458
v -1.985566 0.564751 0.475120
v -1.979219 0.564033 0.483641
v -1.991633 0.442799 0.209533
v -1.955520 0.442799 0.177254
v -1.988884 0.442799 0.197181
v -1.981056 0.442799 0.186708
v -1.969340 0.442799 0.179711
v -1.955520 0.586698 0.209533
v -1.955520 0.550585 0.177254
v -1.991633 0.550585 0.209533
v -1.955520 0.583949 0.197181
v -1.955520 0.576121 0.186708
v -1.969340 0.583949 0.209533
v -1.969686 0.580632 0.196871
v -1.968968 0.574285 0.188350
v -1.976370 0.571435 0.190897
v -1.969340 0.550585 0.179711
v -1.981056 0.550585 0.186708
v -1.955520 0.564405 0.179711
v -1.969686 0.564751 0.182676
v -1.979219 0.564033 0.188350
v -1.988884 0.564405 0.209533
v -1.981056 0.576121 0.209533
v -1.988884 0.550585 0.197181
v -1.985566 0.564751 0.196871
v -1.979219 0.574285 0.197513
v -1.431121 0.442799 0.462458
v -1.467234 0.442799 0.494737
v -1.433870 0.442799 0.474811
v -1.441698 0.442799 0.485283
v -1.453414 0.442799 0.492280
v -1.467234 0.586698 0.462458
v -1.467234 0.550585 0.494737
v -1.431121 0.550585 0.462458
v -1.467234 0.583949 0.474811
v -1.467234 0.576121 0.485283
v -1.453414 0.583949 0.462458
v -1.453068 0.580632 0.475120
v -1.453786 0.574285 0.483641
v -1.446384 0.571435 0.481094
v -1.453414 0.550585 0.492280
v -1.441698 0.550585 0.485283
v -1.467234 0.564405 0.492280
v -1.453068 0.564751 0.489315
v -1.443535 0.564033 0.483641
v -1.433870 0.564405 0.462458
v -1.441698 0.576121 0.462458
v -1.433870 0.550585 0.474811
v -1.437187 0.564751 0.475120
v -1.443535 0.574285 0.474478
v -1.467234 0.442799 0.177254
v -1.431121 0.442799 0.209533
v -1.453414 0.442799 0.179711
v -1.441698 0.442799 0.186708
v -1.433870 0.442799 0.197181
v -1.467234 0.586698 0.209533
v -1.431121 0.550585 0.209533
v -1.467234 0.550585 0.177254
v -1.453414 0.583949 0.209533
v -1.441698 0.576121 0.209533
v -1.467234 0.583949 0.197181
v -1.453068 0.580632 0.196871
v -1.443535 0.574285 0.197513
v -1.446384 0.571435 0.190897
v -1.433870 0.550585 0.197181
v -1.441698 0.550585 0.186708
v -1.433870 0.564405 0.209533
v -1.437187 0.564751 0.196871
v -1.443535 0.564033 0.188350
v -1.467234 0.564405 0.179711
v -1.467234 0.576121 0.186708
v -1.453414 0.550585 0.179711
v -1.453068 0.564751 0.182676
v -1.453786 0.574285 0.188350
v -1.955520 0.442799 1.053033
v -1.991633 0.442799 1.020754
v -1.969340 0.442799 1.050576
v -1.981056 0.442799 1.043579
v -1.988884 0.442799 1.033107
v -1.955520 0.550585 1.053033
v -1.955520 0.586698 1.020754
v -1.991633 0.550585 1.020754
v -1.955520 0.564405 1.050576
v -1.955520 0.576121 1.043579
v -1.969340 0.550585 1.050576
v -1.969686 0.564751 1.047611
v -1.968968 0.574285 1.041937
v -1.976370 0.571435 1.039390
v -1.969340 0.583949 1.020754
v -1.981056 0.576121 1.020754
v -1.955520 0.583949 1.033107
v -1.969686 0.580632 1.033416
v -1.979219 0.574285 1.032774
v -1.988884 0.550585 1.033107
v -1.981056 0.550585 1.043579
v -1.988884 0.564405 1.020754
v -1.985566 0.564751 1.033416
v -1.979219 0.564033 1.041937
v -1.991633 0.442799 0.767830
v -1.955520 0.442799 0.735550
v -1.988884 0.442799 0.755477
v -1.981056 0.442799 0.745004
v -1.969340 0.442799 0.738007
v -1.955520 0.586698 0.767830
v -1.955520 0.550585 0.735550
v -1.991633 0.550585 0.767830
v -1.955520 0.583949 0.755477
v -1.955520 0.576121 0.745004
v -1.969340 0.583949 0.767830
v -1.969686 0.580632 0.755167
v -1.968968 0.574285 0.746646
v -1.976370 0.571435 0.749193
v -1.969340 0.550585 0.738007
v -1.981056 0.550585 0.745004
v -1.955520 0.564405 0.738007
v -1.969686 0.564751 0.740972
v -1.979219 0.564033 0.746646
v -1.988884 0.564405 0.767830
v -1.981056 0.576121 0.767830
v -1.988884 0.550585 0.755477
v -1.985566 0.564751 0.755167
v -1.979219 0.574285 0.755809
v -1.431121 0.442799 1.020754
v -1.467234 0.442799 1.053033
v -1.433870 0.442799 1.033107
v -1.441698 0.442799 1.043579
v -1.453414 0.442799 1.050576
v -1.467234 0.586698 1.020754
v -1.467234 0.550585 1.053033
v -1.431121 0.550585 1.020754
v -1.467234 0.583949 1.033107
v -1.467234 0.576121 1.043579
v -1.453414 0.583949 1.020754
v -1.453068 0.580632 1.033416
v -1.453786 0.574285 1.041937
v -1.446384 0.571435 1.039390
v -1.453414 0.550585 1.050576
v -1.441698 0.550585 1.043579
v -1.467234 0.564405 1.050576
v -1.453068 0.564751 1.047611
v -1.443535 0.564033 1.041937
v -1.433870 0.564405 1.020754
v -1.441698 0.576121 1.020754
v -1.433870 0.550585 1.033107
v -1.437187 0.564751 1.033416
v -1.443535 0.574285 1.032774
v -1.467234 0.442799 0.735550
v -1.431121 0.442799 0.767830
v -1.453414 0.442799 0.738007
v -1.441698 0.442799 0.745004
v -1.433870 0.442799 0.755477
v -1.467234 0.586698 0.767830
v -1.431121 0.550585 0.767830
v -1.467234 0.550585 0.735550
v -1.453414 0.583949 0.767830
v -1.441698 0.576121 0.767830
v -1.467234 0.583949 0.755477
v -1.453068 0.580632 0.755167
v -1.443535 0.574285 0.755809
v -1.446384 0.571435 0.749193
v -1.433870 0.550585 0.755477
v -1.441698 0.550585 0.745004
v -1.433870 0.564405 0.767830
v -1.437187 0.564751 0.755167
v -1.443535 0.564033 0.746646
v -1.467234 0.564405 0.738007
v -1.467234 0.576121 0.745004
v -1.453414 0.550585 0.738007
v -1.453068 0.564751 0.740972
v -1.453786 0.574285 0.746646
v 1.466449 0.442799 1.053033
v 1.430337 0.442799 1.020754
v 1.452630 0.442799 1.050576
v 1.440914 0.442799 1.043579
v 1.433085 0.442799 1.033107
v 1.466449 0.550585 1.053033
v 1.466449 0.586698 1.020754
v 1.430337 0.550585 1.020754
v 1.466449 0.564405 1.050576
v 1.466449 0.576121 1.043579
v 1.452630 0.550585 1.050576
v 1.452283 0.564751 1.047611
v 1.453002 0.574285 1.041937
v 1.445600 0.571435 1.039390
v 1.452630 0.583949 1.020754
v 1.440914 0.576121 1.020754
v 1.466449 0.583949 1.033107
v 1.452283 0.580632 1.033416
v 1.442750 0.574285 1.032774
v 1.433085 0.550585 1.033107
v 1.440914 0.550585 1.043579
v 1.433085 0.564405 1.020754
v 1.436403 0.564751 1.033416
v 1.442750 0.564033 1.041937
v 1.430337 0.442799 0.767830
v 1.466449 0.442799 0.735550
v 1.433085 0.442799 0.755477
v 1.440914 0.442799 0.745004
v 1.452630 0.442799 0.738007
v 1.466449 0.586698 0.767830
v 1.466449 0.550585 0.735550
v 1.430337 0.550585 0.767830
v 1.466449 0.583949 0.755477
v 1.466449 0.576121 0.745004
v 1.452630 0.583949 0.767830
v 1.452283 0.580632 0.755167
v 1.453002 0.574285 0.746646
v 1.445600 0.571435 0.749193
v 1.452630 0.550585 0.738007
v 1.440914 0.550585 0.745004
v 1.466449 0.564405 0.738007
v 1.452283 0.564751 0.740972
v 1.442750 0.564033 0.746646
v 1.433085 0.564405 0.767830
v 1.440914 0.576121 0.767830
v 1.433085 0.550585 0.755477
v 1.436403 0.564751 0.755167
v 1.442750 0.574285 0.755809
v 1.990849 0.442799 1.020754
v 1.954736 0.442799 1.053033
v 1.988100 0.442799 1.033107
v 1.980272 0.442799 1.043579
v 1.968556 0.442799 1.050576
v 1.954736 0.586698 1.020754
v 1.954736 0.550585 1.053033
v 1.990849 0.550585 1.020754
v 1.954736 0.583949 1.033107
v 1.954736 0.576121 1.043579
v 1.968556 0.583949 1.020754
v 1.968902 0.580632 1.033416
v 1.968183 0.574285 1.041937
v 1.975586 0.571435 1.039390
v 1.968556 0.550585 1.050576
v 1.980272 0.550585 1.043579
v 1.954736 0.564405 1.050576
v 1.968902 0.564751 1.047611
v 1.978435 0.564033 1.041937
v 1.988100 0.564405 1.020754
v 1.980272 0.576121 1.020754
v 1.988100 0.550585 1.033107
v 1.984782 0.564751 1.033416
v 1.978435 0.574285 1.032774
v 1.954736 0.442799 0.735550
v 1.990849 0.442799 0.767830
v 1.968556 0.442799 0.738007
v 1.980272 0.442799 0.745004
v 1.988100 0.442799 0.755477
v 1.954736 0.586698 0.767830
v 1.990849 0.550585 0.767830
v 1.954736 0.550585 0.735550
v 1.968556 0.583949 0.767830
v 1.980272 0.576121 0.767830
v 1.954736 0.583949 0.755477
v 1.968902 0.580632 0.755167
v 1.978435 0.574285 0.755809
v 1.975586 0.571435 0.749193
v 1.988100 0.550585 0.755477
v 1.980272 0.550585 0.745004
v 1.988100 0.564405 0.767830
v 1.984782 0.564751 0.755167
v 1.978435 0.564033 0.746646
v 1.954736 0.564405 0.738007
v 1.954736 0.576121 0.745004
v 1.968556 0.550585 0.738007
v 1.968902 0.564751 0.740972
v 1.968183 0.574285 0.746646
v 1.466449 0.442799 0.494737
v 1.430337 0.442799 0.462458
v 1.452630 0.442799 0.492280
v 1.440914 0.442799 0.485283
v 1.433085 0.442799 0.474811
v 1.466449 0.550585 0.494737
v 1.466449 0.586698 0.462458
v 1.430337 0.550585 0.462458
v 1.466449 0.564405 0.492280
v 1.466449 0.576121 0.485283
v 1.452630 0.550585 0.492280
v 1.452283 0.564751 0.489315
v 1.453002 0.574285 0.483641
v 1.445600 0.571435 0.481094
v 1.452630 0.583949 0.462458
v 1.440914 0.576121 0.462458
v 1.466449 0.583949 0.474811
v 1.452283 0.580632 0.475120
v 1.442750 0.574285 0.474478
v 1.433085 0.550585 0.474811
v 1.440914 0.550585 0.485283
v 1.433085 0.564405 0.462458
v 1.436403 0.564751 0.475120
v 1.442750 0.564033 0.483641
v 1.430337 0.442799 0.209533
v 1.466449 0.442799 0.177254
v 1.433085 0.442799 0.197181
v 1.440914 0.442799 0.186708
v 1.452630 0.442799 0.179711
v 1.466449 0.586698 0.209533
v 1.466449 0.550585 0.177254
v 1.430337 0.550585 0.209533
v 1.466449 0.583949 0.197181
v 1.466449 0.576121 0.186708
v 1.452630 0.583949 0.209533
v 1.452283 0.580632 0.196871
v 1.453002 0.574285 0.188350
v 1.445600 0.571435 0.190897
v 1.452630 0.550585 0.179711
v 1.440914 0.550585 0.186708
v 1.466449 0.564405 0.179711
v 1.452283 0.564751 0.182676
v 1.442750 0.564033 0.188350
v 1.433085 0.564405 0.209533
v 1.440914 0.576121 0.209533
v 1.433085 0.550585 0.197181
v 1.436403 0.564751 0.196871
v 1.442750 0.574285 0.197513
v 1.990849 0.442799 0.462458
v 1.954736 0.442799 0.494737
v 1.988100 0.442799 0.474811
v 1.980272 0.442799 0.485283
v 1.968556 0.442799 0.492280
v 1.954736 0.586698 0.462458
v 1.954736 0.550585 0.494737
v 1.990849 0.550585 0.462458
v 1.954736 0.583949 0.474811
v 1.954736 0.576121 0.485283
v 1.968556 0.583949 0.462458
v 1.968902 0.580632 0.475120
v 1.968183 0.574285 0.483641
v 1.975586 0.571435 0.481094
v 1.968556 0.550585 0.492280
v 1.980272 0.550585 0.485283
v 1.954736 0.564405 0.492280
v 1.968902 0.564751 0.489315
v 1.978435 0.564033 0.483641
v 1.988100 0.564405 0.462458
v 1.980272 0.576121 0.462458
v 1.988100 0.550585 0.474811
v 1.984782 0.564751 0.475120
v 1.978435 0.574285 0.474478
v 1.954736 0.442799 0.177254
v 1.990849 0.442799 0.209533
v 1.968556 0.442799 0.179711
v 1.980272 0.442799 0.186708
v 1.988100 0.442799 0.197181
v 1.954736 0.586698 0.209533
v 1.990849 0.550585 0.209533
v 1.954736 0.550585 0.177254
v 1.968556 0.583949 0.209533
v 1.980272 0.576121 0.209533
v 1.954736 0.583949 0.197181
v 1.968902 0.580632 0.196871
v 1.978435 0.574285 0.197513
v 1.975586 0.571435 0.190897
v 1.988100 0.550585 0.197181
v 1.980272 0.550585 0.186708
v 1.988100 0.564405 0.209533
v 1.984782 0.564751 0.196871
v 1.978435 0.564033 0.188350
v 1.954736 0.564405 0.179711
v 1.954736 0.576121 0.186708
v 1.968556 0.550585 0.179711
v 1.968902 0.564751 0.182676
v 1.968183 0.574285 0.188350
v -1.950708 0.442799 -0.053933
v -1.986820 0.442799 -0.086213
v -1.964527 0.442799 -0.056390
v -1.976243 0.442799 -0.063387
v -1.984072 0.442799 -0.073860
v -1.950708 0.550585 -0.053933
v -1.950708 0.586698 -0.086213
v -1.986820 0.550585 -0.086213
v -1.950708 0.564405 -0.056390
v -1.950708 0.576121 -0.063387
v -1.964527 0.550585 -0.056390
v -1.964874 0.564751 -0.059355
v -1.964155 0.574285 -0.065029
v -1.971557 0.571435 -0.067576
v -1.964527 0.583949 -0.086213
v -1.976243 0.576121 -0.086213
v -1.950708 0.583949 -0.073860
v -1.964874 0.580632 -0.073550
v -1.974407 0.574285 -0.074193
v -1.984072 0.550585 -0.073860
v -1.976243 0.550585 -0.063387
v -1.984072 0.564405 -0.086213
v -1.980754 0.564751 -0.073550
v -1.974407 0.564033 -0.065029
v -1.986820 0.442799 -0.339137
v -1.950708 0.442799 -0.371417
v -1.984072 0.442799 -0.351490
v -1.976243 0.442799 -0.361962
v -1.964527 0.442799 -0.368959
v -1.950708 0.586698 -0.339137
v -1.950708 0.550585 -0.371417
v -1.986820 0.550585 -0.339137
v -1.950708 0.583949 -0.351490
v -1.950708 0.576121 -0.361962
v -1.964527 0.583949 -0.339137
v -1.964874 0.580632 -0.351799
v -1.964155 0.574285 -0.360321
v -1.971557 0.571435 -0.357774
v -1.964527 0.550585 -0.368959
v -1.976243 0.550585 -0.361962
v -1.950708 0.564405 -0.368959
v -1.964874 0.564751 -0.365994
v -1.974407 0.564033 -0.360321
v -1.984072 0.564405 -0.339137
v -1.976243 0.576121 -0.339137
v -1.984072 0.550585 -0.351490
v -1.980754 0.564751 -0.351799
v -1.974407 0.574285 -0.351157
v -1.426308 0.442799 -0.086213
v -1.462421 0.442799 -0.053933
v -1.429057 0.442799 -0.073860
v -1.436885 0.442799 -0.063387
v -1.448601 0.442799 -0.056390
v -1.462421 0.586698 -0.086213
v -1.462421 0.550585 -0.053933
v -1.426308 0.550585 -0.086213
v -1.462421 0.583949 -0.073860
v -1.462421 0.576121 -0.063387
v -1.448601 0.583949 -0.086213
v -1.448255 0.580632 -0.073550
v -1.448974 0.574285 -0.065029
v -1.441571 0.571435 -0.067576
v -1.448601 0.550585 -0.056390
v -1.436885 0.550585 -0.063387
v -1.462421 0.564405 -0.056390
v -1.448255 0.564751 -0.059355
v -1.438722 0.564033 -0.065029
v -1.429057 0.564405 -0.086213
v -1.436885 0.576121 -0.086213
v -1.429057 0.550585 -0.073860
v -1.432375 0.564751 -0.073550
v -1.438722 0.574285 -0.074193
v -1.462421 0.442799 -0.371417
v -1.426308 0.442799 -0.339137
v -1.448601 0.442799 -0.368959
v -1.436885 0.442799 -0.361962
v -1.429057 0.442799 -0.351490
v -1.462421 0.586698 -0.339137
v -1.426308 0.550585 -0.339137
v -1.462421 0.550585 -0.371417
v -1.448601 0.583949 -0.339137
v -1.436885 0.576121 -0.339137
v -1.462421 0.583949 -0.351490
v -1.448255 0.580632 -0.351799
v -1.438722 0.574285 -0.351157
v -1.441571 0.571435 -0.357774
v -1.429057 0.550585 -0.351490
v -1.436885 0.550585 -0.361962
v -1.429057 0.564405 -0.339137
v -1.432375 0.564751 -0.351799
v -1.438722 0.564033 -0.360321
v -1.462421 0.564405 -0.368959
v -1.462421 0.576121 -0.361962
v -1.448601 0.550585 -0.368959
v -1.448255 0.564751 -0.365994
v -1.448974 0.574285 -0.360321
v -1.941082 0.442799 1.606517
v -1.977195 0.442799 1.574237
v -1.954901 0.442799 1.604059
v -1.966617 0.442799 1.597062
v -1.974446 0.442799 1.586590
v -1.941082 0.550585 1.606517
v -1.941082 0.586698 1.574237
v -1.977195 0.550585 1.574237
v -1.941082 0.564405 1.604059
v -1.941082 0.576121 1.597062
v -1.954901 0.550585 1.604059
v -1.955248 0.564751 1.601094
v -1.954529 0.574285 1.595420
v -1.961931 0.571435 1.592874
v -1.954901 0.583949 1.574237
v -1.966617 0.576121 1.574237
v -1.941082 0.583949 1.586590
v -1.955248 0.580632 1.586899
v -1.964781 0.574285 1.586257
v -1.974446 0.550585 1.586590
v -1.966617 0.550585 1.597062
v -1.974446 0.564405 1.574237
v -1.971128 0.564751 1.586899
v -1.964781 0.564033 1.595420
v -1.977195 0.442799 1.321313
v -1.941082 0.442799 1.289033
v -1.974446 0.442799 1.308960
v -1.966617 0.442799 1.298487
v -1.954901 0.442799 1.291490
v -1.941082 0.586698 1.321313
v -1.941082 0.550585 1.289033
v -1.977195 0.550585 1.321313
v -1.941082 0.583949 1.308960
v -1.941082 0.576121 1.298487
v -1.954901 0.583949 1.321313
v -1.955248 0.580632 1.308650
v -1.954529 0.574285 1.300129
v -1.961931 0.571435 1.302676
v -1.954901 0.550585 1.291490
v -1.966617 0.550585 1.298487
v -1.941082 0.564405 1.291490
v -1.955248 0.564751 1.294456
v -1.964781 0.564033 1.300129
v -1.974446 0.564405 1.321313
v -1.966617 0.576121 1.321313
v -1.974446 0.550585 1.308960
v -1.971128 0.564751 1.308650
v -1.964781 0.574285 1.309293
v -1.416682 0.442799 1.574237
v -1.452795 0.442799 1.606517
v -1.419431 0.442799 1.586590
v -1.427260 0.442799 1.597062
v -1.438975 0.442799 1.604059
v -1.452795 0.586698 1.574237
v -1.452795 0.550585 1.606517
v -1.416682 0.550585 1.574237
v -1.452795 0.583949 1.586590
v -1.452795 0.576121 1.597062
v -1.438975 0.583949 1.574237
v -1.438629 0.580632 1.586899
v -1.439348 0.574285 1.595420
v -1.431946 0.571435 1.592874
v -1.438975 0.550585 1.604059
v -1.427260 0.550585 1.597062
v -1.452795 0.564405 1.604059
v -1.438629 0.564751 1.601094
v -1.429096 0.564033 1.595420
v -1.419431 0.564405 1.574237
v -1.427260 0.576121 1.574237
v -1.419431 0.550585 1.586590
v -1.422749 0.564751 1.586899
v -1.429096 0.574285 1.586257
v -1.452795 0.442799 1.289033
v -1.416682 0.442799 1.321313
v -1.438975 0.442799 1.291490
v -1.427260 0.442799 1.298487
v -1.419431 0.442799 1.308960
v -1.452795 0.586698 1.321313
v -1.416682 0.550585 1.321313
v -1.452795 0.550585 1.289033
v -1.438975 0.583949 1.321313
v -1.427260 0.576121 1.321313
v -1.452795 0.583949 1.308960
v -1.438629 0.580632 1.308650
v -1.429096 0.574285 1.309293
v -1.431946 0.571435 1.302676
v -1.419431 0.550585 1.308960
v -1.427260 0.550585 1.298487
v -1.419431 0.564405 1.321313
v -1.422749 0.564751 1.308650
v -1.429096 0.564033 1.300129
v -1.452795 0.564405 1.291490
v -1.452795 0.576121 1.298487
v -1.438975 0.550585 1.291490
v -1.438629 0.564751 1.294456
v -1.439348 0.574285 1.300129
v 1.461636 0.442799 1.601704
v 1.425524 0.442799 1.569424
v 1.447817 0.442799 1.599247
v 1.436101 0.442799 1.592249
v 1.428272 0.442799 1.581777
v 1.461636 0.550585 1.601704
v 1.461636 0.586698 1.569424
v 1.425524 0.550585 1.569424
v 1.461636 0.564405 1.599247
v 1.461636 0.576121 1.592249
v 1.447817 0.550585 1.599247
v 1.447470 0.564751 1.596281
v 1.448189 0.574285 1.590608
v 1.440787 0.571435 1.588061
v 1.447817 0.583949 1.569424
v 1.436101 0.576121 1.569424
v 1.461636 0.583949 1.581777
v 1.447470 0.580632 1.582086
v 1.437937 0.574285 1.581444
v 1.428272 0.550585 1.581777
v 1.436101 0.550585 1.592249
v 1.428272 0.564405 1.569424
v 1.431590 0.564751 1.582086
v 1.437937 0.564033 1.590608
v 1.425524 0.442799 1.316500
v 1.461636 0.442799 1.284220
v 1.428272 0.442799 1.304147
v 1.436101 0.442799 1.293674
v 1.447817 0.442799 1.286677
v 1.461636 0.586698 1.316500
v 1.461636 0.550585 1.284220
v 1.425524 0.550585 1.316500
v 1.461636 0.583949 1.304147
v 1.461636 0.576121 1.293674
v 1.447817 0.583949 1.316500
v 1.447470 0.580632 1.303837
v 1.448189 0.574285 1.295316
v 1.440787 0.571435 1.297863
v 1.447817 0.550585 1.286677
v 1.436101 0.550585 1.293674
v 1.461636 0.564405 1.286677
v 1.447470 0.564751 1.289643
v 1.437937 0.564033 1.295316
v 1.428272 0.564405 1.316500
v 1.436101 0.576121 1.316500
v 1.428272 0.550585 1.304147
v 1.431590 0.564751 1.303837
v 1.437937 0.574285 1.304480
v 1.986036 0.442799 1.569424
v 1.949923 0.442799 1.601704
v 1.983287 0.442799 1.581777
v 1.975459 0.442799 1.592249
v 1.963743 0.442799 1.599247
v 1.949923 0.586698 1.569424
v 1.949923 0.550585 1.601704
v 1.986036 0.550585 1.569424
v 1.949923 0.583949 1.581777
v 1.949923 0.576121 1.592249
v 1.963743 0.583949 1.569424
v 1.964089 0.580632 1.582086
v 1.963370 0.574285 1.590608
v 1.970773 0.571435 1.588061
v 1.963743 0.550585 1.599247
v 1.975459 0.550585 1.592249
v 1.949923 0.564405 1.599247
v 1.964089 0.564751 1.596281
v 1.973622 0.564033 1.590608
v 1.983287 0.564405 1.569424
v 1.975459 0.576121 1.569424
v 1.983287 0.550585 1.581777
v 1.979969 0.564751 1.582086
v 1.973622 0.574285 1.581444
v 1.949923 0.442799 1.284220
v 1.986036 0.442799 1.316500
v 1.963743 0.442799 1.286677
v 1.975459 0.442799 1.293674
v 1.983287 0.442799 1.304147
v 1.949923 0.586698 1.316500
v 1.986036 0.550585 1.316500
v 1.949923 0.550585 1.284220
v 1.963743 0.583949 1.316500
v 1.975459 0.576121 1.316500
v 1.949923 0.583949 1.304147
v 1.964089 0.580632 1.303837
v 1.973622 0.574285 1.304480
v 1.970773 0.571435 1.297863
v 1.983287 0.550585 1.304147
v 1.975459 0.550585 1.293674
v 1.983287 0.564405 1.316500
v 1.979969 0.564751 1.303837
v 1.973622 0.564033 1.295316
v 1.949923 0.564405 1.286677
v 1.949923 0.576121 1.293674
v 1.963743 0.550585 1.286677
v 1.964089 0.564751 1.289643
v 1.963370 0.574285 1.295316
v 1.452011 0.442799 -0.053933
v 1.415898 0.442799 -0.086213
v 1.438191 0.442799 -0.056390
v 1.426475 0.442799 -0.063388
v 1.418647 0.442799 -0.073860
v 1.452011 0.550585 -0.053933
v 1.452011 0.586698 -0.086213
v 1.415898 0.550585 -0.086213
v 1.452011 0.564405 -0.056390
v 1.452011 0.576121 -0.063388
v 1.438191 0.550585 -0.056390
v 1.437844 0.564751 -0.059356
v 1.438563 0.574285 -0.065029
v 1.431161 0.571435 -0.067576
v 1.438191 0.583949 -0.086213
v 1.426475 0.576121 -0.086213
v 1.452011 0.583949 -0.073860
v 1.437844 0.580632 -0.073550
v 1.428311 0.574285 -0.074193
v 1.418646 0.550585 -0.073860
v 1.426475 0.550585 -0.063388
v 1.418646 0.564405 -0.086213
v 1.421964 0.564751 -0.073550
v 1.428311 0.564033 -0.065029
v 1.415898 0.442799 -0.339137
v 1.452011 0.442799 -0.371417
v 1.418647 0.442799 -0.351490
v 1.426475 0.442799 -0.361962
v 1.438191 0.442799 -0.368960
v 1.452011 0.586698 -0.339137
v 1.452011 0.550585 -0.371417
v 1.415898 0.550585 -0.339137
v 1.452011 0.583949 -0.351490
v 1.452011 0.576121 -0.361962
v 1.438191 0.583949 -0.339137
v 1.437844 0.580632 -0.351799
v 1.438563 0.574285 -0.360321
v 1.431161 0.571435 -0.357774
v 1.438191 0.550585 -0.368960
v 1.426475 0.550585 -0.361962
v 1.452011 0.564405 -0.368960
v 1.437844 0.564751 -0.365994
v 1.428311 0.564033 -0.360321
v 1.418646 0.564405 -0.339137
v 1.426475 0.576121 -0.339137
v 1.418646 0.550585 -0.351490
v 1.421964 0.564751 -0.351799
v 1.428311 0.574285 -0.351157
v 1.976410 0.442799 -0.086213
v 1.940297 0.442799 -0.053933
v 1.973661 0.442799 -0.073860
v 1.965833 0.442799 -0.063388
v 1.954117 0.442799 -0.056390
v 1.940297 0.586698 -0.086213
v 1.940297 0.550585 -0.053933
v 1.976410 0.550585 -0.086213
v 1.940297 0.583949 -0.073860
v 1.940297 0.576121 -0.063388
v 1.954117 0.583949 -0.086213
v 1.954463 0.580632 -0.073550
v 1.953744 0.574285 -0.065029
v 1.961147 0.571435 -0.067576
v 1.954117 0.550585 -0.056390
v 1.965833 0.550585 -0.063388
v 1.940297 0.564405 -0.056390
v 1.954463 0.564751 -0.059356
v 1.963996 0.564033 -0.065029
v 1.973661 0.564405 -0.086213
v 1.965833 0.576121 -0.086213
v 1.973661 0.550585 -0.073860
v 1.970343 0.564751 -0.073550
v 1.963996 0.574285 -0.074193
v 1.940297 0.442799 -0.371417
v 1.976410 0.442799 -0.339137
v 1.954117 0.442799 -0.368960
v 1.965833 0.442799 -0.361962
v 1.973661 0.442799 -0.351490
v 1.940297 0.586698 -0.339137
v 1.976410 0.550585 -0.339137
v 1.940297 0.550585 -0.371417
v 1.954117 0.583949 -0.339137
v 1.965833 0.576121 -0.339137
v 1.940297 0.583949 -0.351490
v 1.954463 0.580632 -0.351799
v 1.963996 0.574285 -0.351157
v 1.961147 0.571435 -0.357774
v 1.973661 0.550585 -0.351490
v 1.965833 0.550585 -0.361962
v 1.973661 0.564405 -0.339137
v 1.970343 0.564751 -0.351799
v 1.963996 0.564033 -0.360321
v 1.940297 0.564405 -0.368960
v 1.940297 0.576121 -0.361962
v 1.954117 0.550585 -0.368960
v 1.954463 0.564751 -0.365994
v 1.953744 0.574285 -0.360321
vt 0.770954 0.719116
vt 0.770954 0.719116
vt 0.668458 0.719116
vt 0.668458 0.719116
vt 0.778535 0.778983
vt 0.778535 0.778983
vt 0.778535 0.725891
vt 0.778535 0.725891
vt 0.770954 0.778983
vt 0.668458 0.778983
vt 0.668458 0.725891
vt 0.770954 0.725891
vt 0.660878 0.725891
vt 0.660878 0.725891
vt 0.660878 0.778983
vt 0.660878 0.778983
vt 0.668458 0.785758
vt 0.668458 0.785758
vt 0.770954 0.785758
vt 0.770954 0.785758
vt 0.668458 0.719631
vt 0.665485 0.720254
vt 0.665558 0.719631
vt 0.668458 0.721100
vt 0.665636 0.721445
vt 0.663484 0.721445
vt 0.663098 0.721100
vt 0.664082 0.721979
vt 0.665558 0.725891
vt 0.665485 0.723233
vt 0.668458 0.723298
vt 0.663098 0.725891
vt 0.663484 0.723368
vt 0.661455 0.723298
vt 0.662151 0.723233
vt 0.661455 0.725891
vt 0.668458 0.781576
vt 0.665485 0.781641
vt 0.665558 0.778983
vt 0.668458 0.783774
vt 0.665636 0.783429
vt 0.663484 0.781506
vt 0.663098 0.778983
vt 0.664082 0.782895
vt 0.665558 0.785243
vt 0.665485 0.784620
vt 0.668458 0.785243
vt 0.663098 0.783774
vt 0.663484 0.783429
vt 0.661455 0.778983
vt 0.662151 0.781641
vt 0.661455 0.781576
vt 0.770954 0.723298
vt 0.773928 0.723233
vt 0.773855 0.725891
vt 0.770954 0.721100
vt 0.773777 0.721445
vt 0.775929 0.723368
vt 0.776315 0.725891
vt 0.775331 0.721979
vt 0.773855 0.719631
vt 0.773928 0.720254
vt 0.770954 0.719631
vt 0.776315 0.721100
vt 0.775929 0.721445
vt 0.777958 0.725891
vt 0.777261 0.723233
vt 0.777958 0.723298
vt 0.773855 0.778983
vt 0.773928 0.781641
vt 0.770954 0.781576
vt 0.776315 0.778983
vt 0.775929 0.781506
vt 0.773777 0.783429
vt 0.770954 0.783774
vt 0.775331 0.782895
vt 0.777958 0.781576
vt 0.777261 0.781641
vt 0.777958 0.778983
vt 0.776315 0.783774
vt 0.775929 0.783429
vt 0.770954 0.785243
vt 0.773928 0.784620
vt 0.773855 0.785243
vt 0.665558 0.719631
vt 0.663098 0.721100
vt 0.661455 0.723298
vt 0.665558 0.785243
vt 0.663098 0.783774
vt 0.661455 0.781576
vt 0.777958 0.781576
vt 0.776315 0.783774
vt 0.773855 0.785243
vt 0.773855 0.719631
vt 0.776315 0.721100
vt 0.777958 0.723298
vt 0.483690 0.369157
vt 0.483690 0.369157
vt 0.381195 0.369157
vt 0.381195 0.369157
vt 0.491271 0.429024
vt 0.491271 0.429024
vt 0.491271 0.375933
vt 0.491271 0.375933
vt 0.483690 0.429024
vt 0.381195 0.429024
vt 0.381195 0.375933
vt 0.483690 0.375933
vt 0.373614 0.375933
vt 0.373614 0.375933
vt 0.373614 0.429024
vt 0.373614 0.429024
vt 0.381195 0.435800
vt 0.381195 0.435800
vt 0.483690 0.435800
vt 0.483690 0.435800
vt 0.381195 0.369673
vt 0.378221 0.370295
vt 0.378294 0.369673
vt 0.381195 0.371142
vt 0.378372 0.371486
vt 0.376220 0.371486
vt 0.375834 0.371142
vt 0.376818 0.372021
vt 0.378294 0.375933
vt 0.378221 0.373275
vt 0.381195 0.373340
vt 0.375834 0.375933
vt 0.376220 0.373410
vt 0.374191 0.373340
vt 0.374887 0.373275
vt 0.374191 0.375933
vt 0.381195 0.431617
vt 0.378221 0.431682
vt 0.378294 0.429024
vt 0.381195 0.433815
vt 0.378372 0.433471
vt 0.376220 0.431547
vt 0.375834 0.429024
vt 0.376818 0.432936
vt 0.378294 0.435284
vt 0.378221 0.434662
vt 0.381195 0.435284
vt 0.375834 0.433815
vt 0.376220 0.433471
vt 0.374191 0.429024
vt 0.374887 0.431682
vt 0.374191 0.431617
vt 0.483690 0.373340
vt 0.486664 0.373275
vt 0.486591 0.375933
vt 0.483690 0.371142
vt 0.486513 0.371486
vt 0.488665 0.373410
vt 0.489051 0.375933
vt 0.488067 0.372021
vt 0.486591 0.369673
vt 0.486664 0.370295
vt 0.483690 0.369673
vt 0.489051 0.371142
vt 0.488665 0.371486
vt 0.490694 0.375933
vt 0.489997 0.373275
vt 0.490694 0.373340
vt 0.486591 0.429024
vt 0.486664 0.431682
vt 0.483690 0.431617
vt 0.489051 0.429024
vt 0.488665 0.431547
vt 0.486513 0.433471
vt 0.483690 0.433815
vt 0.488067 0.432936
vt 0.490694 0.431617
vt 0.489997 0.431682
vt 0.490694 0.429024
vt 0.489051 0.433815
vt 0.488665 0.433471
vt 0.483690 0.435284
vt 0.486664 0.434662
vt 0.486591 0.435284
vt 0.378294 0.369673
vt 0.375834 0.371142
vt 0.374191 0.373340
vt 0.378294 0.435284
vt 0.375834 0.433815
vt 0.374191 0.431617
vt 0.490694 0.431617
vt 0.489051 0.433815
vt 0.486591 0.435284
vt 0.486591 0.369673
vt 0.489051 0.371142
vt 0.490694 0.373340
vt 0.341588 0.369157
vt 0.341588 0.369157
vt 0.239093 0.369157
vt 0.239093 0.369157
vt 0.349169 0.429024
vt 0.349169 0.429024
vt 0.349169 0.375933
vt 0.349169 0.375933
vt 0.341588 0.429024
vt 0.239093 0.429024
vt 0.239093 0.375933
vt 0.341588 0.375933
vt 0.231512 0.375933
vt 0.231512 0.375933
vt 0.231512 0.429024
vt 0.231512 0.429024
vt 0.239093 0.435800
vt 0.239093 0.435800
vt 0.341588 0.435800
vt 0.341588 0.435800
vt 0.239093 0.369673
vt 0.236119 0.370295
vt 0.236192 0.369673
vt 0.239093 0.371142
vt 0.236270 0.371486
vt 0.234118 0.371486
vt 0.233732 0.371142
vt 0.234716 0.372021
vt 0.236192 0.375933
vt 0.236119 0.373275
vt 0.239093 0.373340
vt 0.233732 0.375933
vt 0.234118 0.373410
vt 0.232089 0.373340
vt 0.232786 0.373275
vt 0.232089 0.375933
vt 0.239093 0.431617
vt 0.236119 0.431682
vt 0.236192 0.429024
vt 0.239093 0.433815
vt 0.236270 0.433471
vt 0.234118 0.431547
vt 0.233732 0.429024
vt 0.234716 0.432936
vt 0.236192 0.435284
vt 0.236119 0.434662
vt 0.239093 0.435284
vt 0.233732 0.433815
vt 0.234118 0.433471
vt 0.232089 0.429024
vt 0.232786 0.431682
vt 0.232089 0.431617
vt 0.341588 0.373340
vt 0.344562 0.373275
vt 0.344489 0.375933
vt 0.341588 0.371142
vt 0.344411 0.371486
vt 0.346563 0.373410
vt 0.346949 0.375933
vt 0.345965 0.372021
vt 0.344489 0.369673
vt 0.344562 0.370295
vt 0.341588 0.369673
vt 0.346949 0.371142
vt 0.346563 0.371486
vt 0.348592 0.375933
vt 0.347895 0.373275
vt 0.348592 0.373340
vt 0.344489 0.429024
vt 0.344562 0.431682
vt 0.341588 0.431617
vt 0.346949 0.429024
vt 0.346563 0.431547
vt 0.344411 0.433471
vt 0.341588 0.433815
vt 0.345965 0.432936
vt 0.348592 0.431617
vt 0.347895 0.431682
vt 0.348592 0.429024
vt 0.346949 0.433815
vt 0.346563 0.433471
vt 0.341588 0.435284
vt 0.344562 0.434662
vt 0.344489 0.435284
vt 0.236192 0.369673
vt 0.233732 0.371142
vt 0.232089 0.373340
vt 0.236192 0.435284
vt 0.233732 0.433815
vt 0.232089 0.431617
vt 0.348592 0.431617
vt 0.346949 0.433815
vt 0.344489 0.435284
vt 0.344489 0.369673
vt 0.346949 0.371142
vt 0.348592 0.373340
vt 0.627146 0.369157
vt 0.627146 0.369157
vt 0.524650 0.369157
vt 0.524650 0.369157
vt 0.634726 0.429024
vt 0.634726 0.429024
vt 0.634726 0.375933
vt 0.634726 0.375933
vt 0.627146 0.429024
vt 0.524650 0.429024
vt 0.524650 0.375933
vt 0.627146 0.375933
vt 0.517069 0.375933
vt 0.517069 0.375933
vt 0.517069 0.429024
vt 0.517069 0.429024
vt 0.524650 0.435800
vt 0.524650 0.435800
vt 0.627146 0.435800
vt 0.627146 0.435800
vt 0.524650 0.369673
vt 0.521676 0.370295
vt 0.521749 0.369673
vt 0.524650 0.371142
vt 0.521827 0.371486
vt 0.519675 0.371486
vt 0.519290 0.371142
vt 0.520273 0.372021
vt 0.521749 0.375933
vt 0.521676 0.373275
vt 0.524650 0.373340
vt 0.519290 0.375933
vt 0.519675 0.373410
vt 0.517646 0.373340
vt 0.518343 0.373275
vt 0.517646 0.375933
vt 0.524650 0.431617
vt 0.521676 0.431682
vt 0.521749 0.429024
vt 0.524650 0.433815
vt 0.521827 0.433471
vt 0.519675 0.431547
vt 0.519290 0.429024
vt 0.520273 0.432936
vt 0.521749 0.435284
vt 0.521676 0.434662
vt 0.524650 0.435284
vt 0.519290 0.433815
vt 0.519675 0.433471
vt 0.517646 0.429024
vt 0.518343 0.431682
vt 0.517646 0.431617
vt 0.627146 0.373340
vt 0.630119 0.373275
vt 0.630047 0.375933
vt 0.627146 0.371142
vt 0.629969 0.371486
vt 0.632121 0.373410
vt 0.632506 0.375933
vt 0.631522 0.372021
vt 0.630047 0.369673
vt 0.630119 0.370295
vt 0.627146 0.369673
vt 0.632506 0.371142
vt 0.632121 0.371486
vt 0.634149 0.375933
vt 0.633453 0.373275
vt 0.634149 0.373340
vt 0.630047 0.429024
vt 0.630119 0.431682
vt 0.627146 0.431617
vt 0.632506 0.429024
vt 0.632121 0.431547
vt 0.629969 0.433471
vt 0.627146 0.433815
vt 0.631522 0.432936
vt 0.634149 0.431617
vt 0.633453 0.431682
vt 0.634149 0.429024
vt 0.632506 0.433815
vt 0.632121 0.433471
vt 0.627146 0.435284
vt 0.630119 0.434662
vt 0.630047 0.435284
vt 0.521749 0.369673
vt 0.519290 0.371142
vt 0.517646 0.373340
vt 0.521749 0.435284
vt 0.519290 0.433815
vt 0.517646 0.431617
vt 0.634149 0.431617
vt 0.632506 0.433815
vt 0.630047 0.435284
vt 0.630047 0.369673
vt 0.632506 0.371142
vt 0.634149 0.373340
vt 0.770969 0.369157
vt 0.770969 0.369157
vt 0.668473 0.369157
vt 0.668473 0.369157
vt 0.778550 0.429024
vt 0.778550 0.429024
vt 0.778550 0.375933
vt 0.778550 0.375933
vt 0.770969 0.429024
vt 0.668473 0.429024
vt 0.668473 0.375933
vt 0.770969 0.375933
vt 0.660893 0.375933
vt 0.660893 0.375933
vt 0.660893 0.429024
vt 0.660893 0.429024
vt 0.668473 0.435800
vt 0.668473 0.435800
vt 0.770969 0.435800
vt 0.770969 0.435800
vt 0.668473 0.369673
vt 0.665500 0.370295
vt 0.665573 0.369673
vt 0.668473 0.371142
vt 0.665651 0.371486
vt 0.663499 0.371486
vt 0.663113 0.371142
vt 0.664097 0.372021
vt 0.665573 0.375933
vt 0.665500 0.373275
vt 0.668473 0.373340
vt 0.663113 0.375933
vt 0.663499 0.373410
vt 0.661470 0.373340
vt 0.662166 0.373275
vt 0.661470 0.375933
vt 0.668473 0.431617
vt 0.665500 0.431682
vt 0.665573 0.429024
vt 0.668473 0.433815
vt 0.665651 0.433471
vt 0.663499 0.431547
vt 0.663113 0.429024
vt 0.664097 0.432936
vt 0.665573 0.435284
vt 0.665500 0.434662
vt 0.668473 0.435284
vt 0.663113 0.433815
vt 0.663499 0.433471
vt 0.661470 0.429024
vt 0.662166 0.431682
vt 0.661470 0.431617
vt 0.770969 0.373340
vt 0.773943 0.373275
vt 0.773870 0.375933
vt 0.770969 0.371142
vt 0.773792 0.371486
vt 0.775944 0.373410
vt 0.776330 0.375933
vt 0.775346 0.372021
vt 0.773870 0.369673
vt 0.773943 0.370295
vt 0.770969 0.369673
vt 0.776330 0.371142
vt 0.775944 0.371486
vt 0.777973 0.375933
vt 0.777276 0.373275
vt 0.777973 0.373340
vt 0.773870 0.429024
vt 0.773943 0.431682
vt 0.770969 0.431617
vt 0.776330 0.429024
vt 0.775944 0.431547
vt 0.773792 0.433471
vt 0.770969 0.433815
vt 0.775346 0.432936
vt 0.777973 0.431617
vt 0.777276 0.431682
vt 0.777973 0.429024
vt 0.776330 0.433815
vt 0.775944 0.433471
vt 0.770969 0.435284
vt 0.773943 0.434662
vt 0.773870 0.435284
vt 0.665573 0.369673
vt 0.663113 0.371142
vt 0.661470 0.373340
vt 0.665573 0.435284
vt 0.663113 0.433815
vt 0.661470 0.431617
vt 0.777973 0.431617
vt 0.776330 0.433815
vt 0.773870 0.435284
vt 0.773870 0.369673
vt 0.776330 0.371142
vt 0.777973 0.373340
vt 0.483690 0.484086
vt 0.483690 0.484086
vt 0.381195 0.484086
vt 0.381195 0.484086
vt 0.491271 0.543953
vt 0.491271 0.543953
vt 0.491271 0.490862
vt 0.491271 0.490862
vt 0.483690 0.543953
vt 0.381195 0.543953
vt 0.381195 0.490862
vt 0.483690 0.490862
vt 0.373614 0.490862
vt 0.373614 0.490862
vt 0.373614 0.543953
vt 0.373614 0.543953
vt 0.381195 0.550728
vt 0.381195 0.550728
vt 0.483690 0.550728
vt 0.483690 0.550728
vt 0.381195 0.484601
vt 0.378221 0.485224
vt 0.378294 0.484601
vt 0.381195 0.486070
vt 0.378372 0.486415
vt 0.376220 0.486415
vt 0.375834 0.486070
vt 0.376818 0.486949
vt 0.378294 0.490862
vt 0.378221 0.488204
vt 0.381195 0.488268
vt 0.375834 0.490862
vt 0.376220 0.488338
vt 0.374191 0.488268
vt 0.374887 0.488204
vt 0.374191 0.490862
vt 0.381195 0.546546
vt 0.378221 0.546611
vt 0.378294 0.543953
vt 0.381195 0.548744
vt 0.378372 0.548399
vt 0.376220 0.546476
vt 0.375834 0.543953
vt 0.376818 0.547865
vt 0.378294 0.550213
vt 0.378221 0.549590
vt 0.381195 0.550213
vt 0.375834 0.548744
vt 0.376220 0.548399
vt 0.374191 0.543953
vt 0.374887 0.546611
vt 0.374191 0.546546
vt 0.483690 0.488268
vt 0.486664 0.488204
vt 0.486591 0.490862
vt 0.483690 0.486070
vt 0.486513 0.486415
vt 0.488665 0.488338
vt 0.489051 0.490862
vt 0.488067 0.486949
vt 0.486591 0.484601
vt 0.486664 0.485224
vt 0.483690 0.484601
vt 0.489051 0.486070
vt 0.488665 0.486415
vt 0.490694 0.490862
vt 0.489997 0.488204
vt 0.490694 0.488268
vt 0.486591 0.543953
vt 0.486664 0.546611
vt 0.483690 0.546546
vt 0.489051 0.543953
vt 0.488665 0.546476
vt 0.486513 0.548399
vt 0.483690 0.548744
vt 0.488067 0.547865
vt 0.490694 0.546546
vt 0.489997 0.546611
vt 0.490694 0.543953
vt 0.489051 0.548744
vt 0.488665 0.548399
vt 0.483690 0.550213
vt 0.486664 0.549590
vt 0.486591 0.550213
vt 0.378294 0.484601
vt 0.375834 0.486070
vt 0.374191 0.488268
vt 0.378294 0.550213
vt 0.375834 0.548744
vt 0.374191 0.546546
vt 0.490694 0.546546
vt 0.489051 0.548744
vt 0.486591 0.550213
vt 0.486591 0.484601
vt 0.489051 0.486070
vt 0.490694 0.488268
vt 0.341588 0.484086
vt 0.341588 0.484086
vt 0.239093 0.484086
vt 0.239093 0.484086
vt 0.349169 0.543953
vt 0.349169 0.543953
vt 0.349169 0.490862
vt 0.349169 0.490862
vt 0.341588 0.543953
vt 0.239093 0.543953
vt 0.239093 0.490862
vt 0.341588 0.490862
vt 0.231512 0.490862
vt 0.231512 0.490862
vt 0.231512 0.543953
vt 0.231512 0.543953
vt 0.239093 0.550728
vt 0.239093 0.550728
vt 0.341588 0.550728
vt 0.341588 0.550728
vt 0.239093 0.484601
vt 0.236119 0.485224
vt 0.236192 0.484601
vt 0.239093 0.486070
vt 0.236270 0.486415
vt 0.234118 0.486415
vt 0.233732 0.486070
vt 0.234716 0.486949
vt 0.236192 0.490862
vt 0.236119 0.488204
vt 0.239093 0.488268
vt 0.233732 0.490862
vt 0.234118 0.488338
vt 0.232089 0.488268
vt 0.232786 0.488204
vt 0.232089 0.490862
vt 0.239093 0.546546
vt 0.236119 0.546611
vt 0.236192 0.543953
vt 0.239093 0.548744
vt 0.236270 0.548399
vt 0.234118 0.546476
vt 0.233732 0.543953
vt 0.234716 0.547865
vt 0.236192 0.550213
vt 0.236119 0.549590
vt 0.239093 0.550213
vt 0.233732 0.548744
vt 0.234118 0.548399
vt 0.232089 0.543953
vt 0.232786 0.546611
vt 0.232089 0.546546
vt 0.341588 0.488268
vt 0.344562 0.488204
vt 0.344489 0.490862
vt 0.341588 0.486070
vt 0.344411 0.486415
vt 0.346563 0.488338
vt 0.346949 0.490862
vt 0.345965 0.486949
vt 0.344489 0.484601
vt 0.344562 0.485224
vt 0.341588 0.484601
vt 0.346949 0.486070
vt 0.346563 0.486415
vt 0.348592 0.490862
vt 0.347895 0.488204
vt 0.348592 0.488268
vt 0.344489 0.543953
vt 0.344562 0.546611
vt 0.341588 0.546546
vt 0.346949 0.543953
vt 0.346563 0.546476
vt 0.344411 0.548399
vt 0.341588 0.548744
vt 0.345965 0.547865
vt 0.348592 0.546546
vt 0.347895 0.546611
vt 0.348592 0.543953
vt 0.346949 0.548744
vt 0.346563 0.548399
vt 0.341588 0.550213
vt 0.344562 0.549590
vt 0.344489 0.550213
vt 0.236192 0.484601
vt 0.233732 0.486070
vt 0.232089 0.488268
vt 0.236192 0.550213
vt 0.233732 0.548744
vt 0.232089 0.546546
vt 0.348592 0.546546
vt 0.346949 0.548744
vt 0.344489 0.550213
vt 0.344489 0.484601
vt 0.346949 0.486070
vt 0.348592 0.488268
vt 0.627146 0.484086
vt 0.627146 0.484086
vt 0.524650 0.484086
vt 0.524650 0.484086
vt 0.634726 0.543953
vt 0.634726 0.543953
vt 0.634726 0.490862
vt 0.634726 0.490862
vt 0.627146 0.543953
vt 0.524650 0.543953
vt 0.524650 0.490862
vt 0.627146 0.490862
vt 0.517069 0.490862
vt 0.517069 0.490862
vt 0.517069 0.543953
vt 0.517069 0.543953
vt 0.524650 0.550728
vt 0.524650 0.550728
vt 0.627146 0.550728
vt 0.627146 0.550728
vt 0.524650 0.484601
vt 0.521676 0.485224
vt 0.521749 0.484601
vt 0.524650 0.486070
vt 0.521827 0.486415
vt 0.519675 0.486415
vt 0.519290 0.486070
vt 0.520273 0.486949
vt 0.521749 0.490862
vt 0.521676 0.488204
vt 0.524650 0.488268
vt 0.519290 0.490862
vt 0.519675 0.488338
vt 0.517646 0.488268
vt 0.518343 0.488204
vt 0.517646 0.490862
vt 0.524650 0.546546
vt 0.521676 0.546611
vt 0.521749 0.543953
vt 0.524650 0.548744
vt 0.521827 0.548399
vt 0.519675 0.546476
vt 0.519290 0.543953
vt 0.520273 0.547865
vt 0.521749 0.550213
vt 0.521676 0.549590
vt 0.524650 0.550213
vt 0.519290 0.548744
vt 0.519675 0.548399
vt 0.517646 0.543953
vt 0.518343 0.546611
vt 0.517646 0.546546
vt 0.627146 0.488268
vt 0.630119 0.488204
vt 0.630047 0.490862
vt 0.627146 0.486070
vt 0.629969 0.486415
vt 0.632121 0.488338
vt 0.632506 0.490862
vt 0.631522 0.486949
vt 0.630047 0.484601
vt 0.630119 0.485224
vt 0.627146 0.484601
vt 0.632506 0.486070
vt 0.632121 0.486415
vt 0.634149 0.490862
vt 0.633453 0.488204
vt 0.634149 0.488268
vt 0.630047 0.543953
vt 0.630119 0.546611
vt 0.627146 0.546546
vt 0.632506 0.543953
vt 0.632121 0.546476
vt 0.629969 0.548399
vt 0.627146 0.548744
vt 0.631522 0.547865
vt 0.634149 0.546546
vt 0.633453 0.546611
vt 0.634149 0.543953
vt 0.632506 0.548744
vt 0.632121 0.548399
vt 0.627146 0.550213
vt 0.630119 0.549590
vt 0.630047 0.550213
vt 0.521749 0.484601
vt 0.519290 0.486070
vt 0.517646 0.488268
vt 0.521749 0.550213
vt 0.519290 0.548744
vt 0.517646 0.546546
vt 0.634149 0.546546
vt 0.632506 0.548744
vt 0.630047 0.550213
vt 0.630047 0.484601
vt 0.632506 0.486070
vt 0.634149 0.488268
vt 0.770969 0.484086
vt 0.770969 0.484086
vt 0.668473 0.484086
vt 0.668473 0.484086
vt 0.778550 0.543953
vt 0.778550 0.543953
vt 0.778550 0.490862
vt 0.778550 0.490862
vt 0.770969 0.543953
vt 0.668473 0.543953
vt 0.668473 0.490862
vt 0.770969 0.490862
vt 0.660893 0.490862
vt 0.660893 0.490862
vt 0.660893 0.543953
vt 0.660893 0.543953
vt 0.668473 0.550728
vt 0.668473 0.550728
vt 0.770969 0.550728
vt 0.770969 0.550728
vt 0.668473 0.484601
vt 0.665500 0.485224
vt 0.665573 0.484601
vt 0.668473 0.486070
vt 0.665651 0.486415
vt 0.663499 0.486415
vt 0.663113 0.486070
vt 0.664097 0.486949
vt 0.665573 0.490862
vt 0.665500 0.488204
vt 0.668473 0.488268
vt 0.663113 0.490862
vt 0.663499 0.488338
vt 0.661470 0.488268
vt 0.662166 0.488204
vt 0.661470 0.490862
vt 0.668473 0.546546
vt 0.665500 0.546611
vt 0.665573 0.543953
vt 0.668473 0.548744
vt 0.665651 0.548399
vt 0.663499 0.546476
vt 0.663113 0.543953
vt 0.664097 0.547865
vt 0.665573 0.550213
vt 0.665500 0.549590
vt 0.668473 0.550213
vt 0.663113 0.548744
vt 0.663499 0.548399
vt 0.661470 0.543953
vt 0.662166 0.546611
vt 0.661470 0.546546
vt 0.770969 0.488268
vt 0.773943 0.488204
vt 0.773870 0.490862
vt 0.770969 0.486070
vt 0.773792 0.486415
vt 0.775944 0.488338
vt 0.776330 0.490862
vt 0.775346 0.486949
vt 0.773870 0.484601
vt 0.773943 0.485224
vt 0.770969 0.484601
vt 0.776330 0.486070
vt 0.775944 0.486415
vt 0.777973 0.490862
vt 0.777276 0.488204
vt 0.777973 0.488268
vt 0.773870 0.543953
vt 0.773943 0.546611
vt 0.770969 0.546546
vt 0.776330 0.543953
vt 0.775944 0.546476
vt 0.773792 0.548399
vt 0.770969 0.548744
vt 0.775346 0.547865
vt 0.777973 0.546546
vt 0.777276 0.546611
vt 0.777973 0.543953
vt 0.776330 0.548744
vt 0.775944 0.548399
vt 0.770969 0.550213
vt 0.773943 0.549590
vt 0.773870 0.550213
vt 0.665573 0.484601
vt 0.663113 0.486070
vt 0.661470 0.488268
vt 0.665573 0.550213
vt 0.663113 0.548744
vt 0.661470 0.546546
vt 0.777973 0.546546
vt 0.776330 0.548744
vt 0.773870 0.550213
vt 0.773870 0.484601
vt 0.776330 0.486070
vt 0.777973 0.488268
vt 0.483690 0.601924
vt 0.483690 0.601924
vt 0.381195 0.601924
vt 0.381195 0.601924
vt 0.491271 0.661791
vt 0.491271 0.661791
vt 0.491271 0.608700
vt 0.491271 0.608700
vt 0.483690 0.661791
vt 0.381195 0.661791
vt 0.381195 0.608700
vt 0.483690 0.608700
vt 0.373614 0.608700
vt 0.373614 0.608700
vt 0.373614 0.661791
vt 0.373614 0.661791
vt 0.381195 0.668567
vt 0.381195 0.668567
vt 0.483690 0.668567
vt 0.483690 0.668567
vt 0.381195 0.602440
vt 0.378221 0.603062
vt 0.378294 0.602440
vt 0.381195 0.603909
vt 0.378372 0.604253
vt 0.376220 0.604253
vt 0.375834 0.603909
vt 0.376818 0.604788
vt 0.378294 0.608700
vt 0.378221 0.606042
vt 0.381195 0.606107
vt 0.375834 0.608700
vt 0.376220 0.606177
vt 0.374191 0.606107
vt 0.374887 0.606042
vt 0.374191 0.608700
vt 0.381195 0.664384
vt 0.378221 0.664449
vt 0.378294 0.661791
vt 0.381195 0.666582
vt 0.378372 0.666238
vt 0.376220 0.664314
vt 0.375834 0.661791
vt 0.376818 0.665703
vt 0.378294 0.668051
vt 0.378221 0.667428
vt 0.381195 0.668051
vt 0.375834 0.666582
vt 0.376220 0.666238
vt 0.374191 0.661791
vt 0.374887 0.664449
vt 0.374191 0.664384
vt 0.483690 0.606107
vt 0.486664 0.606042
vt 0.486591 0.608700
vt 0.483690 0.603909
vt 0.486513 0.604253
vt 0.488665 0.606177
vt 0.489051 0.608700
vt 0.488067 0.604788
vt 0.486591 0.602440
vt 0.486664 0.603062
vt 0.483690 0.602440
vt 0.489051 0.603909
vt 0.488665 0.604253
vt 0.490694 0.608700
vt 0.489997 0.606042
vt 0.490694 0.606107
vt 0.486591 0.661791
vt 0.486664 0.664449
vt 0.483690 0.664384
vt 0.489051 0.661791
vt 0.488665 0.664314
vt 0.486513 0.666238
vt 0.483690 0.666582
vt 0.488067 0.665703
vt 0.490694 0.664384
vt 0.489997 0.664449
vt 0.490694 0.661791
vt 0.489051 0.666582
vt 0.488665 0.666238
vt 0.483690 0.668051
vt 0.486664 0.667428
vt 0.486591 0.668051
vt 0.378294 0.602440
vt 0.375834 0.603909
vt 0.374191 0.606107
vt 0.378294 0.668051
vt 0.375834 0.666582
vt 0.374191 0.664384
vt 0.490694 0.664384
vt 0.489051 0.666582
vt 0.486591 0.668051
vt 0.486591 0.602440
vt 0.489051 0.603909
vt 0.490694 0.606107
vt 0.341588 0.601924
vt 0.341588 0.601924
vt 0.239093 0.601924
vt 0.239093 0.601924
vt 0.349169 0.661791
vt 0.349169 0.661791
vt 0.349169 0.608700
vt 0.349169 0.608700
vt 0.341588 0.661791
vt 0.239093 0.661791
vt 0.239093 0.608700
vt 0.341588 0.608700
vt 0.231512 0.608700
vt 0.231512 0.608700
vt 0.231512 0.661791
vt 0.231512 0.661791
vt 0.239093 0.668567
vt 0.239093 0.668567
vt 0.341588 0.668567
vt 0.341588 0.668567
vt 0.239093 0.602440
vt 0.236119 0.603062
vt 0.236192 0.602440
vt 0.239093 0.603909
vt 0.236270 0.604253
vt 0.234118 0.604253
vt 0.233732 0.603909
vt 0.234716 0.604788
vt 0.236192 0.608700
vt 0.236119 0.606042
vt 0.239093 0.606107
vt 0.233732 0.608700
vt 0.234118 0.606177
vt 0.232089 0.606107
vt 0.232786 0.606042
vt 0.232089 0.608700
vt 0.239093 0.664384
vt 0.236119 0.664449
vt 0.236192 0.661791
vt 0.239093 0.666582
vt 0.236270 0.666238
vt 0.234118 0.664314
vt 0.233732 0.661791
vt 0.234716 0.665703
vt 0.236192 0.668051
vt 0.236119 0.667428
vt 0.239093 0.668051
vt 0.233732 0.666582
vt 0.234118 0.666238
vt 0.232089 0.661791
vt 0.232786 0.664449
vt 0.232089 0.664384
vt 0.341588 0.606107
vt 0.344562 0.606042
vt 0.344489 0.608700
vt 0.341588 0.603909
vt 0.344411 0.604253
vt 0.346563 0.606177
vt 0.346949 0.608700
vt 0.345965 0.604788
vt 0.344489 0.602440
vt 0.344562 0.603062
vt 0.341588 0.602440
vt 0.346949 0.603909
vt 0.346563 0.604253
vt 0.348592 0.608700
vt 0.347895 0.606042
vt 0.348592 0.606107
vt 0.344489 0.661791
vt 0.344562 0.664449
vt 0.341588 0.664384
vt 0.346949 0.661791
vt 0.346563 0.664314
vt 0.344411 0.666238
vt 0.341588 0.666582
vt 0.345965 0.665703
vt 0.348592 0.664384
vt 0.347895 0.664449
vt 0.348592 0.661791
vt 0.346949 0.666582
vt 0.346563 0.666238
vt 0.341588 0.668051
vt 0.344562 0.667428
vt 0.344489 0.668051
vt 0.236192 0.602440
vt 0.233732 0.603909
vt 0.232089 0.606107
vt 0.236192 0.668051
vt 0.233732 0.666582
vt 0.232089 0.664384
vt 0.348592 0.664384
vt 0.346949 0.666582
vt 0.344489 0.668051
vt 0.344489 0.602440
vt 0.346949 0.603909
vt 0.348592 0.606107
vt 0.627146 0.601924
vt 0.627146 0.601924
vt 0.524650 0.601924
vt 0.524650 0.601924
vt 0.634726 0.661791
vt 0.634726 0.661791
vt 0.634726 0.608700
vt 0.634726 0.608700
vt 0.627146 0.661791
vt 0.524650 0.661791
vt 0.524650 0.608700
vt 0.627146 0.608700
vt 0.517069 0.608700
vt 0.517069 0.608700
vt 0.517069 0.661791
vt 0.517069 0.661791
vt 0.524650 0.668567
vt 0.524650 0.668567
vt 0.627146 0.668567
vt 0.627146 0.668567
vt 0.524650 0.602440
vt 0.521676 0.603062
vt 0.521749 0.602440
vt 0.524650 0.603909
vt 0.521827 0.604253
vt 0.519675 0.604253
vt 0.519290 0.603909
vt 0.520273 0.604788
vt 0.521749 0.608700
vt 0.521676 0.606042
vt 0.524650 0.606107
vt 0.519290 0.608700
vt 0.519675 0.606177
vt 0.517646 0.606107
vt 0.518343 0.606042
vt 0.517646 0.608700
vt 0.524650 0.664384
vt 0.521676 0.664449
vt 0.521749 0.661791
vt 0.524650 0.666582
vt 0.521827 0.666238
vt 0.519675 0.664314
vt 0.519290 0.661791
vt 0.520273 0.665703
vt 0.521749 0.668051
vt 0.521676 0.667428
vt 0.524650 0.668051
vt 0.519290 0.666582
vt 0.519675 0.666238
vt 0.517646 0.661791
vt 0.518343 0.664449
vt 0.517646 0.664384
vt 0.627146 0.606107
vt 0.630119 0.606042
vt 0.630047 0.608700
vt 0.627146 0.603909
vt 0.629969 0.604253
vt 0.632121 0.606177
vt 0.632506 0.608700
vt 0.631522 0.604788
vt 0.630047 0.602440
vt 0.630119 0.603062
vt 0.627146 0.602440
vt 0.632506 0.603909
vt 0.632121 0.604253
vt 0.634149 0.608700
vt 0.633453 0.606042
vt 0.634149 0.606107
vt 0.630047 0.661791
vt 0.630119 0.664449
vt 0.627146 0.664384
vt 0.632506 0.661791
vt 0.632121 0.664314
vt 0.629969 0.666238
vt 0.627146 0.666582
vt 0.631522 0.665703
vt 0.634149 0.664384
vt 0.633453 0.664449
vt 0.634149 0.661791
vt 0.632506 0.666582
vt 0.632121 0.666238
vt 0.627146 0.668051
vt 0.630119 0.667428
vt 0.630047 0.668051
vt 0.521749 0.602440
vt 0.519290 0.603909
vt 0.517646 0.606107
vt 0.521749 0.668051
vt 0.519290 0.666582
vt 0.517646 0.664384
vt 0.634149 0.664384
vt 0.632506 0.666582
vt 0.630047 0.668051
vt 0.630047 0.602440
vt 0.632506 0.603909
vt 0.634149 0.606107
vt 0.770969 0.601924
vt 0.770969 0.601924
vt 0.668473 0.601924
vt 0.668473 0.601924
vt 0.778550 0.661791
vt 0.778550 0.661791
vt 0.778550 0.608700
vt 0.778550 0.608700
vt 0.770969 0.661791
vt 0.668473 0.661791
vt 0.668473 0.608700
vt 0.770969 0.608700
vt 0.660893 0.608700
vt 0.660893 0.608700
vt 0.660893 0.661791
vt 0.660893 0.661791
vt 0.668473 0.668567
vt 0.668473 0.668567
vt 0.770969 0.668567
vt 0.770969 0.668567
vt 0.668473 0.602440
vt 0.665500 0.603062
vt 0.665573 0.602440
vt 0.668473 0.603909
vt 0.665651 0.604253
vt 0.663499 0.604253
vt 0.663113 0.603909
vt 0.664097 0.604788
vt 0.665573 0.608700
vt 0.665500 0.606042
vt 0.668473 0.606107
vt 0.663113 0.608700
vt 0.663499 0.606177
vt 0.661470 0.606107
vt 0.662166 0.606042
vt 0.661470 0.608700
vt 0.668473 0.664384
vt 0.665500 0.664449
vt 0.665573 0.661791
vt 0.668473 0.666582
vt 0.665651 0.666238
vt 0.663499 0.664314
vt 0.663113 0.661791
vt 0.664097 0.665703
vt 0.665573 0.668051
vt 0.665500 0.667428
vt 0.668473 0.668051
vt 0.663113 0.666582
vt 0.663499 0.666238
vt 0.661470 0.661791
vt 0.662166 0.664449
vt 0.661470 0.664384
vt 0.770969 0.606107
vt 0.773943 0.606042
vt 0.773870 0.608700
vt 0.770969 0.603909
vt 0.773792 0.604253
vt 0.775944 0.606177
vt 0.776330 0.608700
vt 0.775346 0.604788
vt 0.773870 0.602440
vt 0.773943 0.603062
vt 0.770969 0.602440
vt 0.776330 0.603909
vt 0.775944 0.604253
vt 0.777973 0.608700
vt 0.777276 0.606042
vt 0.777973 0.606107
vt 0.773870 0.661791
vt 0.773943 0.664449
vt 0.770969 0.664384
vt 0.776330 0.661791
vt 0.775944 0.664314
vt 0.773792 0.666238
vt 0.770969 0.666582
vt 0.775346 0.665703
vt 0.777973 0.664384
vt 0.777276 0.664449
vt 0.777973 0.661791
vt 0.776330 0.666582
vt 0.775944 0.666238
vt 0.770969 0.668051
vt 0.773943 0.667428
vt 0.773870 0.668051
vt 0.665573 0.602440
vt 0.663113 0.603909
vt 0.661470 0.606107
vt 0.665573 0.668051
vt 0.663113 0.666582
vt 0.661470 0.664384
vt 0.777973 0.664384
vt 0.776330 0.666582
vt 0.773870 0.668051
vt 0.773870 0.602440
vt 0.776330 0.603909
vt 0.777973 0.606107
vt 0.341588 0.719116
vt 0.341588 0.719116
vt 0.239093 0.719116
vt 0.239093 0.719116
vt 0.349169 0.778983
vt 0.349169 0.778983
vt 0.349169 0.725891
vt 0.349169 0.725891
vt 0.341588 0.778983
vt 0.239093 0.778983
vt 0.239093 0.725891
vt 0.341588 0.725891
vt 0.231512 0.725891
vt 0.231512 0.725891
vt 0.231512 0.778983
vt 0.231512 0.778983
vt 0.239093 0.785758
vt 0.239093 0.785758
vt 0.341588 0.785758
vt 0.341588 0.785758
vt 0.239093 0.719631
vt 0.236119 0.720254
vt 0.236192 0.719631
vt 0.239093 0.721100
vt 0.236270 0.721445
vt 0.234118 0.721445
vt 0.233732 0.721100
vt 0.234716 0.721979
vt 0.236192 0.725891
vt 0.236119 0.723233
vt 0.239093 0.723298
vt 0.233732 0.725891
vt 0.234118 0.723368
vt 0.232089 0.723298
vt 0.232786 0.723233
vt 0.232089 0.725891
vt 0.239093 0.781576
vt 0.236119 0.781641
vt 0.236192 0.778983
vt 0.239093 0.783774
vt 0.236270 0.783429
vt 0.234118 0.781506
vt 0.233732 0.778983
vt 0.234716 0.782895
vt 0.236192 0.785243
vt 0.236119 0.784620
vt 0.239093 0.785243
vt 0.233732 0.783774
vt 0.234118 0.783429
vt 0.232089 0.778983
vt 0.232786 0.781641
vt 0.232089 0.781576
vt 0.341588 0.723298
vt 0.344562 0.723233
vt 0.344489 0.725891
vt 0.341588 0.721100
vt 0.344411 0.721445
vt 0.346563 0.723368
vt 0.346949 0.725891
vt 0.345965 0.721979
vt 0.344489 0.719631
vt 0.344562 0.720254
vt 0.341588 0.719631
vt 0.346949 0.721100
vt 0.346563 0.721445
vt 0.348592 0.725891
vt 0.347895 0.723233
vt 0.348592 0.723298
vt 0.344489 0.778983
vt 0.344562 0.781641
vt 0.341588 0.781576
vt 0.346949 0.778983
vt 0.346563 0.781506
vt 0.344411 0.783429
vt 0.341588 0.783774
vt 0.345965 0.782895
vt 0.348592 0.781576
vt 0.347895 0.781641
vt 0.348592 0.778983
vt 0.346949 0.783774
vt 0.346563 0.783429
vt 0.341588 0.785243
vt 0.344562 0.784620
vt 0.344489 0.785243
vt 0.236192 0.719631
vt 0.233732 0.721100
vt 0.232089 0.723298
vt 0.236192 0.785243
vt 0.233732 0.783774
vt 0.232089 0.781576
vt 0.348592 0.781576
vt 0.346949 0.783774
vt 0.344489 0.785243
vt 0.344489 0.719631
vt 0.346949 0.721100
vt 0.348592 0.723298
vt 0.196109 0.602934
vt 0.196109 0.602934
vt 0.093613 0.602934
vt 0.093613 0.602934
vt 0.203690 0.662801
vt 0.203690 0.662801
vt 0.203690 0.609710
vt 0.203690 0.609710
vt 0.196109 0.662801
vt 0.093613 0.662801
vt 0.093613 0.609710
vt 0.196109 0.609710
vt 0.086033 0.609710
vt 0.086033 0.609710
vt 0.086033 0.662801
vt 0.086033 0.662801
vt 0.093613 0.669577
vt 0.093613 0.669577
vt 0.196109 0.669577
vt 0.196109 0.669577
vt 0.093613 0.603450
vt 0.090640 0.604073
vt 0.090712 0.603450
vt 0.093613 0.604919
vt 0.090790 0.605263
vt 0.088638 0.605263
vt 0.088253 0.604919
vt 0.089237 0.605798
vt 0.090712 0.609710
vt 0.090640 0.607052
vt 0.093613 0.607117
vt 0.088253 0.609710
vt 0.088638 0.607187
vt 0.086610 0.607117
vt 0.087306 0.607052
vt 0.086610 0.609710
vt 0.093613 0.665394
vt 0.090640 0.665459
vt 0.090712 0.662801
vt 0.093613 0.667592
vt 0.090790 0.667248
vt 0.088638 0.665324
vt 0.088253 0.662801
vt 0.089237 0.666713
vt 0.090712 0.669061
vt 0.090640 0.668439
vt 0.093613 0.669061
vt 0.088253 0.667592
vt 0.088638 0.667248
vt 0.086610 0.662801
vt 0.087306 0.665459
vt 0.086610 0.665394
vt 0.196109 0.607117
vt 0.199083 0.607052
vt 0.199010 0.609710
vt 0.196109 0.604919
vt 0.198932 0.605263
vt 0.201084 0.607187
vt 0.201469 0.609710
vt 0.200486 0.605798
vt 0.199010 0.603450
vt 0.199083 0.604073
vt 0.196109 0.603450
vt 0.201469 0.604919
vt 0.201084 0.605263
vt 0.203113 0.609710
vt 0.202416 0.607052
vt 0.203113 0.607117
vt 0.199010 0.662801
vt 0.199083 0.665459
vt 0.196109 0.665394
vt 0.201469 0.662801
vt 0.201084 0.665324
vt 0.198932 0.667248
vt 0.196109 0.667592
vt 0.200486 0.666713
vt 0.203113 0.665394
vt 0.202416 0.665459
vt 0.203113 0.662801
vt 0.201469 0.667592
vt 0.201084 0.667248
vt 0.196109 0.669061
vt 0.199083 0.668439
vt 0.199010 0.669061
vt 0.090712 0.603450
vt 0.088253 0.604919
vt 0.086610 0.607117
vt 0.090712 0.669061
vt 0.088253 0.667592
vt 0.086610 0.665394
vt 0.203113 0.665394
vt 0.201469 0.667592
vt 0.199010 0.669061
vt 0.199010 0.603450
vt 0.201469 0.604919
vt 0.203113 0.607117
vt 0.196109 0.485742
vt 0.196109 0.485742
vt 0.093613 0.485742
vt 0.093613 0.485742
vt 0.203690 0.545610
vt 0.203690 0.545610
vt 0.203690 0.492518
vt 0.203690 0.492518
vt 0.196109 0.545610
vt 0.093613 0.545610
vt 0.093613 0.492518
vt 0.196109 0.492518
vt 0.086033 0.492518
vt 0.086033 0.492518
vt 0.086033 0.545610
vt 0.086033 0.545610
vt 0.093613 0.552385
vt 0.093613 0.552385
vt 0.196109 0.552385
vt 0.196109 0.552385
vt 0.093613 0.486258
vt 0.090640 0.486881
vt 0.090712 0.486258
vt 0.093613 0.487727
vt 0.090790 0.488072
vt 0.088638 0.488072
vt 0.088253 0.487727
vt 0.089237 0.488606
vt 0.090712 0.492518
vt 0.090640 0.489860
vt 0.093613 0.489925
vt 0.088253 0.492518
vt 0.088638 0.489995
vt 0.086610 0.489925
vt 0.087306 0.489860
vt 0.086610 0.492518
vt 0.093613 0.548203
vt 0.090640 0.548267
vt 0.090712 0.545610
vt 0.093613 0.550401
vt 0.090790 0.550056
vt 0.088638 0.548133
vt 0.088253 0.545610
vt 0.089237 0.549522
vt 0.090712 0.551870
vt 0.090640 0.551247
vt 0.093613 0.551870
vt 0.088253 0.550401
vt 0.088638 0.550056
vt 0.086610 0.545610
vt 0.087306 0.548267
vt 0.086610 0.548203
vt 0.196109 0.489925
vt 0.199083 0.489860
vt 0.199010 0.492518
vt 0.196109 0.487727
vt 0.198932 0.488072
vt 0.201084 0.489995
vt 0.201469 0.492518
vt 0.200486 0.488606
vt 0.199010 0.486258
vt 0.199083 0.486881
vt 0.196109 0.486258
vt 0.201469 0.487727
vt 0.201084 0.488072
vt 0.203113 0.492518
vt 0.202416 0.489860
vt 0.203113 0.489925
vt 0.199010 0.545610
vt 0.199083 0.548267
vt 0.196109 0.548203
vt 0.201469 0.545610
vt 0.201084 0.548133
vt 0.198932 0.550056
vt 0.196109 0.550401
vt 0.200486 0.549522
vt 0.203113 0.548203
vt 0.202416 0.548267
vt 0.203113 0.545610
vt 0.201469 0.550401
vt 0.201084 0.550056
vt 0.196109 0.551870
vt 0.199083 0.551247
vt 0.199010 0.551870
vt 0.090712 0.486258
vt 0.088253 0.487727
vt 0.086610 0.489925
vt 0.090712 0.551870
vt 0.088253 0.550401
vt 0.086610 0.548203
vt 0.203113 0.548203
vt 0.201469 0.550401
vt 0.199010 0.551870
vt 0.199010 0.486258
vt 0.201469 0.487727
vt 0.203113 0.489925
vt 0.914413 0.485742
vt 0.914413 0.485742
vt 0.811917 0.485742
vt 0.811917 0.485742
vt 0.921994 0.545610
vt 0.921994 0.545610
vt 0.921994 0.492518
vt 0.921994 0.492518
vt 0.914413 0.545610
vt 0.811917 0.545610
vt 0.811917 0.492518
vt 0.914413 0.492518
vt 0.804337 0.492518
vt 0.804337 0.492518
vt 0.804337 0.545610
vt 0.804337 0.545610
vt 0.811917 0.552385
vt 0.811917 0.552385
vt 0.914413 0.552385
vt 0.914413 0.552385
vt 0.811917 0.486258
vt 0.808944 0.486881
vt 0.809016 0.486258
vt 0.811917 0.487727
vt 0.809095 0.488072
vt 0.806942 0.488072
vt 0.806557 0.487727
vt 0.807541 0.488606
vt 0.809016 0.492518
vt 0.808944 0.489860
vt 0.811917 0.489925
vt 0.806557 0.492518
vt 0.806942 0.489995
vt 0.804914 0.489925
vt 0.805610 0.489860
vt 0.804914 0.492518
vt 0.811917 0.548203
vt 0.808944 0.548267
vt 0.809016 0.545610
vt 0.811917 0.550401
vt 0.809095 0.550056
vt 0.806942 0.548133
vt 0.806557 0.545610
vt 0.807541 0.549522
vt 0.809016 0.551870
vt 0.808944 0.551247
vt 0.811917 0.551870
vt 0.806557 0.550401
vt 0.806942 0.550056
vt 0.804914 0.545610
vt 0.805610 0.548267
vt 0.804914 0.548203
vt 0.914413 0.489925
vt 0.917387 0.489860
vt 0.917314 0.492518
vt 0.914413 0.487727
vt 0.917236 0.488072
vt 0.919388 0.489995
vt 0.919773 0.492518
vt 0.918790 0.488606
vt 0.917314 0.486258
vt 0.917387 0.486881
vt 0.914413 0.486258
vt 0.919773 0.487727
vt 0.919388 0.488072
vt 0.921417 0.492518
vt 0.920720 0.489860
vt 0.921417 0.489925
vt 0.917314 0.545610
vt 0.917387 0.548267
vt 0.914413 0.548203
vt 0.919773 0.545610
vt 0.919388 0.548133
vt 0.917236 0.550056
vt 0.914413 0.550401
vt 0.918790 0.549522
vt 0.921417 0.548203
vt 0.920720 0.548267
vt 0.921417 0.545610
vt 0.919773 0.550401
vt 0.919388 0.550056
vt 0.914413 0.551870
vt 0.917387 0.551247
vt 0.917314 0.551870
vt 0.809016 0.486258
vt 0.806557 0.487727
vt 0.804914 0.489925
vt 0.809016 0.551870
vt 0.806557 0.550401
vt 0.804914 0.548203
vt 0.921417 0.548203
vt 0.919773 0.550401
vt 0.917314 0.551870
vt 0.917314 0.486258
vt 0.919773 0.487727
vt 0.921417 0.489925
vt 0.914413 0.602934
vt 0.914413 0.602934
vt 0.811917 0.602934
vt 0.811917 0.602934
vt 0.921994 0.662801
vt 0.921994 0.662801
vt 0.921994 0.609710
vt 0.921994 0.609710
vt 0.914413 0.662801
vt 0.811917 0.662801
vt 0.811917 0.609710
vt 0.914413 0.609710
vt 0.804337 0.609710
vt 0.804337 0.609710
vt 0.804337 0.662801
vt 0.804337 0.662801
vt 0.811917 0.669577
vt 0.811917 0.669577
vt 0.914413 0.669577
vt 0.914413 0.669577
vt 0.811917 0.603450
vt 0.808944 0.604073
vt 0.809016 0.603450
vt 0.811917 0.604919
vt 0.809095 0.605263
vt 0.806942 0.605263
vt 0.806557 0.604919
vt 0.807541 0.605798
vt 0.809016 0.609710
vt 0.808944 0.607052
vt 0.811917 0.607117
vt 0.806557 0.609710
vt 0.806942 0.607187
vt 0.804914 0.607117
vt 0.805610 0.607052
vt 0.804914 0.609710
vt 0.811917 0.665394
vt 0.808944 0.665459
vt 0.809016 0.662801
vt 0.811917 0.667592
vt 0.809095 0.667248
vt 0.806942 0.665324
vt 0.806557 0.662801
vt 0.807541 0.666713
vt 0.809016 0.669061
vt 0.808944 0.668439
vt 0.811917 0.669061
vt 0.806557 0.667592
vt 0.806942 0.667248
vt 0.804914 0.662801
vt 0.805610 0.665459
vt 0.804914 0.665394
vt 0.914413 0.607117
vt 0.917387 0.607052
vt 0.917314 0.609710
vt 0.914413 0.604919
vt 0.917236 0.605263
vt 0.919388 0.607187
vt 0.919773 0.609710
vt 0.918790 0.605798
vt 0.917314 0.603450
vt 0.917387 0.604073
vt 0.914413 0.603450
vt 0.919773 0.604919
vt 0.919388 0.605263
vt 0.921417 0.609710
vt 0.920720 0.607052
vt 0.921417 0.607117
vt 0.917314 0.662801
vt 0.917387 0.665459
vt 0.914413 0.665394
vt 0.919773 0.662801
vt 0.919388 0.665324
vt 0.917236 0.667248
vt 0.914413 0.667592
vt 0.918790 0.666713
vt 0.921417 0.665394
vt 0.920720 0.665459
vt 0.921417 0.662801
vt 0.919773 0.667592
vt 0.919388 0.667248
vt 0.914413 0.669061
vt 0.917387 0.668439
vt 0.917314 0.669061
vt 0.809016 0.603450
vt 0.806557 0.604919
vt 0.804914 0.607117
vt 0.809016 0.669061
vt 0.806557 0.667592
vt 0.804914 0.665394
vt 0.921417 0.665394
vt 0.919773 0.667592
vt 0.917314 0.669061
vt 0.917314 0.603450
vt 0.919773 0.604919
vt 0.921417 0.607117
vt 0.197119 0.718105
vt 0.197119 0.718105
vt 0.094623 0.718105
vt 0.094623 0.718105
vt 0.204700 0.777972
vt 0.204700 0.777972
vt 0.204700 0.724881
vt 0.204700 0.724881
vt 0.197119 0.777972
vt 0.094623 0.777972
vt 0.094623 0.724881
vt 0.197119 0.724881
vt 0.087043 0.724881
vt 0.087043 0.724881
vt 0.087043 0.777972
vt 0.087043 0.777972
vt 0.094623 0.784748
vt 0.094623 0.784748
vt 0.197119 0.784748
vt 0.197119 0.784748
vt 0.094623 0.718621
vt 0.091650 0.719244
vt 0.091722 0.718621
vt 0.094623 0.720090
vt 0.091801 0.720435
vt 0.089649 0.720435
vt 0.089263 0.720090
vt 0.090247 0.720969
vt 0.091722 0.724881
vt 0.091650 0.722223
vt 0.094623 0.722288
vt 0.089263 0.724881
vt 0.089649 0.722358
vt 0.087620 0.722288
vt 0.088316 0.722223
vt 0.087620 0.724881
vt 0.094623 0.780565
vt 0.091650 0.780630
vt 0.091722 0.777972
vt 0.094623 0.782764
vt 0.091801 0.782419
vt 0.089649 0.780495
vt 0.089263 0.777972
vt 0.090247 0.781884
vt 0.091722 0.784232
vt 0.091650 0.783610
vt 0.094623 0.784232
vt 0.089263 0.782764
vt 0.089649 0.782419
vt 0.087620 0.777972
vt 0.088316 0.780630
vt 0.087620 0.780565
vt 0.197119 0.722288
vt 0.200093 0.722223
vt 0.200020 0.724881
vt 0.197119 0.720090
vt 0.199942 0.720435
vt 0.202094 0.722358
vt 0.202480 0.724881
vt 0.201496 0.720969
vt 0.200020 0.718621
vt 0.200093 0.719244
vt 0.197119 0.718621
vt 0.202480 0.720090
vt 0.202094 0.720435
vt 0.204123 0.724881
vt 0.203426 0.722223
vt 0.204123 0.722288
vt 0.200020 0.777972
vt 0.200093 0.780630
vt 0.197119 0.780565
vt 0.202480 0.777972
vt 0.202094 0.780495
vt 0.199942 0.782419
vt 0.197119 0.782764
vt 0.201496 0.781884
vt 0.204123 0.780565
vt 0.203426 0.780630
vt 0.204123 0.777972
vt 0.202480 0.782764
vt 0.202094 0.782419
vt 0.197119 0.784232
vt 0.200093 0.783610
vt 0.200020 0.784232
vt 0.091722 0.718621
vt 0.089263 0.720090
vt 0.087620 0.722288
vt 0.091722 0.784232
vt 0.089263 0.782764
vt 0.087620 0.780565
vt 0.204123 0.780565
vt 0.202480 0.782764
vt 0.200020 0.784232
vt 0.200020 0.718621
vt 0.202480 0.720090
vt 0.204123 0.722288
vt 0.199140 0.369561
vt 0.199140 0.369561
vt 0.096644 0.369561
vt 0.096644 0.369561
vt 0.206720 0.429428
vt 0.206720 0.429428
vt 0.206720 0.376337
vt 0.206720 0.376337
vt 0.199140 0.429428
vt 0.096644 0.429428
vt 0.096644 0.376337
vt 0.199140 0.376337
vt 0.089064 0.376337
vt 0.089064 0.376337
vt 0.089064 0.429428
vt 0.089064 0.429428
vt 0.096644 0.436204
vt 0.096644 0.436204
vt 0.199140 0.436204
vt 0.199140 0.436204
vt 0.096644 0.370077
vt 0.093670 0.370699
vt 0.093743 0.370077
vt 0.096644 0.371546
vt 0.093821 0.371890
vt 0.091669 0.371890
vt 0.091284 0.371546
vt 0.092267 0.372425
vt 0.093743 0.376337
vt 0.093670 0.373679
vt 0.096644 0.373744
vt 0.091284 0.376337
vt 0.091669 0.373814
vt 0.089641 0.373744
vt 0.090337 0.373679
vt 0.089641 0.376337
vt 0.096644 0.432021
vt 0.093670 0.432086
vt 0.093743 0.429428
vt 0.096644 0.434219
vt 0.093821 0.433875
vt 0.091669 0.431951
vt 0.091284 0.429428
vt 0.092267 0.433340
vt 0.093743 0.435688
vt 0.093670 0.435066
vt 0.096644 0.435688
vt 0.091284 0.434219
vt 0.091669 0.433875
vt 0.089641 0.429428
vt 0.090337 0.432086
vt 0.089641 0.432021
vt 0.199140 0.373744
vt 0.202114 0.373679
vt 0.202041 0.376337
vt 0.199140 0.371546
vt 0.201963 0.371890
vt 0.204115 0.373814
vt 0.204500 0.376337
vt 0.203517 0.372425
vt 0.202041 0.370077
vt 0.202114 0.370699
vt 0.199140 0.370077
vt 0.204500 0.371546
vt 0.204115 0.371890
vt 0.206143 0.376337
vt 0.205447 0.373679
vt 0.206143 0.373744
vt 0.202041 0.429428
vt 0.202114 0.432086
vt 0.199140 0.432021
vt 0.204500 0.429428
vt 0.204115 0.431951
vt 0.201963 0.433875
vt 0.199140 0.434219
vt 0.203517 0.433340
vt 0.206143 0.432021
vt 0.205447 0.432086
vt 0.206143 0.429428
vt 0.204500 0.434219
vt 0.204115 0.433875
vt 0.199140 0.435688
vt 0.202114 0.435066
vt 0.202041 0.435688
vt 0.093743 0.370077
vt 0.091284 0.371546
vt 0.089641 0.373744
vt 0.093743 0.435688
vt 0.091284 0.434219
vt 0.089641 0.432021
vt 0.206143 0.432021
vt 0.204500 0.434219
vt 0.202041 0.435688
vt 0.202041 0.370077
vt 0.204500 0.371546
vt 0.206143 0.373744
vt 0.913403 0.370571
vt 0.913403 0.370571
vt 0.810907 0.370571
vt 0.810907 0.370571
vt 0.920983 0.430438
vt 0.920983 0.430438
vt 0.920983 0.377347
vt 0.920983 0.377347
vt 0.913403 0.430438
vt 0.810907 0.430438
vt 0.810907 0.377347
vt 0.913403 0.377347
vt 0.803327 0.377347
vt 0.803327 0.377347
vt 0.803327 0.430438
vt 0.803327 0.430438
vt 0.810907 0.437214
vt 0.810907 0.437214
vt 0.913403 0.437214
vt 0.913403 0.437214
vt 0.810907 0.371087
vt 0.807933 0.371710
vt 0.808006 0.371087
vt 0.810907 0.372556
vt 0.808084 0.372901
vt 0.805932 0.372901
vt 0.805547 0.372556
vt 0.806530 0.373435
vt 0.808006 0.377347
vt 0.807933 0.374689
vt 0.810907 0.374754
vt 0.805547 0.377347
vt 0.805932 0.374824
vt 0.803904 0.374754
vt 0.804600 0.374689
vt 0.803904 0.377347
vt 0.810907 0.433031
vt 0.807933 0.433096
vt 0.808006 0.430438
vt 0.810907 0.435230
vt 0.808084 0.434885
vt 0.805932 0.432962
vt 0.805547 0.430438
vt 0.806530 0.434351
vt 0.808006 0.436698
vt 0.807933 0.436076
vt 0.810907 0.436698
vt 0.805547 0.435230
vt 0.805932 0.434885
vt 0.803904 0.430438
vt 0.804600 0.433096
vt 0.803904 0.433031
vt 0.913403 0.374754
vt 0.916376 0.374689
vt 0.916304 0.377347
vt 0.913403 0.372556
vt 0.916226 0.372901
vt 0.918378 0.374824
vt 0.918763 0.377347
vt 0.917779 0.373435
vt 0.916304 0.371087
vt 0.916376 0.371710
vt 0.913403 0.371087
vt 0.918763 0.372556
vt 0.918378 0.372901
vt 0.920406 0.377347
vt 0.919710 0.374689
vt 0.920406 0.374754
vt 0.916304 0.430438
vt 0.916376 0.433096
vt 0.913403 0.433031
vt 0.918763 0.430438
vt 0.918378 0.432962
vt 0.916226 0.434885
vt 0.913403 0.435230
vt 0.917779 0.434351
vt 0.920406 0.433031
vt 0.919710 0.433096
vt 0.920406 0.430438
vt 0.918763 0.435230
vt 0.918378 0.434885
vt 0.913403 0.436698
vt 0.916376 0.436076
vt 0.916304 0.436698
vt 0.808006 0.371087
vt 0.805547 0.372556
vt 0.803904 0.374754
vt 0.808006 0.436698
vt 0.805547 0.435230
vt 0.803904 0.433031
vt 0.920406 0.433031
vt 0.918763 0.435230
vt 0.916304 0.436698
vt 0.916304 0.371087
vt 0.918763 0.372556
vt 0.920406 0.374754
vt 0.911382 0.718105
vt 0.911382 0.718105
vt 0.808886 0.718105
vt 0.808886 0.718105
vt 0.918963 0.777972
vt 0.918963 0.777972
vt 0.918963 0.724881
vt 0.918963 0.724881
vt 0.911382 0.777972
vt 0.808886 0.777972
vt 0.808886 0.724881
vt 0.911382 0.724881
vt 0.801306 0.724881
vt 0.801306 0.724881
vt 0.801306 0.777972
vt 0.801306 0.777972
vt 0.808886 0.784748
vt 0.808886 0.784748
vt 0.911382 0.784748
vt 0.911382 0.784748
vt 0.808886 0.718621
vt 0.805913 0.719244
vt 0.805986 0.718621
vt 0.808886 0.720090
vt 0.806064 0.720435
vt 0.803912 0.720435
vt 0.803526 0.720090
vt 0.804510 0.720969
vt 0.805986 0.724881
vt 0.805913 0.722223
vt 0.808886 0.722288
vt 0.803526 0.724881
vt 0.803912 0.722358
vt 0.801883 0.722288
vt 0.802579 0.722223
vt 0.801883 0.724881
vt 0.808886 0.780565
vt 0.805913 0.780630
vt 0.805986 0.777972
vt 0.808886 0.782764
vt 0.806064 0.782419
vt 0.803912 0.780495
vt 0.803526 0.777972
vt 0.804510 0.781884
vt 0.805986 0.784232
vt 0.805913 0.783610
vt 0.808886 0.784232
vt 0.803526 0.782764
vt 0.803912 0.782419
vt 0.801883 0.777972
vt 0.802579 0.780630
vt 0.801883 0.780565
vt 0.911382 0.722288
vt 0.914356 0.722223
vt 0.914283 0.724881
vt 0.911382 0.720090
vt 0.914205 0.720435
vt 0.916357 0.722358
vt 0.916743 0.724881
vt 0.915759 0.720969
vt 0.914283 0.718621
vt 0.914356 0.719244
vt 0.911382 0.718621
vt 0.916743 0.720090
vt 0.916357 0.720435
vt 0.918386 0.724881
vt 0.917689 0.722223
vt 0.918386 0.722288
vt 0.914283 0.777972
vt 0.914356 0.780630
vt 0.911382 0.780565
vt 0.916743 0.777972
vt 0.916357 0.780495
vt 0.914205 0.782419
vt 0.911382 0.782764
vt 0.915759 0.781884
vt 0.918386 0.780565
vt 0.917689 0.780630
vt 0.918386 0.777972
vt 0.916743 0.782764
vt 0.916357 0.782419
vt 0.911382 0.784232
vt 0.914356 0.783610
vt 0.914283 0.784232
vt 0.805986 0.718621
vt 0.803526 0.720090
vt 0.801883 0.722288
vt 0.805986 0.784232
vt 0.803526 0.782764
vt 0.801883 0.780565
vt 0.918386 0.780565
vt 0.916743 0.782764
vt 0.914283 0.784232
vt 0.914283 0.718621
vt 0.916743 0.720090
vt 0.918386 0.722288
vn 0.0879 0.0000 0.9961
vn 0.0902 0.0902 0.9918
vn -0.0902 0.0902 0.9918
vn -0.0879 0.0000 0.9961
vn 0.9940 0.0000 -0.1093
vn 0.9887 0.1002 -0.1118
vn 0.9887 0.1002 0.1118
vn 0.9940 0.0000 0.1093
vn 0.1002 0.9887 -0.1118
vn -0.1002 0.9887 -0.1118
vn -0.1002 0.9887 0.1118
vn 0.1002 0.9887 0.1118
vn -0.9940 -0.0000 0.1093
vn -0.9887 0.1002 0.1118
vn -0.9887 0.1002 -0.1118
vn -0.9940 -0.0000 -0.1093
vn -0.0879 0.0000 -0.9961
vn -0.0902 0.0902 -0.9918
vn 0.0902 0.0902 -0.9918
vn 0.0879 0.0000 -0.9961
vn -0.0893 0.3474 0.9334
vn -0.3400 0.3400 0.8768
vn -0.3474 0.0893 0.9334
vn -0.0869 0.6678 0.7392
vn -0.3186 0.6352 0.7036
vn -0.6352 0.3186 0.7036
vn -0.6678 0.0869 0.7392
vn -0.5546 0.5546 0.6203
vn -0.3781 0.9193 0.1093
vn -0.3624 0.8417 0.4003
vn -0.0965 0.9054 0.4134
vn -0.7034 0.7034 0.1024
vn -0.6577 0.6577 0.3672
vn -0.9054 0.0965 0.4134
vn -0.8417 0.3624 0.4003
vn -0.9193 0.3781 0.1093
vn -0.0965 0.9054 -0.4134
vn -0.3624 0.8417 -0.4003
vn -0.3781 0.9193 -0.1093
vn -0.0869 0.6678 -0.7393
vn -0.3186 0.6352 -0.7036
vn -0.6577 0.6577 -0.3672
vn -0.7034 0.7034 -0.1024
vn -0.5546 0.5546 -0.6203
vn -0.3474 0.0893 -0.9334
vn -0.3400 0.3400 -0.8768
vn -0.0893 0.3474 -0.9334
vn -0.6678 0.0869 -0.7393
vn -0.6352 0.3186 -0.7036
vn -0.9193 0.3781 -0.1093
vn -0.8417 0.3624 -0.4003
vn -0.9054 0.0965 -0.4134
vn 0.0965 0.9054 0.4134
vn 0.3624 0.8417 0.4003
vn 0.3781 0.9193 0.1093
vn 0.0869 0.6678 0.7392
vn 0.3186 0.6352 0.7036
vn 0.6577 0.6577 0.3672
vn 0.7034 0.7034 0.1024
vn 0.5546 0.5546 0.6203
vn 0.3474 0.0893 0.9334
vn 0.3400 0.3400 0.8768
vn 0.0893 0.3474 0.9334
vn 0.6678 0.0869 0.7393
vn 0.6352 0.3186 0.7036
vn 0.9193 0.3781 0.1093
vn 0.8417 0.3624 0.4003
vn 0.9054 0.0965 0.4134
vn 0.3781 0.9193 -0.1093
vn 0.3624 0.8417 -0.4003
vn 0.0965 0.9054 -0.4134
vn 0.7034 0.7034 -0.1024
vn 0.6577 0.6577 -0.3672
vn 0.3186 0.6352 -0.7036
vn 0.0869 0.6678 -0.7393
vn 0.5546 0.5546 -0.6203
vn 0.9054 0.0965 -0.4134
vn 0.8417 0.3624 -0.4003
vn 0.9193 0.3781 -0.1093
vn 0.6678 0.0869 -0.7393
vn 0.6352 0.3186 -0.7036
vn 0.0893 0.3474 -0.9334
vn 0.3400 0.3400 -0.8768
vn 0.3474 0.0893 -0.9334
vn -0.3496 0.0000 0.9369
vn -0.6696 0.0000 0.7427
vn -0.9088 -0.0000 0.4173
vn -0.3496 0.0000 -0.9369
vn -0.6696 0.0000 -0.7427
vn -0.9088 -0.0000 -0.4173
vn 0.9088 0.0000 -0.4173
vn 0.6696 0.0000 -0.7427
vn 0.3496 0.0000 -0.9369
vn 0.3496 0.0000 0.9369
vn 0.6696 0.0000 0.7427
vn 0.9088 0.0000 0.4173
vn 0.0000 -1.0000 -0.0000
vn -0.0869 0.6678 0.7393
vn -0.6678 0.0869 0.7393
vn 0.0869 0.6678 0.7393
vn -0.6678 0.0869 -0.7392
vn 0.6678 0.0869 0.7392
vn 0.6678 0.0869 -0.7392
vn 0.0869 0.6678 -0.7392
vn -0.0869 0.6678 -0.7392
usemtl Func
s 1
f 3898/4053/1498 3903/4054/1499 3854/4055/1500 3849/4056/1501
f 3922/4057/1502 3927/4058/1503 3904/4059/1504 3897/4060/1505
f 3926/4061/1506 3878/4062/1507 3855/4063/1508 3902/4064/1509
f 3850/4065/1510 3856/4066/1511 3880/4067/1512 3873/4068/1513
f 3874/4069/1514 3879/4070/1515 3928/4071/1516 3921/4072/1517
f 3854/4055/1500 3857/4073/1518 3860/4074/1519 3859/4075/1520
f 3857/4073/1518 3858/4076/1521 3861/4077/1522 3860/4074/1519
f 3859/4075/1520 3860/4074/1519 3872/4078/1523 3869/4079/1524
f 3860/4074/1519 3861/4077/1522 3862/4080/1525 3872/4078/1523
f 3855/4063/1508 3863/4081/1526 3866/4082/1527 3865/4083/1528
f 3863/4081/1526 3864/4084/1529 3867/4085/1530 3866/4082/1527
f 3865/4083/1528 3866/4082/1527 3861/4077/1522 3858/4076/1521
f 3866/4082/1527 3867/4085/1530 3862/4080/1525 3861/4077/1522
f 3856/4066/1511 3868/4086/1531 3871/4087/1532 3870/4088/1533
f 3868/4086/1531 3869/4079/1524 3872/4078/1523 3871/4087/1532
f 3870/4088/1533 3871/4087/1532 3867/4085/1530 3864/4084/1529
f 3871/4087/1532 3872/4078/1523 3862/4080/1525 3867/4085/1530
f 3878/4062/1507 3881/4089/1534 3884/4090/1535 3883/4091/1536
f 3881/4089/1534 3882/4092/1537 3885/4093/1538 3884/4090/1535
f 3883/4091/1536 3884/4090/1535 3896/4094/1539 3893/4095/1540
f 3884/4090/1535 3885/4093/1538 3886/4096/1541 3896/4094/1539
f 3879/4070/1515 3887/4097/1542 3890/4098/1543 3889/4099/1544
f 3887/4097/1542 3888/4100/1545 3891/4101/1546 3890/4098/1543
f 3889/4099/1544 3890/4098/1543 3885/4093/1538 3882/4092/1537
f 3890/4098/1543 3891/4101/1546 3886/4096/1541 3885/4093/1538
f 3880/4067/1512 3892/4102/1547 3895/4103/1548 3894/4104/1549
f 3892/4102/1547 3893/4095/1540 3896/4094/1539 3895/4103/1548
f 3894/4104/1549 3895/4103/1548 3891/4101/1546 3888/4100/1545
f 3895/4103/1548 3896/4094/1539 3886/4096/1541 3891/4101/1546
f 3902/4064/1509 3905/4105/1550 3908/4106/1551 3907/4107/1552
f 3905/4105/1550 3906/4108/1553 3909/4109/1554 3908/4106/1551
f 3907/4107/1552 3908/4106/1551 3920/4110/1555 3917/4111/1556
f 3908/4106/1551 3909/4109/1554 3910/4112/1557 3920/4110/1555
f 3903/4054/1499 3911/4113/1558 3914/4114/1559 3913/4115/1560
f 3911/4113/1558 3912/4116/1561 3915/4117/1562 3914/4114/1559
f 3913/4115/1560 3914/4114/1559 3909/4109/1554 3906/4108/1553
f 3914/4114/1559 3915/4117/1562 3910/4112/1557 3909/4109/1554
f 3904/4059/1504 3916/4118/1563 3919/4119/1564 3918/4120/1565
f 3916/4118/1563 3917/4111/1556 3920/4110/1555 3919/4119/1564
f 3918/4120/1565 3919/4119/1564 3915/4117/1562 3912/4116/1561
f 3919/4119/1564 3920/4110/1555 3910/4112/1557 3915/4117/1562
f 3926/4061/1506 3929/4121/1566 3932/4122/1567 3931/4123/1568
f 3929/4121/1566 3930/4124/1569 3933/4125/1570 3932/4122/1567
f 3931/4123/1568 3932/4122/1567 3944/4126/1571 3941/4127/1572
f 3932/4122/1567 3933/4125/1570 3934/4128/1573 3944/4126/1571
f 3927/4058/1503 3935/4129/1574 3938/4130/1575 3937/4131/1576
f 3935/4129/1574 3936/4132/1577 3939/4133/1578 3938/4130/1575
f 3937/4131/1576 3938/4130/1575 3933/4125/1570 3930/4124/1569
f 3938/4130/1575 3939/4133/1578 3934/4128/1573 3933/4125/1570
f 3928/4071/1516 3940/4134/1579 3943/4135/1580 3942/4136/1581
f 3940/4134/1579 3941/4127/1572 3944/4126/1571 3943/4135/1580
f 3942/4136/1581 3943/4135/1580 3939/4133/1578 3936/4132/1577
f 3943/4135/1580 3944/4126/1571 3934/4128/1573 3939/4133/1578
f 3849/4056/1501 3854/4055/1500 3859/4075/1520 3851/4137/1582
f 3851/4137/1582 3859/4075/1520 3869/4079/1524 3852/4138/1583
f 3852/4138/1583 3869/4079/1524 3868/4086/1531 3853/4139/1584
f 3853/4139/1584 3868/4086/1531 3856/4066/1511 3850/4065/1510
f 3855/4063/1508 3878/4062/1507 3883/4091/1536 3863/4081/1526
f 3863/4081/1526 3883/4091/1536 3893/4095/1540 3864/4084/1529
f 3864/4084/1529 3893/4095/1540 3892/4102/1547 3870/4088/1533
f 3870/4088/1533 3892/4102/1547 3880/4067/1512 3856/4066/1511
f 3879/4070/1515 3874/4069/1514 3877/4140/1585 3887/4097/1542
f 3887/4097/1542 3877/4140/1585 3876/4141/1586 3888/4100/1545
f 3888/4100/1545 3876/4141/1586 3875/4142/1587 3894/4104/1549
f 3894/4104/1549 3875/4142/1587 3873/4068/1513 3880/4067/1512
f 3878/4062/1507 3926/4061/1506 3931/4123/1568 3881/4089/1534
f 3881/4089/1534 3931/4123/1568 3941/4127/1572 3882/4092/1537
f 3882/4092/1537 3941/4127/1572 3940/4134/1579 3889/4099/1544
f 3889/4099/1544 3940/4134/1579 3928/4071/1516 3879/4070/1515
f 3927/4058/1503 3922/4057/1502 3925/4143/1588 3935/4129/1574
f 3935/4129/1574 3925/4143/1588 3924/4144/1589 3936/4132/1577
f 3936/4132/1577 3924/4144/1589 3923/4145/1590 3942/4136/1581
f 3942/4136/1581 3923/4145/1590 3921/4072/1517 3928/4071/1516
f 3926/4061/1506 3902/4064/1509 3907/4107/1552 3929/4121/1566
f 3929/4121/1566 3907/4107/1552 3917/4111/1556 3930/4124/1569
f 3930/4124/1569 3917/4111/1556 3916/4118/1563 3937/4131/1576
f 3937/4131/1576 3916/4118/1563 3904/4059/1504 3927/4058/1503
f 3903/4054/1499 3898/4053/1498 3901/4146/1591 3911/4113/1558
f 3911/4113/1558 3901/4146/1591 3900/4147/1592 3912/4116/1561
f 3912/4116/1561 3900/4147/1592 3899/4148/1593 3918/4120/1565
f 3918/4120/1565 3899/4148/1593 3897/4060/1505 3904/4059/1504
f 3902/4064/1509 3855/4063/1508 3865/4083/1528 3905/4105/1550
f 3905/4105/1550 3865/4083/1528 3858/4076/1521 3906/4108/1553
f 3906/4108/1553 3858/4076/1521 3857/4073/1518 3913/4115/1560
f 3913/4115/1560 3857/4073/1518 3854/4055/1500 3903/4054/1499
f 3873/4068/1594 3875/4142/1594 3876/4141/1594 3877/4140/1594 3874/4069/1594 3921/4072/1594 3923/4145/1594 3924/4144/1594 3925/4143/1594 3922/4057/1594 3897/4060/1594 3899/4148/1594 3900/4147/1594 3901/4146/1594 3898/4053/1594 3849/4056/1594 3851/4137/1594 3852/4138/1594 3853/4139/1594 3850/4065/1594
f 3994/4149/1498 3999/4150/1499 3950/4151/1500 3945/4152/1501
f 4018/4153/1502 4023/4154/1503 4000/4155/1504 3993/4156/1505
f 4022/4157/1506 3974/4158/1507 3951/4159/1508 3998/4160/1509
f 3946/4161/1510 3952/4162/1511 3976/4163/1512 3969/4164/1513
f 3970/4165/1514 3975/4166/1515 4024/4167/1516 4017/4168/1517
f 3950/4151/1500 3953/4169/1518 3956/4170/1519 3955/4171/1520
f 3953/4169/1518 3954/4172/1595 3957/4173/1522 3956/4170/1519
f 3955/4171/1520 3956/4170/1519 3968/4174/1523 3965/4175/1596
f 3956/4170/1519 3957/4173/1522 3958/4176/1525 3968/4174/1523
f 3951/4159/1508 3959/4177/1526 3962/4178/1527 3961/4179/1528
f 3959/4177/1526 3960/4180/1529 3963/4181/1530 3962/4178/1527
f 3961/4179/1528 3962/4178/1527 3957/4173/1522 3954/4172/1595
f 3962/4178/1527 3963/4181/1530 3958/4176/1525 3957/4173/1522
f 3952/4162/1511 3964/4182/1531 3967/4183/1532 3966/4184/1533
f 3964/4182/1531 3965/4175/1596 3968/4174/1523 3967/4183/1532
f 3966/4184/1533 3967/4183/1532 3963/4181/1530 3960/4180/1529
f 3967/4183/1532 3968/4174/1523 3958/4176/1525 3963/4181/1530
f 3974/4158/1507 3977/4185/1534 3980/4186/1535 3979/4187/1536
f 3977/4185/1534 3978/4188/1537 3981/4189/1538 3980/4186/1535
f 3979/4187/1536 3980/4186/1535 3992/4190/1539 3989/4191/1540
f 3980/4186/1535 3981/4189/1538 3982/4192/1541 3992/4190/1539
f 3975/4166/1515 3983/4193/1542 3986/4194/1543 3985/4195/1544
f 3983/4193/1542 3984/4196/1545 3987/4197/1546 3986/4194/1543
f 3985/4195/1544 3986/4194/1543 3981/4189/1538 3978/4188/1537
f 3986/4194/1543 3987/4197/1546 3982/4192/1541 3981/4189/1538
f 3976/4163/1512 3988/4198/1547 3991/4199/1548 3990/4200/1549
f 3988/4198/1547 3989/4191/1540 3992/4190/1539 3991/4199/1548
f 3990/4200/1549 3991/4199/1548 3987/4197/1546 3984/4196/1545
f 3991/4199/1548 3992/4190/1539 3982/4192/1541 3987/4197/1546
f 3998/4160/1509 4001/4201/1550 4004/4202/1551 4003/4203/1552
f 4001/4201/1550 4002/4204/1597 4005/4205/1554 4004/4202/1551
f 4003/4203/1552 4004/4202/1551 4016/4206/1555 4013/4207/1556
f 4004/4202/1551 4005/4205/1554 4006/4208/1557 4016/4206/1555
f 3999/4150/1499 4007/4209/1558 4010/4210/1559 4009/4211/1560
f 4007/4209/1558 4008/4212/1561 4011/4213/1562 4010/4210/1559
f 4009/4211/1560 4010/4210/1559 4005/4205/1554 4002/4204/1597
f 4010/4210/1559 4011/4213/1562 4006/4208/1557 4005/4205/1554
f 4000/4155/1504 4012/4214/1563 4015/4215/1564 4014/4216/1565
f 4012/4214/1563 4013/4207/1556 4016/4206/1555 4015/4215/1564
f 4014/4216/1565 4015/4215/1564 4011/4213/1562 4008/4212/1561
f 4015/4215/1564 4016/4206/1555 4006/4208/1557 4011/4213/1562
f 4022/4157/1506 4025/4217/1566 4028/4218/1567 4027/4219/1568
f 4025/4217/1566 4026/4220/1569 4029/4221/1570 4028/4218/1567
f 4027/4219/1568 4028/4218/1567 4040/4222/1571 4037/4223/1572
f 4028/4218/1567 4029/4221/1570 4030/4224/1573 4040/4222/1571
f 4023/4154/1503 4031/4225/1574 4034/4226/1575 4033/4227/1576
f 4031/4225/1574 4032/4228/1577 4035/4229/1578 4034/4226/1575
f 4033/4227/1576 4034/4226/1575 4029/4221/1570 4026/4220/1569
f 4034/4226/1575 4035/4229/1578 4030/4224/1573 4029/4221/1570
f 4024/4167/1516 4036/4230/1579 4039/4231/1580 4038/4232/1581
f 4036/4230/1579 4037/4223/1572 4040/4222/1571 4039/4231/1580
f 4038/4232/1581 4039/4231/1580 4035/4229/1578 4032/4228/1577
f 4039/4231/1580 4040/4222/1571 4030/4224/1573 4035/4229/1578
f 3945/4152/1501 3950/4151/1500 3955/4171/1520 3947/4233/1582
f 3947/4233/1582 3955/4171/1520 3965/4175/1596 3948/4234/1583
f 3948/4234/1583 3965/4175/1596 3964/4182/1531 3949/4235/1584
f 3949/4235/1584 3964/4182/1531 3952/4162/1511 3946/4161/1510
f 3951/4159/1508 3974/4158/1507 3979/4187/1536 3959/4177/1526
f 3959/4177/1526 3979/4187/1536 3989/4191/1540 3960/4180/1529
f 3960/4180/1529 3989/4191/1540 3988/4198/1547 3966/4184/1533
f 3966/4184/1533 3988/4198/1547 3976/4163/1512 3952/4162/1511
f 3975/4166/1515 3970/4165/1514 3973/4236/1585 3983/4193/1542
f 3983/4193/1542 3973/4236/1585 3972/4237/1586 3984/4196/1545
f 3984/4196/1545 3972/4237/1586 3971/4238/1587 3990/4200/1549
f 3990/4200/1549 3971/4238/1587 3969/4164/1513 3976/4163/1512
f 3974/4158/1507 4022/4157/1506 4027/4219/1568 3977/4185/1534
f 3977/4185/1534 4027/4219/1568 4037/4223/1572 3978/4188/1537
f 3978/4188/1537 4037/4223/1572 4036/4230/1579 3985/4195/1544
f 3985/4195/1544 4036/4230/1579 4024/4167/1516 3975/4166/1515
f 4023/4154/1503 4018/4153/1502 4021/4239/1588 4031/4225/1574
f 4031/4225/1574 4021/4239/1588 4020/4240/1589 4032/4228/1577
f 4032/4228/1577 4020/4240/1589 4019/4241/1590 4038/4232/1581
f 4038/4232/1581 4019/4241/1590 4017/4168/1517 4024/4167/1516
f 4022/4157/1506 3998/4160/1509 4003/4203/1552 4025/4217/1566
f 4025/4217/1566 4003/4203/1552 4013/4207/1556 4026/4220/1569
f 4026/4220/1569 4013/4207/1556 4012/4214/1563 4033/4227/1576
f 4033/4227/1576 4012/4214/1563 4000/4155/1504 4023/4154/1503
f 3999/4150/1499 3994/4149/1498 3997/4242/1591 4007/4209/1558
f 4007/4209/1558 3997/4242/1591 3996/4243/1592 4008/4212/1561
f 4008/4212/1561 3996/4243/1592 3995/4244/1593 4014/4216/1565
f 4014/4216/1565 3995/4244/1593 3993/4156/1505 4000/4155/1504
f 3998/4160/1509 3951/4159/1508 3961/4179/1528 4001/4201/1550
f 4001/4201/1550 3961/4179/1528 3954/4172/1595 4002/4204/1597
f 4002/4204/1597 3954/4172/1595 3953/4169/1518 4009/4211/1560
f 4009/4211/1560 3953/4169/1518 3950/4151/1500 3999/4150/1499
f 3969/4164/1594 3971/4238/1594 3972/4237/1594 3973/4236/1594 3970/4165/1594 4017/4168/1594 4019/4241/1594 4020/4240/1594 4021/4239/1594 4018/4153/1594 3993/4156/1594 3995/4244/1594 3996/4243/1594 3997/4242/1594 3994/4149/1594 3945/4152/1594 3947/4233/1594 3948/4234/1594 3949/4235/1594 3946/4161/1594
f 4090/4245/1498 4095/4246/1499 4046/4247/1500 4041/4248/1501
f 4114/4249/1502 4119/4250/1503 4096/4251/1504 4089/4252/1505
f 4118/4253/1506 4070/4254/1507 4047/4255/1508 4094/4256/1509
f 4042/4257/1510 4048/4258/1511 4072/4259/1512 4065/4260/1513
f 4066/4261/1514 4071/4262/1515 4120/4263/1516 4113/4264/1517
f 4046/4247/1500 4049/4265/1518 4052/4266/1519 4051/4267/1520
f 4049/4265/1518 4050/4268/1521 4053/4269/1522 4052/4266/1519
f 4051/4267/1520 4052/4266/1519 4064/4270/1523 4061/4271/1596
f 4052/4266/1519 4053/4269/1522 4054/4272/1525 4064/4270/1523
f 4047/4255/1508 4055/4273/1526 4058/4274/1527 4057/4275/1528
f 4055/4273/1526 4056/4276/1529 4059/4277/1530 4058/4274/1527
f 4057/4275/1528 4058/4274/1527 4053/4269/1522 4050/4268/1521
f 4058/4274/1527 4059/4277/1530 4054/4272/1525 4053/4269/1522
f 4048/4258/1511 4060/4278/1531 4063/4279/1532 4062/4280/1533
f 4060/4278/1531 4061/4271/1596 4064/4270/1523 4063/4279/1532
f 4062/4280/1533 4063/4279/1532 4059/4277/1530 4056/4276/1529
f 4063/4279/1532 4064/4270/1523 4054/4272/1525 4059/4277/1530
f 4070/4254/1507 4073/4281/1534 4076/4282/1535 4075/4283/1536
f 4073/4281/1534 4074/4284/1537 4077/4285/1538 4076/4282/1535
f 4075/4283/1536 4076/4282/1535 4088/4286/1539 4085/4287/1540
f 4076/4282/1535 4077/4285/1538 4078/4288/1541 4088/4286/1539
f 4071/4262/1515 4079/4289/1542 4082/4290/1543 4081/4291/1544
f 4079/4289/1542 4080/4292/1545 4083/4293/1546 4082/4290/1543
f 4081/4291/1544 4082/4290/1543 4077/4285/1538 4074/4284/1537
f 4082/4290/1543 4083/4293/1546 4078/4288/1541 4077/4285/1538
f 4072/4259/1512 4084/4294/1547 4087/4295/1548 4086/4296/1549
f 4084/4294/1547 4085/4287/1540 4088/4286/1539 4087/4295/1548
f 4086/4296/1549 4087/4295/1548 4083/4293/1546 4080/4292/1545
f 4087/4295/1548 4088/4286/1539 4078/4288/1541 4083/4293/1546
f 4094/4256/1509 4097/4297/1550 4100/4298/1551 4099/4299/1552
f 4097/4297/1550 4098/4300/1597 4101/4301/1554 4100/4298/1551
f 4099/4299/1552 4100/4298/1551 4112/4302/1555 4109/4303/1556
f 4100/4298/1551 4101/4301/1554 4102/4304/1557 4112/4302/1555
f 4095/4246/1499 4103/4305/1558 4106/4306/1559 4105/4307/1560
f 4103/4305/1558 4104/4308/1561 4107/4309/1562 4106/4306/1559
f 4105/4307/1560 4106/4306/1559 4101/4301/1554 4098/4300/1597
f 4106/4306/1559 4107/4309/1562 4102/4304/1557 4101/4301/1554
f 4096/4251/1504 4108/4310/1563 4111/4311/1564 4110/4312/1565
f 4108/4310/1563 4109/4303/1556 4112/4302/1555 4111/4311/1564
f 4110/4312/1565 4111/4311/1564 4107/4309/1562 4104/4308/1561
f 4111/4311/1564 4112/4302/1555 4102/4304/1557 4107/4309/1562
f 4118/4253/1506 4121/4313/1566 4124/4314/1567 4123/4315/1568
f 4121/4313/1566 4122/4316/1569 4125/4317/1570 4124/4314/1567
f 4123/4315/1568 4124/4314/1567 4136/4318/1571 4133/4319/1572
f 4124/4314/1567 4125/4317/1570 4126/4320/1573 4136/4318/1571
f 4119/4250/1503 4127/4321/1574 4130/4322/1575 4129/4323/1576
f 4127/4321/1574 4128/4324/1577 4131/4325/1578 4130/4322/1575
f 4129/4323/1576 4130/4322/1575 4125/4317/1570 4122/4316/1569
f 4130/4322/1575 4131/4325/1578 4126/4320/1573 4125/4317/1570
f 4120/4263/1516 4132/4326/1579 4135/4327/1580 4134/4328/1581
f 4132/4326/1579 4133/4319/1572 4136/4318/1571 4135/4327/1580
f 4134/4328/1581 4135/4327/1580 4131/4325/1578 4128/4324/1577
f 4135/4327/1580 4136/4318/1571 4126/4320/1573 4131/4325/1578
f 4041/4248/1501 4046/4247/1500 4051/4267/1520 4043/4329/1582
f 4043/4329/1582 4051/4267/1520 4061/4271/1596 4044/4330/1583
f 4044/4330/1583 4061/4271/1596 4060/4278/1531 4045/4331/1584
f 4045/4331/1584 4060/4278/1531 4048/4258/1511 4042/4257/1510
f 4047/4255/1508 4070/4254/1507 4075/4283/1536 4055/4273/1526
f 4055/4273/1526 4075/4283/1536 4085/4287/1540 4056/4276/1529
f 4056/4276/1529 4085/4287/1540 4084/4294/1547 4062/4280/1533
f 4062/4280/1533 4084/4294/1547 4072/4259/1512 4048/4258/1511
f 4071/4262/1515 4066/4261/1514 4069/4332/1585 4079/4289/1542
f 4079/4289/1542 4069/4332/1585 4068/4333/1586 4080/4292/1545
f 4080/4292/1545 4068/4333/1586 4067/4334/1587 4086/4296/1549
f 4086/4296/1549 4067/4334/1587 4065/4260/1513 4072/4259/1512
f 4070/4254/1507 4118/4253/1506 4123/4315/1568 4073/4281/1534
f 4073/4281/1534 4123/4315/1568 4133/4319/1572 4074/4284/1537
f 4074/4284/1537 4133/4319/1572 4132/4326/1579 4081/4291/1544
f 4081/4291/1544 4132/4326/1579 4120/4263/1516 4071/4262/1515
f 4119/4250/1503 4114/4249/1502 4117/4335/1588 4127/4321/1574
f 4127/4321/1574 4117/4335/1588 4116/4336/1589 4128/4324/1577
f 4128/4324/1577 4116/4336/1589 4115/4337/1590 4134/4328/1581
f 4134/4328/1581 4115/4337/1590 4113/4264/1517 4120/4263/1516
f 4118/4253/1506 4094/4256/1509 4099/4299/1552 4121/4313/1566
f 4121/4313/1566 4099/4299/1552 4109/4303/1556 4122/4316/1569
f 4122/4316/1569 4109/4303/1556 4108/4310/1563 4129/4323/1576
f 4129/4323/1576 4108/4310/1563 4096/4251/1504 4119/4250/1503
f 4095/4246/1499 4090/4245/1498 4093/4338/1591 4103/4305/1558
f 4103/4305/1558 4093/4338/1591 4092/4339/1592 4104/4308/1561
f 4104/4308/1561 4092/4339/1592 4091/4340/1593 4110/4312/1565
f 4110/4312/1565 4091/4340/1593 4089/4252/1505 4096/4251/1504
f 4094/4256/1509 4047/4255/1508 4057/4275/1528 4097/4297/1550
f 4097/4297/1550 4057/4275/1528 4050/4268/1521 4098/4300/1597
f 4098/4300/1597 4050/4268/1521 4049/4265/1518 4105/4307/1560
f 4105/4307/1560 4049/4265/1518 4046/4247/1500 4095/4246/1499
f 4065/4260/1594 4067/4334/1594 4068/4333/1594 4069/4332/1594 4066/4261/1594 4113/4264/1594 4115/4337/1594 4116/4336/1594 4117/4335/1594 4114/4249/1594 4089/4252/1594 4091/4340/1594 4092/4339/1594 4093/4338/1594 4090/4245/1594 4041/4248/1594 4043/4329/1594 4044/4330/1594 4045/4331/1594 4042/4257/1594
f 4186/4341/1498 4191/4342/1499 4142/4343/1500 4137/4344/1501
f 4210/4345/1502 4215/4346/1503 4192/4347/1504 4185/4348/1505
f 4214/4349/1506 4166/4350/1507 4143/4351/1508 4190/4352/1509
f 4138/4353/1510 4144/4354/1511 4168/4355/1512 4161/4356/1513
f 4162/4357/1514 4167/4358/1515 4216/4359/1516 4209/4360/1517
f 4142/4343/1500 4145/4361/1518 4148/4362/1519 4147/4363/1520
f 4145/4361/1518 4146/4364/1595 4149/4365/1522 4148/4362/1519
f 4147/4363/1520 4148/4362/1519 4160/4366/1523 4157/4367/1596
f 4148/4362/1519 4149/4365/1522 4150/4368/1525 4160/4366/1523
f 4143/4351/1508 4151/4369/1526 4154/4370/1527 4153/4371/1528
f 4151/4369/1526 4152/4372/1529 4155/4373/1530 4154/4370/1527
f 4153/4371/1528 4154/4370/1527 4149/4365/1522 4146/4364/1595
f 4154/4370/1527 4155/4373/1530 4150/4368/1525 4149/4365/1522
f 4144/4354/1511 4156/4374/1531 4159/4375/1532 4158/4376/1533
f 4156/4374/1531 4157/4367/1596 4160/4366/1523 4159/4375/1532
f 4158/4376/1533 4159/4375/1532 4155/4373/1530 4152/4372/1529
f 4159/4375/1532 4160/4366/1523 4150/4368/1525 4155/4373/1530
f 4166/4350/1507 4169/4377/1534 4172/4378/1535 4171/4379/1536
f 4169/4377/1534 4170/4380/1537 4173/4381/1538 4172/4378/1535
f 4171/4379/1536 4172/4378/1535 4184/4382/1539 4181/4383/1540
f 4172/4378/1535 4173/4381/1538 4174/4384/1541 4184/4382/1539
f 4167/4358/1515 4175/4385/1542 4178/4386/1543 4177/4387/1544
f 4175/4385/1542 4176/4388/1545 4179/4389/1546 4178/4386/1543
f 4177/4387/1544 4178/4386/1543 4173/4381/1538 4170/4380/1537
f 4178/4386/1543 4179/4389/1546 4174/4384/1541 4173/4381/1538
f 4168/4355/1512 4180/4390/1547 4183/4391/1548 4182/4392/1549
f 4180/4390/1547 4181/4383/1540 4184/4382/1539 4183/4391/1548
f 4182/4392/1549 4183/4391/1548 4179/4389/1546 4176/4388/1545
f 4183/4391/1548 4184/4382/1539 4174/4384/1541 4179/4389/1546
f 4190/4352/1509 4193/4393/1550 4196/4394/1551 4195/4395/1552
f 4193/4393/1550 4194/4396/1553 4197/4397/1554 4196/4394/1551
f 4195/4395/1552 4196/4394/1551 4208/4398/1555 4205/4399/1556
f 4196/4394/1551 4197/4397/1554 4198/4400/1557 4208/4398/1555
f 4191/4342/1499 4199/4401/1558 4202/4402/1559 4201/4403/1560
f 4199/4401/1558 4200/4404/1561 4203/4405/1562 4202/4402/1559
f 4201/4403/1560 4202/4402/1559 4197/4397/1554 4194/4396/1553
f 4202/4402/1559 4203/4405/1562 4198/4400/1557 4197/4397/1554
f 4192/4347/1504 4204/4406/1563 4207/4407/1564 4206/4408/1565
f 4204/4406/1563 4205/4399/1556 4208/4398/1555 4207/4407/1564
f 4206/4408/1565 4207/4407/1564 4203/4405/1562 4200/4404/1561
f 4207/4407/1564 4208/4398/1555 4198/4400/1557 4203/4405/1562
f 4214/4349/1506 4217/4409/1566 4220/4410/1567 4219/4411/1568
f 4217/4409/1566 4218/4412/1569 4221/4413/1570 4220/4410/1567
f 4219/4411/1568 4220/4410/1567 4232/4414/1571 4229/4415/1572
f 4220/4410/1567 4221/4413/1570 4222/4416/1573 4232/4414/1571
f 4215/4346/1503 4223/4417/1574 4226/4418/1575 4225/4419/1576
f 4223/4417/1574 4224/4420/1577 4227/4421/1578 4226/4418/1575
f 4225/4419/1576 4226/4418/1575 4221/4413/1570 4218/4412/1569
f 4226/4418/1575 4227/4421/1578 4222/4416/1573 4221/4413/1570
f 4216/4359/1516 4228/4422/1579 4231/4423/1580 4230/4424/1581
f 4228/4422/1579 4229/4415/1572 4232/4414/1571 4231/4423/1580
f 4230/4424/1581 4231/4423/1580 4227/4421/1578 4224/4420/1577
f 4231/4423/1580 4232/4414/1571 4222/4416/1573 4227/4421/1578
f 4137/4344/1501 4142/4343/1500 4147/4363/1520 4139/4425/1582
f 4139/4425/1582 4147/4363/1520 4157/4367/1596 4140/4426/1583
f 4140/4426/1583 4157/4367/1596 4156/4374/1531 4141/4427/1584
f 4141/4427/1584 4156/4374/1531 4144/4354/1511 4138/4353/1510
f 4143/4351/1508 4166/4350/1507 4171/4379/1536 4151/4369/1526
f 4151/4369/1526 4171/4379/1536 4181/4383/1540 4152/4372/1529
f 4152/4372/1529 4181/4383/1540 4180/4390/1547 4158/4376/1533
f 4158/4376/1533 4180/4390/1547 4168/4355/1512 4144/4354/1511
f 4167/4358/1515 4162/4357/1514 4165/4428/1585 4175/4385/1542
f 4175/4385/1542 4165/4428/1585 4164/4429/1586 4176/4388/1545
f 4176/4388/1545 4164/4429/1586 4163/4430/1587 4182/4392/1549
f 4182/4392/1549 4163/4430/1587 4161/4356/1513 4168/4355/1512
f 4166/4350/1507 4214/4349/1506 4219/4411/1568 4169/4377/1534
f 4169/4377/1534 4219/4411/1568 4229/4415/1572 4170/4380/1537
f 4170/4380/1537 4229/4415/1572 4228/4422/1579 4177/4387/1544
f 4177/4387/1544 4228/4422/1579 4216/4359/1516 4167/4358/1515
f 4215/4346/1503 4210/4345/1502 4213/4431/1588 4223/4417/1574
f 4223/4417/1574 4213/4431/1588 4212/4432/1589 4224/4420/1577
f 4224/4420/1577 4212/4432/1589 4211/4433/1590 4230/4424/1581
f 4230/4424/1581 4211/4433/1590 4209/4360/1517 4216/4359/1516
f 4214/4349/1506 4190/4352/1509 4195/4395/1552 4217/4409/1566
f 4217/4409/1566 4195/4395/1552 4205/4399/1556 4218/4412/1569
f 4218/4412/1569 4205/4399/1556 4204/4406/1563 4225/4419/1576
f 4225/4419/1576 4204/4406/1563 4192/4347/1504 4215/4346/1503
f 4191/4342/1499 4186/4341/1498 4189/4434/1591 4199/4401/1558
f 4199/4401/1558 4189/4434/1591 4188/4435/1592 4200/4404/1561
f 4200/4404/1561 4188/4435/1592 4187/4436/1593 4206/4408/1565
f 4206/4408/1565 4187/4436/1593 4185/4348/1505 4192/4347/1504
f 4190/4352/1509 4143/4351/1508 4153/4371/1528 4193/4393/1550
f 4193/4393/1550 4153/4371/1528 4146/4364/1595 4194/4396/1553
f 4194/4396/1553 4146/4364/1595 4145/4361/1518 4201/4403/1560
f 4201/4403/1560 4145/4361/1518 4142/4343/1500 4191/4342/1499
f 4161/4356/1594 4163/4430/1594 4164/4429/1594 4165/4428/1594 4162/4357/1594 4209/4360/1594 4211/4433/1594 4212/4432/1594 4213/4431/1594 4210/4345/1594 4185/4348/1594 4187/4436/1594 4188/4435/1594 4189/4434/1594 4186/4341/1594 4137/4344/1594 4139/4425/1594 4140/4426/1594 4141/4427/1594 4138/4353/1594
f 4282/4437/1498 4287/4438/1499 4238/4439/1500 4233/4440/1501
f 4306/4441/1502 4311/4442/1503 4288/4443/1504 4281/4444/1505
f 4310/4445/1506 4262/4446/1507 4239/4447/1508 4286/4448/1509
f 4234/4449/1510 4240/4450/1511 4264/4451/1512 4257/4452/1513
f 4258/4453/1514 4263/4454/1515 4312/4455/1516 4305/4456/1517
f 4238/4439/1500 4241/4457/1518 4244/4458/1519 4243/4459/1520
f 4241/4457/1518 4242/4460/1595 4245/4461/1522 4244/4458/1519
f 4243/4459/1520 4244/4458/1519 4256/4462/1523 4253/4463/1596
f 4244/4458/1519 4245/4461/1522 4246/4464/1525 4256/4462/1523
f 4239/4447/1508 4247/4465/1526 4250/4466/1527 4249/4467/1528
f 4247/4465/1526 4248/4468/1529 4251/4469/1530 4250/4466/1527
f 4249/4467/1528 4250/4466/1527 4245/4461/1522 4242/4460/1595
f 4250/4466/1527 4251/4469/1530 4246/4464/1525 4245/4461/1522
f 4240/4450/1511 4252/4470/1531 4255/4471/1532 4254/4472/1533
f 4252/4470/1531 4253/4463/1596 4256/4462/1523 4255/4471/1532
f 4254/4472/1533 4255/4471/1532 4251/4469/1530 4248/4468/1529
f 4255/4471/1532 4256/4462/1523 4246/4464/1525 4251/4469/1530
f 4262/4446/1507 4265/4473/1534 4268/4474/1535 4267/4475/1536
f 4265/4473/1534 4266/4476/1537 4269/4477/1538 4268/4474/1535
f 4267/4475/1536 4268/4474/1535 4280/4478/1539 4277/4479/1540
f 4268/4474/1535 4269/4477/1538 4270/4480/1541 4280/4478/1539
f 4263/4454/1515 4271/4481/1542 4274/4482/1543 4273/4483/1544
f 4271/4481/1542 4272/4484/1545 4275/4485/1546 4274/4482/1543
f 4273/4483/1544 4274/4482/1543 4269/4477/1538 4266/4476/1537
f 4274/4482/1543 4275/4485/1546 4270/4480/1541 4269/4477/1538
f 4264/4451/1512 4276/4486/1547 4279/4487/1548 4278/4488/1549
f 4276/4486/1547 4277/4479/1540 4280/4478/1539 4279/4487/1548
f 4278/4488/1549 4279/4487/1548 4275/4485/1546 4272/4484/1545
f 4279/4487/1548 4280/4478/1539 4270/4480/1541 4275/4485/1546
f 4286/4448/1509 4289/4489/1550 4292/4490/1551 4291/4491/1552
f 4289/4489/1550 4290/4492/1597 4293/4493/1554 4292/4490/1551
f 4291/4491/1552 4292/4490/1551 4304/4494/1555 4301/4495/1556
f 4292/4490/1551 4293/4493/1554 4294/4496/1557 4304/4494/1555
f 4287/4438/1499 4295/4497/1558 4298/4498/1559 4297/4499/1560
f 4295/4497/1558 4296/4500/1561 4299/4501/1562 4298/4498/1559
f 4297/4499/1560 4298/4498/1559 4293/4493/1554 4290/4492/1597
f 4298/4498/1559 4299/4501/1562 4294/4496/1557 4293/4493/1554
f 4288/4443/1504 4300/4502/1563 4303/4503/1564 4302/4504/1565
f 4300/4502/1563 4301/4495/1556 4304/4494/1555 4303/4503/1564
f 4302/4504/1565 4303/4503/1564 4299/4501/1562 4296/4500/1561
f 4303/4503/1564 4304/4494/1555 4294/4496/1557 4299/4501/1562
f 4310/4445/1506 4313/4505/1566 4316/4506/1567 4315/4507/1568
f 4313/4505/1566 4314/4508/1569 4317/4509/1570 4316/4506/1567
f 4315/4507/1568 4316/4506/1567 4328/4510/1571 4325/4511/1572
f 4316/4506/1567 4317/4509/1570 4318/4512/1573 4328/4510/1571
f 4311/4442/1503 4319/4513/1574 4322/4514/1575 4321/4515/1576
f 4319/4513/1574 4320/4516/1577 4323/4517/1578 4322/4514/1575
f 4321/4515/1576 4322/4514/1575 4317/4509/1570 4314/4508/1569
f 4322/4514/1575 4323/4517/1578 4318/4512/1573 4317/4509/1570
f 4312/4455/1516 4324/4518/1579 4327/4519/1580 4326/4520/1581
f 4324/4518/1579 4325/4511/1572 4328/4510/1571 4327/4519/1580
f 4326/4520/1581 4327/4519/1580 4323/4517/1578 4320/4516/1577
f 4327/4519/1580 4328/4510/1571 4318/4512/1573 4323/4517/1578
f 4233/4440/1501 4238/4439/1500 4243/4459/1520 4235/4521/1582
f 4235/4521/1582 4243/4459/1520 4253/4463/1596 4236/4522/1583
f 4236/4522/1583 4253/4463/1596 4252/4470/1531 4237/4523/1584
f 4237/4523/1584 4252/4470/1531 4240/4450/1511 4234/4449/1510
f 4239/4447/1508 4262/4446/1507 4267/4475/1536 4247/4465/1526
f 4247/4465/1526 4267/4475/1536 4277/4479/1540 4248/4468/1529
f 4248/4468/1529 4277/4479/1540 4276/4486/1547 4254/4472/1533
f 4254/4472/1533 4276/4486/1547 4264/4451/1512 4240/4450/1511
f 4263/4454/1515 4258/4453/1514 4261/4524/1585 4271/4481/1542
f 4271/4481/1542 4261/4524/1585 4260/4525/1586 4272/4484/1545
f 4272/4484/1545 4260/4525/1586 4259/4526/1587 4278/4488/1549
f 4278/4488/1549 4259/4526/1587 4257/4452/1513 4264/4451/1512
f 4262/4446/1507 4310/4445/1506 4315/4507/1568 4265/4473/1534
f 4265/4473/1534 4315/4507/1568 4325/4511/1572 4266/4476/1537
f 4266/4476/1537 4325/4511/1572 4324/4518/1579 4273/4483/1544
f 4273/4483/1544 4324/4518/1579 4312/4455/1516 4263/4454/1515
f 4311/4442/1503 4306/4441/1502 4309/4527/1588 4319/4513/1574
f 4319/4513/1574 4309/4527/1588 4308/4528/1589 4320/4516/1577
f 4320/4516/1577 4308/4528/1589 4307/4529/1590 4326/4520/1581
f 4326/4520/1581 4307/4529/1590 4305/4456/1517 4312/4455/1516
f 4310/4445/1506 4286/4448/1509 4291/4491/1552 4313/4505/1566
f 4313/4505/1566 4291/4491/1552 4301/4495/1556 4314/4508/1569
f 4314/4508/1569 4301/4495/1556 4300/4502/1563 4321/4515/1576
f 4321/4515/1576 4300/4502/1563 4288/4443/1504 4311/4442/1503
f 4287/4438/1499 4282/4437/1498 4285/4530/1591 4295/4497/1558
f 4295/4497/1558 4285/4530/1591 4284/4531/1592 4296/4500/1561
f 4296/4500/1561 4284/4531/1592 4283/4532/1593 4302/4504/1565
f 4302/4504/1565 4283/4532/1593 4281/4444/1505 4288/4443/1504
f 4286/4448/1509 4239/4447/1508 4249/4467/1528 4289/4489/1550
f 4289/4489/1550 4249/4467/1528 4242/4460/1595 4290/4492/1597
f 4290/4492/1597 4242/4460/1595 4241/4457/1518 4297/4499/1560
f 4297/4499/1560 4241/4457/1518 4238/4439/1500 4287/4438/1499
f 4257/4452/1594 4259/4526/1594 4260/4525/1594 4261/4524/1594 4258/4453/1594 4305/4456/1594 4307/4529/1594 4308/4528/1594 4309/4527/1594 4306/4441/1594 4281/4444/1594 4283/4532/1594 4284/4531/1594 4285/4530/1594 4282/4437/1594 4233/4440/1594 4235/4521/1594 4236/4522/1594 4237/4523/1594 4234/4449/1594
f 4378/4533/1498 4383/4534/1499 4334/4535/1500 4329/4536/1501
f 4402/4537/1502 4407/4538/1503 4384/4539/1504 4377/4540/1505
f 4406/4541/1506 4358/4542/1507 4335/4543/1508 4382/4544/1509
f 4330/4545/1510 4336/4546/1511 4360/4547/1512 4353/4548/1513
f 4354/4549/1514 4359/4550/1515 4408/4551/1516 4401/4552/1517
f 4334/4535/1500 4337/4553/1518 4340/4554/1519 4339/4555/1520
f 4337/4553/1518 4338/4556/1595 4341/4557/1522 4340/4554/1519
f 4339/4555/1520 4340/4554/1519 4352/4558/1523 4349/4559/1524
f 4340/4554/1519 4341/4557/1522 4342/4560/1525 4352/4558/1523
f 4335/4543/1508 4343/4561/1526 4346/4562/1527 4345/4563/1528
f 4343/4561/1526 4344/4564/1529 4347/4565/1530 4346/4562/1527
f 4345/4563/1528 4346/4562/1527 4341/4557/1522 4338/4556/1595
f 4346/4562/1527 4347/4565/1530 4342/4560/1525 4341/4557/1522
f 4336/4546/1511 4348/4566/1531 4351/4567/1532 4350/4568/1533
f 4348/4566/1531 4349/4559/1524 4352/4558/1523 4351/4567/1532
f 4350/4568/1533 4351/4567/1532 4347/4565/1530 4344/4564/1529
f 4351/4567/1532 4352/4558/1523 4342/4560/1525 4347/4565/1530
f 4358/4542/1507 4361/4569/1534 4364/4570/1535 4363/4571/1536
f 4361/4569/1534 4362/4572/1537 4365/4573/1538 4364/4570/1535
f 4363/4571/1536 4364/4570/1535 4376/4574/1539 4373/4575/1540
f 4364/4570/1535 4365/4573/1538 4366/4576/1541 4376/4574/1539
f 4359/4550/1515 4367/4577/1542 4370/4578/1543 4369/4579/1544
f 4367/4577/1542 4368/4580/1598 4371/4581/1546 4370/4578/1543
f 4369/4579/1544 4370/4578/1543 4365/4573/1538 4362/4572/1537
f 4370/4578/1543 4371/4581/1546 4366/4576/1541 4365/4573/1538
f 4360/4547/1512 4372/4582/1547 4375/4583/1548 4374/4584/1549
f 4372/4582/1547 4373/4575/1540 4376/4574/1539 4375/4583/1548
f 4374/4584/1549 4375/4583/1548 4371/4581/1546 4368/4580/1598
f 4375/4583/1548 4376/4574/1539 4366/4576/1541 4371/4581/1546
f 4382/4544/1509 4385/4585/1550 4388/4586/1551 4387/4587/1552
f 4385/4585/1550 4386/4588/1597 4389/4589/1554 4388/4586/1551
f 4387/4587/1552 4388/4586/1551 4400/4590/1555 4397/4591/1556
f 4388/4586/1551 4389/4589/1554 4390/4592/1557 4400/4590/1555
f 4383/4534/1499 4391/4593/1558 4394/4594/1559 4393/4595/1560
f 4391/4593/1558 4392/4596/1599 4395/4597/1562 4394/4594/1559
f 4393/4595/1560 4394/4594/1559 4389/4589/1554 4386/4588/1597
f 4394/4594/1559 4395/4597/1562 4390/4592/1557 4389/4589/1554
f 4384/4539/1504 4396/4598/1563 4399/4599/1564 4398/4600/1565
f 4396/4598/1563 4397/4591/1556 4400/4590/1555 4399/4599/1564
f 4398/4600/1565 4399/4599/1564 4395/4597/1562 4392/4596/1599
f 4399/4599/1564 4400/4590/1555 4390/4592/1557 4395/4597/1562
f 4406/4541/1506 4409/4601/1566 4412/4602/1567 4411/4603/1568
f 4409/4601/1566 4410/4604/1569 4413/4605/1570 4412/4602/1567
f 4411/4603/1568 4412/4602/1567 4424/4606/1571 4421/4607/1572
f 4412/4602/1567 4413/4605/1570 4414/4608/1573 4424/4606/1571
f 4407/4538/1503 4415/4609/1574 4418/4610/1575 4417/4611/1576
f 4415/4609/1574 4416/4612/1600 4419/4613/1578 4418/4610/1575
f 4417/4611/1576 4418/4610/1575 4413/4605/1570 4410/4604/1569
f 4418/4610/1575 4419/4613/1578 4414/4608/1573 4413/4605/1570
f 4408/4551/1516 4420/4614/1579 4423/4615/1580 4422/4616/1581
f 4420/4614/1579 4421/4607/1572 4424/4606/1571 4423/4615/1580
f 4422/4616/1581 4423/4615/1580 4419/4613/1578 4416/4612/1600
f 4423/4615/1580 4424/4606/1571 4414/4608/1573 4419/4613/1578
f 4329/4536/1501 4334/4535/1500 4339/4555/1520 4331/4617/1582
f 4331/4617/1582 4339/4555/1520 4349/4559/1524 4332/4618/1583
f 4332/4618/1583 4349/4559/1524 4348/4566/1531 4333/4619/1584
f 4333/4619/1584 4348/4566/1531 4336/4546/1511 4330/4545/1510
f 4335/4543/1508 4358/4542/1507 4363/4571/1536 4343/4561/1526
f 4343/4561/1526 4363/4571/1536 4373/4575/1540 4344/4564/1529
f 4344/4564/1529 4373/4575/1540 4372/4582/1547 4350/4568/1533
f 4350/4568/1533 4372/4582/1547 4360/4547/1512 4336/4546/1511
f 4359/4550/1515 4354/4549/1514 4357/4620/1585 4367/4577/1542
f 4367/4577/1542 4357/4620/1585 4356/4621/1586 4368/4580/1598
f 4368/4580/1598 4356/4621/1586 4355/4622/1587 4374/4584/1549
f 4374/4584/1549 4355/4622/1587 4353/4548/1513 4360/4547/1512
f 4358/4542/1507 4406/4541/1506 4411/4603/1568 4361/4569/1534
f 4361/4569/1534 4411/4603/1568 4421/4607/1572 4362/4572/1537
f 4362/4572/1537 4421/4607/1572 4420/4614/1579 4369/4579/1544
f 4369/4579/1544 4420/4614/1579 4408/4551/1516 4359/4550/1515
f 4407/4538/1503 4402/4537/1502 4405/4623/1588 4415/4609/1574
f 4415/4609/1574 4405/4623/1588 4404/4624/1589 4416/4612/1600
f 4416/4612/1600 4404/4624/1589 4403/4625/1590 4422/4616/1581
f 4422/4616/1581 4403/4625/1590 4401/4552/1517 4408/4551/1516
f 4406/4541/1506 4382/4544/1509 4387/4587/1552 4409/4601/1566
f 4409/4601/1566 4387/4587/1552 4397/4591/1556 4410/4604/1569
f 4410/4604/1569 4397/4591/1556 4396/4598/1563 4417/4611/1576
f 4417/4611/1576 4396/4598/1563 4384/4539/1504 4407/4538/1503
f 4383/4534/1499 4378/4533/1498 4381/4626/1591 4391/4593/1558
f 4391/4593/1558 4381/4626/1591 4380/4627/1592 4392/4596/1599
f 4392/4596/1599 4380/4627/1592 4379/4628/1593 4398/4600/1565
f 4398/4600/1565 4379/4628/1593 4377/4540/1505 4384/4539/1504
f 4382/4544/1509 4335/4543/1508 4345/4563/1528 4385/4585/1550
f 4385/4585/1550 4345/4563/1528 4338/4556/1595 4386/4588/1597
f 4386/4588/1597 4338/4556/1595 4337/4553/1518 4393/4595/1560
f 4393/4595/1560 4337/4553/1518 4334/4535/1500 4383/4534/1499
f 4353/4548/1594 4355/4622/1594 4356/4621/1594 4357/4620/1594 4354/4549/1594 4401/4552/1594 4403/4625/1594 4404/4624/1594 4405/4623/1594 4402/4537/1594 4377/4540/1594 4379/4628/1594 4380/4627/1594 4381/4626/1594 4378/4533/1594 4329/4536/1594 4331/4617/1594 4332/4618/1594 4333/4619/1594 4330/4545/1594
f 4474/4629/1498 4479/4630/1499 4430/4631/1500 4425/4632/1501
f 4498/4633/1502 4503/4634/1503 4480/4635/1504 4473/4636/1505
f 4502/4637/1506 4454/4638/1507 4431/4639/1508 4478/4640/1509
f 4426/4641/1510 4432/4642/1511 4456/4643/1512 4449/4644/1513
f 4450/4645/1514 4455/4646/1515 4504/4647/1516 4497/4648/1517
f 4430/4631/1500 4433/4649/1518 4436/4650/1519 4435/4651/1520
f 4433/4649/1518 4434/4652/1595 4437/4653/1522 4436/4650/1519
f 4435/4651/1520 4436/4650/1519 4448/4654/1523 4445/4655/1596
f 4436/4650/1519 4437/4653/1522 4438/4656/1525 4448/4654/1523
f 4431/4639/1508 4439/4657/1526 4442/4658/1527 4441/4659/1528
f 4439/4657/1526 4440/4660/1529 4443/4661/1530 4442/4658/1527
f 4441/4659/1528 4442/4658/1527 4437/4653/1522 4434/4652/1595
f 4442/4658/1527 4443/4661/1530 4438/4656/1525 4437/4653/1522
f 4432/4642/1511 4444/4662/1531 4447/4663/1532 4446/4664/1533
f 4444/4662/1531 4445/4655/1596 4448/4654/1523 4447/4663/1532
f 4446/4664/1533 4447/4663/1532 4443/4661/1530 4440/4660/1529
f 4447/4663/1532 4448/4654/1523 4438/4656/1525 4443/4661/1530
f 4454/4638/1507 4457/4665/1534 4460/4666/1535 4459/4667/1536
f 4457/4665/1534 4458/4668/1537 4461/4669/1538 4460/4666/1535
f 4459/4667/1536 4460/4666/1535 4472/4670/1539 4469/4671/1540
f 4460/4666/1535 4461/4669/1538 4462/4672/1541 4472/4670/1539
f 4455/4646/1515 4463/4673/1542 4466/4674/1543 4465/4675/1544
f 4463/4673/1542 4464/4676/1545 4467/4677/1546 4466/4674/1543
f 4465/4675/1544 4466/4674/1543 4461/4669/1538 4458/4668/1537
f 4466/4674/1543 4467/4677/1546 4462/4672/1541 4461/4669/1538
f 4456/4643/1512 4468/4678/1547 4471/4679/1548 4470/4680/1549
f 4468/4678/1547 4469/4671/1540 4472/4670/1539 4471/4679/1548
f 4470/4680/1549 4471/4679/1548 4467/4677/1546 4464/4676/1545
f 4471/4679/1548 4472/4670/1539 4462/4672/1541 4467/4677/1546
f 4478/4640/1509 4481/4681/1550 4484/4682/1551 4483/4683/1552
f 4481/4681/1550 4482/4684/1597 4485/4685/1554 4484/4682/1551
f 4483/4683/1552 4484/4682/1551 4496/4686/1555 4493/4687/1556
f 4484/4682/1551 4485/4685/1554 4486/4688/1557 4496/4686/1555
f 4479/4630/1499 4487/4689/1558 4490/4690/1559 4489/4691/1560
f 4487/4689/1558 4488/4692/1561 4491/4693/1562 4490/4690/1559
f 4489/4691/1560 4490/4690/1559 4485/4685/1554 4482/4684/1597
f 4490/4690/1559 4491/4693/1562 4486/4688/1557 4485/4685/1554
f 4480/4635/1504 4492/4694/1563 4495/4695/1564 4494/4696/1565
f 4492/4694/1563 4493/4687/1556 4496/4686/1555 4495/4695/1564
f 4494/4696/1565 4495/4695/1564 4491/4693/1562 4488/4692/1561
f 4495/4695/1564 4496/4686/1555 4486/4688/1557 4491/4693/1562
f 4502/4637/1506 4505/4697/1566 4508/4698/1567 4507/4699/1568
f 4505/4697/1566 4506/4700/1569 4509/4701/1570 4508/4698/1567
f 4507/4699/1568 4508/4698/1567 4520/4702/1571 4517/4703/1572
f 4508/4698/1567 4509/4701/1570 4510/4704/1573 4520/4702/1571
f 4503/4634/1503 4511/4705/1574 4514/4706/1575 4513/4707/1576
f 4511/4705/1574 4512/4708/1577 4515/4709/1578 4514/4706/1575
f 4513/4707/1576 4514/4706/1575 4509/4701/1570 4506/4700/1569
f 4514/4706/1575 4515/4709/1578 4510/4704/1573 4509/4701/1570
f 4504/4647/1516 4516/4710/1579 4519/4711/1580 4518/4712/1581
f 4516/4710/1579 4517/4703/1572 4520/4702/1571 4519/4711/1580
f 4518/4712/1581 4519/4711/1580 4515/4709/1578 4512/4708/1577
f 4519/4711/1580 4520/4702/1571 4510/4704/1573 4515/4709/1578
f 4425/4632/1501 4430/4631/1500 4435/4651/1520 4427/4713/1582
f 4427/4713/1582 4435/4651/1520 4445/4655/1596 4428/4714/1583
f 4428/4714/1583 4445/4655/1596 4444/4662/1531 4429/4715/1584
f 4429/4715/1584 4444/4662/1531 4432/4642/1511 4426/4641/1510
f 4431/4639/1508 4454/4638/1507 4459/4667/1536 4439/4657/1526
f 4439/4657/1526 4459/4667/1536 4469/4671/1540 4440/4660/1529
f 4440/4660/1529 4469/4671/1540 4468/4678/1547 4446/4664/1533
f 4446/4664/1533 4468/4678/1547 4456/4643/1512 4432/4642/1511
f 4455/4646/1515 4450/4645/1514 4453/4716/1585 4463/4673/1542
f 4463/4673/1542 4453/4716/1585 4452/4717/1586 4464/4676/1545
f 4464/4676/1545 4452/4717/1586 4451/4718/1587 4470/4680/1549
f 4470/4680/1549 4451/4718/1587 4449/4644/1513 4456/4643/1512
f 4454/4638/1507 4502/4637/1506 4507/4699/1568 4457/4665/1534
f 4457/4665/1534 4507/4699/1568 4517/4703/1572 4458/4668/1537
f 4458/4668/1537 4517/4703/1572 4516/4710/1579 4465/4675/1544
f 4465/4675/1544 4516/4710/1579 4504/4647/1516 4455/4646/1515
f 4503/4634/1503 4498/4633/1502 4501/4719/1588 4511/4705/1574
f 4511/4705/1574 4501/4719/1588 4500/4720/1589 4512/4708/1577
f 4512/4708/1577 4500/4720/1589 4499/4721/1590 4518/4712/1581
f 4518/4712/1581 4499/4721/1590 4497/4648/1517 4504/4647/1516
f 4502/4637/1506 4478/4640/1509 4483/4683/1552 4505/4697/1566
f 4505/4697/1566 4483/4683/1552 4493/4687/1556 4506/4700/1569
f 4506/4700/1569 4493/4687/1556 4492/4694/1563 4513/4707/1576
f 4513/4707/1576 4492/4694/1563 4480/4635/1504 4503/4634/1503
f 4479/4630/1499 4474/4629/1498 4477/4722/1591 4487/4689/1558
f 4487/4689/1558 4477/4722/1591 4476/4723/1592 4488/4692/1561
f 4488/4692/1561 4476/4723/1592 4475/4724/1593 4494/4696/1565
f 4494/4696/1565 4475/4724/1593 4473/4636/1505 4480/4635/1504
f 4478/4640/1509 4431/4639/1508 4441/4659/1528 4481/4681/1550
f 4481/4681/1550 4441/4659/1528 4434/4652/1595 4482/4684/1597
f 4482/4684/1597 4434/4652/1595 4433/4649/1518 4489/4691/1560
f 4489/4691/1560 4433/4649/1518 4430/4631/1500 4479/4630/1499
f 4449/4644/1594 4451/4718/1594 4452/4717/1594 4453/4716/1594 4450/4645/1594 4497/4648/1594 4499/4721/1594 4500/4720/1594 4501/4719/1594 4498/4633/1594 4473/4636/1594 4475/4724/1594 4476/4723/1594 4477/4722/1594 4474/4629/1594 4425/4632/1594 4427/4713/1594 4428/4714/1594 4429/4715/1594 4426/4641/1594
f 4570/4725/1498 4575/4726/1499 4526/4727/1500 4521/4728/1501
f 4594/4729/1502 4599/4730/1503 4576/4731/1504 4569/4732/1505
f 4598/4733/1506 4550/4734/1507 4527/4735/1508 4574/4736/1509
f 4522/4737/1510 4528/4738/1511 4552/4739/1512 4545/4740/1513
f 4546/4741/1514 4551/4742/1515 4600/4743/1516 4593/4744/1517
f 4526/4727/1500 4529/4745/1518 4532/4746/1519 4531/4747/1520
f 4529/4745/1518 4530/4748/1595 4533/4749/1522 4532/4746/1519
f 4531/4747/1520 4532/4746/1519 4544/4750/1523 4541/4751/1596
f 4532/4746/1519 4533/4749/1522 4534/4752/1525 4544/4750/1523
f 4527/4735/1508 4535/4753/1526 4538/4754/1527 4537/4755/1528
f 4535/4753/1526 4536/4756/1529 4539/4757/1530 4538/4754/1527
f 4537/4755/1528 4538/4754/1527 4533/4749/1522 4530/4748/1595
f 4538/4754/1527 4539/4757/1530 4534/4752/1525 4533/4749/1522
f 4528/4738/1511 4540/4758/1531 4543/4759/1532 4542/4760/1533
f 4540/4758/1531 4541/4751/1596 4544/4750/1523 4543/4759/1532
f 4542/4760/1533 4543/4759/1532 4539/4757/1530 4536/4756/1529
f 4543/4759/1532 4544/4750/1523 4534/4752/1525 4539/4757/1530
f 4550/4734/1507 4553/4761/1534 4556/4762/1535 4555/4763/1536
f 4553/4761/1534 4554/4764/1537 4557/4765/1538 4556/4762/1535
f 4555/4763/1536 4556/4762/1535 4568/4766/1539 4565/4767/1540
f 4556/4762/1535 4557/4765/1538 4558/4768/1541 4568/4766/1539
f 4551/4742/1515 4559/4769/1542 4562/4770/1543 4561/4771/1544
f 4559/4769/1542 4560/4772/1598 4563/4773/1546 4562/4770/1543
f 4561/4771/1544 4562/4770/1543 4557/4765/1538 4554/4764/1537
f 4562/4770/1543 4563/4773/1546 4558/4768/1541 4557/4765/1538
f 4552/4739/1512 4564/4774/1547 4567/4775/1548 4566/4776/1549
f 4564/4774/1547 4565/4767/1540 4568/4766/1539 4567/4775/1548
f 4566/4776/1549 4567/4775/1548 4563/4773/1546 4560/4772/1598
f 4567/4775/1548 4568/4766/1539 4558/4768/1541 4563/4773/1546
f 4574/4736/1509 4577/4777/1550 4580/4778/1551 4579/4779/1552
f 4577/4777/1550 4578/4780/1597 4581/4781/1554 4580/4778/1551
f 4579/4779/1552 4580/4778/1551 4592/4782/1555 4589/4783/1556
f 4580/4778/1551 4581/4781/1554 4582/4784/1557 4592/4782/1555
f 4575/4726/1499 4583/4785/1558 4586/4786/1559 4585/4787/1560
f 4583/4785/1558 4584/4788/1561 4587/4789/1562 4586/4786/1559
f 4585/4787/1560 4586/4786/1559 4581/4781/1554 4578/4780/1597
f 4586/4786/1559 4587/4789/1562 4582/4784/1557 4581/4781/1554
f 4576/4731/1504 4588/4790/1563 4591/4791/1564 4590/4792/1565
f 4588/4790/1563 4589/4783/1556 4592/4782/1555 4591/4791/1564
f 4590/4792/1565 4591/4791/1564 4587/4789/1562 4584/4788/1561
f 4591/4791/1564 4592/4782/1555 4582/4784/1557 4587/4789/1562
f 4598/4733/1506 4601/4793/1566 4604/4794/1567 4603/4795/1568
f 4601/4793/1566 4602/4796/1569 4605/4797/1570 4604/4794/1567
f 4603/4795/1568 4604/4794/1567 4616/4798/1571 4613/4799/1572
f 4604/4794/1567 4605/4797/1570 4606/4800/1573 4616/4798/1571
f 4599/4730/1503 4607/4801/1574 4610/4802/1575 4609/4803/1576
f 4607/4801/1574 4608/4804/1600 4611/4805/1578 4610/4802/1575
f 4609/4803/1576 4610/4802/1575 4605/4797/1570 4602/4796/1569
f 4610/4802/1575 4611/4805/1578 4606/4800/1573 4605/4797/1570
f 4600/4743/1516 4612/4806/1579 4615/4807/1580 4614/4808/1581
f 4612/4806/1579 4613/4799/1572 4616/4798/1571 4615/4807/1580
f 4614/4808/1581 4615/4807/1580 4611/4805/1578 4608/4804/1600
f 4615/4807/1580 4616/4798/1571 4606/4800/1573 4611/4805/1578
f 4521/4728/1501 4526/4727/1500 4531/4747/1520 4523/4809/1582
f 4523/4809/1582 4531/4747/1520 4541/4751/1596 4524/4810/1583
f 4524/4810/1583 4541/4751/1596 4540/4758/1531 4525/4811/1584
f 4525/4811/1584 4540/4758/1531 4528/4738/1511 4522/4737/1510
f 4527/4735/1508 4550/4734/1507 4555/4763/1536 4535/4753/1526
f 4535/4753/1526 4555/4763/1536 4565/4767/1540 4536/4756/1529
f 4536/4756/1529 4565/4767/1540 4564/4774/1547 4542/4760/1533
f 4542/4760/1533 4564/4774/1547 4552/4739/1512 4528/4738/1511
f 4551/4742/1515 4546/4741/1514 4549/4812/1585 4559/4769/1542
f 4559/4769/1542 4549/4812/1585 4548/4813/1586 4560/4772/1598
f 4560/4772/1598 4548/4813/1586 4547/4814/1587 4566/4776/1549
f 4566/4776/1549 4547/4814/1587 4545/4740/1513 4552/4739/1512
f 4550/4734/1507 4598/4733/1506 4603/4795/1568 4553/4761/1534
f 4553/4761/1534 4603/4795/1568 4613/4799/1572 4554/4764/1537
f 4554/4764/1537 4613/4799/1572 4612/4806/1579 4561/4771/1544
f 4561/4771/1544 4612/4806/1579 4600/4743/1516 4551/4742/1515
f 4599/4730/1503 4594/4729/1502 4597/4815/1588 4607/4801/1574
f 4607/4801/1574 4597/4815/1588 4596/4816/1589 4608/4804/1600
f 4608/4804/1600 4596/4816/1589 4595/4817/1590 4614/4808/1581
f 4614/4808/1581 4595/4817/1590 4593/4744/1517 4600/4743/1516
f 4598/4733/1506 4574/4736/1509 4579/4779/1552 4601/4793/1566
f 4601/4793/1566 4579/4779/1552 4589/4783/1556 4602/4796/1569
f 4602/4796/1569 4589/4783/1556 4588/4790/1563 4609/4803/1576
f 4609/4803/1576 4588/4790/1563 4576/4731/1504 4599/4730/1503
f 4575/4726/1499 4570/4725/1498 4573/4818/1591 4583/4785/1558
f 4583/4785/1558 4573/4818/1591 4572/4819/1592 4584/4788/1561
f 4584/4788/1561 4572/4819/1592 4571/4820/1593 4590/4792/1565
f 4590/4792/1565 4571/4820/1593 4569/4732/1505 4576/4731/1504
f 4574/4736/1509 4527/4735/1508 4537/4755/1528 4577/4777/1550
f 4577/4777/1550 4537/4755/1528 4530/4748/1595 4578/4780/1597
f 4578/4780/1597 4530/4748/1595 4529/4745/1518 4585/4787/1560
f 4585/4787/1560 4529/4745/1518 4526/4727/1500 4575/4726/1499
f 4545/4740/1594 4547/4814/1594 4548/4813/1594 4549/4812/1594 4546/4741/1594 4593/4744/1594 4595/4817/1594 4596/4816/1594 4597/4815/1594 4594/4729/1594 4569/4732/1594 4571/4820/1594 4572/4819/1594 4573/4818/1594 4570/4725/1594 4521/4728/1594 4523/4809/1594 4524/4810/1594 4525/4811/1594 4522/4737/1594
f 4666/4821/1498 4671/4822/1499 4622/4823/1500 4617/4824/1501
f 4690/4825/1502 4695/4826/1503 4672/4827/1504 4665/4828/1505
f 4694/4829/1506 4646/4830/1507 4623/4831/1508 4670/4832/1509
f 4618/4833/1510 4624/4834/1511 4648/4835/1512 4641/4836/1513
f 4642/4837/1514 4647/4838/1515 4696/4839/1516 4689/4840/1517
f 4622/4823/1500 4625/4841/1518 4628/4842/1519 4627/4843/1520
f 4625/4841/1518 4626/4844/1595 4629/4845/1522 4628/4842/1519
f 4627/4843/1520 4628/4842/1519 4640/4846/1523 4637/4847/1524
f 4628/4842/1519 4629/4845/1522 4630/4848/1525 4640/4846/1523
f 4623/4831/1508 4631/4849/1526 4634/4850/1527 4633/4851/1528
f 4631/4849/1526 4632/4852/1529 4635/4853/1530 4634/4850/1527
f 4633/4851/1528 4634/4850/1527 4629/4845/1522 4626/4844/1595
f 4634/4850/1527 4635/4853/1530 4630/4848/1525 4629/4845/1522
f 4624/4834/1511 4636/4854/1531 4639/4855/1532 4638/4856/1533
f 4636/4854/1531 4637/4847/1524 4640/4846/1523 4639/4855/1532
f 4638/4856/1533 4639/4855/1532 4635/4853/1530 4632/4852/1529
f 4639/4855/1532 4640/4846/1523 4630/4848/1525 4635/4853/1530
f 4646/4830/1507 4649/4857/1534 4652/4858/1535 4651/4859/1536
f 4649/4857/1534 4650/4860/1537 4653/4861/1538 4652/4858/1535
f 4651/4859/1536 4652/4858/1535 4664/4862/1539 4661/4863/1540
f 4652/4858/1535 4653/4861/1538 4654/4864/1541 4664/4862/1539
f 4647/4838/1515 4655/4865/1542 4658/4866/1543 4657/4867/1544
f 4655/4865/1542 4656/4868/1598 4659/4869/1546 4658/4866/1543
f 4657/4867/1544 4658/4866/1543 4653/4861/1538 4650/4860/1537
f 4658/4866/1543 4659/4869/1546 4654/4864/1541 4653/4861/1538
f 4648/4835/1512 4660/4870/1547 4663/4871/1548 4662/4872/1549
f 4660/4870/1547 4661/4863/1540 4664/4862/1539 4663/4871/1548
f 4662/4872/1549 4663/4871/1548 4659/4869/1546 4656/4868/1598
f 4663/4871/1548 4664/4862/1539 4654/4864/1541 4659/4869/1546
f 4670/4832/1509 4673/4873/1550 4676/4874/1551 4675/4875/1552
f 4673/4873/1550 4674/4876/1597 4677/4877/1554 4676/4874/1551
f 4675/4875/1552 4676/4874/1551 4688/4878/1555 4685/4879/1556
f 4676/4874/1551 4677/4877/1554 4678/4880/1557 4688/4878/1555
f 4671/4822/1499 4679/4881/1558 4682/4882/1559 4681/4883/1560
f 4679/4881/1558 4680/4884/1561 4683/4885/1562 4682/4882/1559
f 4681/4883/1560 4682/4882/1559 4677/4877/1554 4674/4876/1597
f 4682/4882/1559 4683/4885/1562 4678/4880/1557 4677/4877/1554
f 4672/4827/1504 4684/4886/1563 4687/4887/1564 4686/4888/1565
f 4684/4886/1563 4685/4879/1556 4688/4878/1555 4687/4887/1564
f 4686/4888/1565 4687/4887/1564 4683/4885/1562 4680/4884/1561
f 4687/4887/1564 4688/4878/1555 4678/4880/1557 4683/4885/1562
f 4694/4829/1506 4697/4889/1566 4700/4890/1567 4699/4891/1568
f 4697/4889/1566 4698/4892/1569 4701/4893/1570 4700/4890/1567
f 4699/4891/1568 4700/4890/1567 4712/4894/1571 4709/4895/1572
f 4700/4890/1567 4701/4893/1570 4702/4896/1573 4712/4894/1571
f 4695/4826/1503 4703/4897/1574 4706/4898/1575 4705/4899/1576
f 4703/4897/1574 4704/4900/1577 4707/4901/1578 4706/4898/1575
f 4705/4899/1576 4706/4898/1575 4701/4893/1570 4698/4892/1569
f 4706/4898/1575 4707/4901/1578 4702/4896/1573 4701/4893/1570
f 4696/4839/1516 4708/4902/1579 4711/4903/1580 4710/4904/1581
f 4708/4902/1579 4709/4895/1572 4712/4894/1571 4711/4903/1580
f 4710/4904/1581 4711/4903/1580 4707/4901/1578 4704/4900/1577
f 4711/4903/1580 4712/4894/1571 4702/4896/1573 4707/4901/1578
f 4617/4824/1501 4622/4823/1500 4627/4843/1520 4619/4905/1582
f 4619/4905/1582 4627/4843/1520 4637/4847/1524 4620/4906/1583
f 4620/4906/1583 4637/4847/1524 4636/4854/1531 4621/4907/1584
f 4621/4907/1584 4636/4854/1531 4624/4834/1511 4618/4833/1510
f 4623/4831/1508 4646/4830/1507 4651/4859/1536 4631/4849/1526
f 4631/4849/1526 4651/4859/1536 4661/4863/1540 4632/4852/1529
f 4632/4852/1529 4661/4863/1540 4660/4870/1547 4638/4856/1533
f 4638/4856/1533 4660/4870/1547 4648/4835/1512 4624/4834/1511
f 4647/4838/1515 4642/4837/1514 4645/4908/1585 4655/4865/1542
f 4655/4865/1542 4645/4908/1585 4644/4909/1586 4656/4868/1598
f 4656/4868/1598 4644/4909/1586 4643/4910/1587 4662/4872/1549
f 4662/4872/1549 4643/4910/1587 4641/4836/1513 4648/4835/1512
f 4646/4830/1507 4694/4829/1506 4699/4891/1568 4649/4857/1534
f 4649/4857/1534 4699/4891/1568 4709/4895/1572 4650/4860/1537
f 4650/4860/1537 4709/4895/1572 4708/4902/1579 4657/4867/1544
f 4657/4867/1544 4708/4902/1579 4696/4839/1516 4647/4838/1515
f 4695/4826/1503 4690/4825/1502 4693/4911/1588 4703/4897/1574
f 4703/4897/1574 4693/4911/1588 4692/4912/1589 4704/4900/1577
f 4704/4900/1577 4692/4912/1589 4691/4913/1590 4710/4904/1581
f 4710/4904/1581 4691/4913/1590 4689/4840/1517 4696/4839/1516
f 4694/4829/1506 4670/4832/1509 4675/4875/1552 4697/4889/1566
f 4697/4889/1566 4675/4875/1552 4685/4879/1556 4698/4892/1569
f 4698/4892/1569 4685/4879/1556 4684/4886/1563 4705/4899/1576
f 4705/4899/1576 4684/4886/1563 4672/4827/1504 4695/4826/1503
f 4671/4822/1499 4666/4821/1498 4669/4914/1591 4679/4881/1558
f 4679/4881/1558 4669/4914/1591 4668/4915/1592 4680/4884/1561
f 4680/4884/1561 4668/4915/1592 4667/4916/1593 4686/4888/1565
f 4686/4888/1565 4667/4916/1593 4665/4828/1505 4672/4827/1504
f 4670/4832/1509 4623/4831/1508 4633/4851/1528 4673/4873/1550
f 4673/4873/1550 4633/4851/1528 4626/4844/1595 4674/4876/1597
f 4674/4876/1597 4626/4844/1595 4625/4841/1518 4681/4883/1560
f 4681/4883/1560 4625/4841/1518 4622/4823/1500 4671/4822/1499
f 4641/4836/1594 4643/4910/1594 4644/4909/1594 4645/4908/1594 4642/4837/1594 4689/4840/1594 4691/4913/1594 4692/4912/1594 4693/4911/1594 4690/4825/1594 4665/4828/1594 4667/4916/1594 4668/4915/1594 4669/4914/1594 4666/4821/1594 4617/4824/1594 4619/4905/1594 4620/4906/1594 4621/4907/1594 4618/4833/1594
f 4762/4917/1498 4767/4918/1499 4718/4919/1500 4713/4920/1501
f 4786/4921/1502 4791/4922/1503 4768/4923/1504 4761/4924/1505
f 4790/4925/1506 4742/4926/1507 4719/4927/1508 4766/4928/1509
f 4714/4929/1510 4720/4930/1511 4744/4931/1512 4737/4932/1513
f 4738/4933/1514 4743/4934/1515 4792/4935/1516 4785/4936/1517
f 4718/4919/1500 4721/4937/1518 4724/4938/1519 4723/4939/1520
f 4721/4937/1518 4722/4940/1595 4725/4941/1522 4724/4938/1519
f 4723/4939/1520 4724/4938/1519 4736/4942/1523 4733/4943/1596
f 4724/4938/1519 4725/4941/1522 4726/4944/1525 4736/4942/1523
f 4719/4927/1508 4727/4945/1526 4730/4946/1527 4729/4947/1528
f 4727/4945/1526 4728/4948/1529 4731/4949/1530 4730/4946/1527
f 4729/4947/1528 4730/4946/1527 4725/4941/1522 4722/4940/1595
f 4730/4946/1527 4731/4949/1530 4726/4944/1525 4725/4941/1522
f 4720/4930/1511 4732/4950/1531 4735/4951/1532 4734/4952/1533
f 4732/4950/1531 4733/4943/1596 4736/4942/1523 4735/4951/1532
f 4734/4952/1533 4735/4951/1532 4731/4949/1530 4728/4948/1529
f 4735/4951/1532 4736/4942/1523 4726/4944/1525 4731/4949/1530
f 4742/4926/1507 4745/4953/1534 4748/4954/1535 4747/4955/1536
f 4745/4953/1534 4746/4956/1537 4749/4957/1538 4748/4954/1535
f 4747/4955/1536 4748/4954/1535 4760/4958/1539 4757/4959/1540
f 4748/4954/1535 4749/4957/1538 4750/4960/1541 4760/4958/1539
f 4743/4934/1515 4751/4961/1542 4754/4962/1543 4753/4963/1544
f 4751/4961/1542 4752/4964/1598 4755/4965/1546 4754/4962/1543
f 4753/4963/1544 4754/4962/1543 4749/4957/1538 4746/4956/1537
f 4754/4962/1543 4755/4965/1546 4750/4960/1541 4749/4957/1538
f 4744/4931/1512 4756/4966/1547 4759/4967/1548 4758/4968/1549
f 4756/4966/1547 4757/4959/1540 4760/4958/1539 4759/4967/1548
f 4758/4968/1549 4759/4967/1548 4755/4965/1546 4752/4964/1598
f 4759/4967/1548 4760/4958/1539 4750/4960/1541 4755/4965/1546
f 4766/4928/1509 4769/4969/1550 4772/4970/1551 4771/4971/1552
f 4769/4969/1550 4770/4972/1553 4773/4973/1554 4772/4970/1551
f 4771/4971/1552 4772/4970/1551 4784/4974/1555 4781/4975/1556
f 4772/4970/1551 4773/4973/1554 4774/4976/1557 4784/4974/1555
f 4767/4918/1499 4775/4977/1558 4778/4978/1559 4777/4979/1560
f 4775/4977/1558 4776/4980/1561 4779/4981/1562 4778/4978/1559
f 4777/4979/1560 4778/4978/1559 4773/4973/1554 4770/4972/1553
f 4778/4978/1559 4779/4981/1562 4774/4976/1557 4773/4973/1554
f 4768/4923/1504 4780/4982/1563 4783/4983/1564 4782/4984/1565
f 4780/4982/1563 4781/4975/1556 4784/4974/1555 4783/4983/1564
f 4782/4984/1565 4783/4983/1564 4779/4981/1562 4776/4980/1561
f 4783/4983/1564 4784/4974/1555 4774/4976/1557 4779/4981/1562
f 4790/4925/1506 4793/4985/1566 4796/4986/1567 4795/4987/1568
f 4793/4985/1566 4794/4988/1569 4797/4989/1570 4796/4986/1567
f 4795/4987/1568 4796/4986/1567 4808/4990/1571 4805/4991/1601
f 4796/4986/1567 4797/4989/1570 4798/4992/1573 4808/4990/1571
f 4791/4922/1503 4799/4993/1574 4802/4994/1575 4801/4995/1576
f 4799/4993/1574 4800/4996/1600 4803/4997/1578 4802/4994/1575
f 4801/4995/1576 4802/4994/1575 4797/4989/1570 4794/4988/1569
f 4802/4994/1575 4803/4997/1578 4798/4992/1573 4797/4989/1570
f 4792/4935/1516 4804/4998/1579 4807/4999/1580 4806/5000/1581
f 4804/4998/1579 4805/4991/1601 4808/4990/1571 4807/4999/1580
f 4806/5000/1581 4807/4999/1580 4803/4997/1578 4800/4996/1600
f 4807/4999/1580 4808/4990/1571 4798/4992/1573 4803/4997/1578
f 4713/4920/1501 4718/4919/1500 4723/4939/1520 4715/5001/1582
f 4715/5001/1582 4723/4939/1520 4733/4943/1596 4716/5002/1583
f 4716/5002/1583 4733/4943/1596 4732/4950/1531 4717/5003/1584
f 4717/5003/1584 4732/4950/1531 4720/4930/1511 4714/4929/1510
f 4719/4927/1508 4742/4926/1507 4747/4955/1536 4727/4945/1526
f 4727/4945/1526 4747/4955/1536 4757/4959/1540 4728/4948/1529
f 4728/4948/1529 4757/4959/1540 4756/4966/1547 4734/4952/1533
f 4734/4952/1533 4756/4966/1547 4744/4931/1512 4720/4930/1511
f 4743/4934/1515 4738/4933/1514 4741/5004/1585 4751/4961/1542
f 4751/4961/1542 4741/5004/1585 4740/5005/1586 4752/4964/1598
f 4752/4964/1598 4740/5005/1586 4739/5006/1587 4758/4968/1549
f 4758/4968/1549 4739/5006/1587 4737/4932/1513 4744/4931/1512
f 4742/4926/1507 4790/4925/1506 4795/4987/1568 4745/4953/1534
f 4745/4953/1534 4795/4987/1568 4805/4991/1601 4746/4956/1537
f 4746/4956/1537 4805/4991/1601 4804/4998/1579 4753/4963/1544
f 4753/4963/1544 4804/4998/1579 4792/4935/1516 4743/4934/1515
f 4791/4922/1503 4786/4921/1502 4789/5007/1588 4799/4993/1574
f 4799/4993/1574 4789/5007/1588 4788/5008/1589 4800/4996/1600
f 4800/4996/1600 4788/5008/1589 4787/5009/1590 4806/5000/1581
f 4806/5000/1581 4787/5009/1590 4785/4936/1517 4792/4935/1516
f 4790/4925/1506 4766/4928/1509 4771/4971/1552 4793/4985/1566
f 4793/4985/1566 4771/4971/1552 4781/4975/1556 4794/4988/1569
f 4794/4988/1569 4781/4975/1556 4780/4982/1563 4801/4995/1576
f 4801/4995/1576 4780/4982/1563 4768/4923/1504 4791/4922/1503
f 4767/4918/1499 4762/4917/1498 4765/5010/1591 4775/4977/1558
f 4775/4977/1558 4765/5010/1591 4764/5011/1592 4776/4980/1561
f 4776/4980/1561 4764/5011/1592 4763/5012/1593 4782/4984/1565
f 4782/4984/1565 4763/5012/1593 4761/4924/1505 4768/4923/1504
f 4766/4928/1509 4719/4927/1508 4729/4947/1528 4769/4969/1550
f 4769/4969/1550 4729/4947/1528 4722/4940/1595 4770/4972/1553
f 4770/4972/1553 4722/4940/1595 4721/4937/1518 4777/4979/1560
f 4777/4979/1560 4721/4937/1518 4718/4919/1500 4767/4918/1499
f 4737/4932/1594 4739/5006/1594 4740/5005/1594 4741/5004/1594 4738/4933/1594 4785/4936/1594 4787/5009/1594 4788/5008/1594 4789/5007/1594 4786/4921/1594 4761/4924/1594 4763/5012/1594 4764/5011/1594 4765/5010/1594 4762/4917/1594 4713/4920/1594 4715/5001/1594 4716/5002/1594 4717/5003/1594 4714/4929/1594
f 4858/5013/1498 4863/5014/1499 4814/5015/1500 4809/5016/1501
f 4882/5017/1502 4887/5018/1503 4864/5019/1504 4857/5020/1505
f 4886/5021/1506 4838/5022/1507 4815/5023/1508 4862/5024/1509
f 4810/5025/1510 4816/5026/1511 4840/5027/1512 4833/5028/1513
f 4834/5029/1514 4839/5030/1515 4888/5031/1516 4881/5032/1517
f 4814/5015/1500 4817/5033/1518 4820/5034/1519 4819/5035/1520
f 4817/5033/1518 4818/5036/1521 4821/5037/1522 4820/5034/1519
f 4819/5035/1520 4820/5034/1519 4832/5038/1523 4829/5039/1596
f 4820/5034/1519 4821/5037/1522 4822/5040/1525 4832/5038/1523
f 4815/5023/1508 4823/5041/1526 4826/5042/1527 4825/5043/1528
f 4823/5041/1526 4824/5044/1529 4827/5045/1530 4826/5042/1527
f 4825/5043/1528 4826/5042/1527 4821/5037/1522 4818/5036/1521
f 4826/5042/1527 4827/5045/1530 4822/5040/1525 4821/5037/1522
f 4816/5026/1511 4828/5046/1531 4831/5047/1532 4830/5048/1533
f 4828/5046/1531 4829/5039/1596 4832/5038/1523 4831/5047/1532
f 4830/5048/1533 4831/5047/1532 4827/5045/1530 4824/5044/1529
f 4831/5047/1532 4832/5038/1523 4822/5040/1525 4827/5045/1530
f 4838/5022/1507 4841/5049/1534 4844/5050/1535 4843/5051/1536
f 4841/5049/1534 4842/5052/1602 4845/5053/1538 4844/5050/1535
f 4843/5051/1536 4844/5050/1535 4856/5054/1539 4853/5055/1540
f 4844/5050/1535 4845/5053/1538 4846/5056/1541 4856/5054/1539
f 4839/5030/1515 4847/5057/1542 4850/5058/1543 4849/5059/1544
f 4847/5057/1542 4848/5060/1545 4851/5061/1546 4850/5058/1543
f 4849/5059/1544 4850/5058/1543 4845/5053/1538 4842/5052/1602
f 4850/5058/1543 4851/5061/1546 4846/5056/1541 4845/5053/1538
f 4840/5027/1512 4852/5062/1547 4855/5063/1548 4854/5064/1549
f 4852/5062/1547 4853/5055/1540 4856/5054/1539 4855/5063/1548
f 4854/5064/1549 4855/5063/1548 4851/5061/1546 4848/5060/1545
f 4855/5063/1548 4856/5054/1539 4846/5056/1541 4851/5061/1546
f 4862/5024/1509 4865/5065/1550 4868/5066/1551 4867/5067/1552
f 4865/5065/1550 4866/5068/1553 4869/5069/1554 4868/5066/1551
f 4867/5067/1552 4868/5066/1551 4880/5070/1555 4877/5071/1556
f 4868/5066/1551 4869/5069/1554 4870/5072/1557 4880/5070/1555
f 4863/5014/1499 4871/5073/1558 4874/5074/1559 4873/5075/1560
f 4871/5073/1558 4872/5076/1561 4875/5077/1562 4874/5074/1559
f 4873/5075/1560 4874/5074/1559 4869/5069/1554 4866/5068/1553
f 4874/5074/1559 4875/5077/1562 4870/5072/1557 4869/5069/1554
f 4864/5019/1504 4876/5078/1563 4879/5079/1564 4878/5080/1565
f 4876/5078/1563 4877/5071/1556 4880/5070/1555 4879/5079/1564
f 4878/5080/1565 4879/5079/1564 4875/5077/1562 4872/5076/1561
f 4879/5079/1564 4880/5070/1555 4870/5072/1557 4875/5077/1562
f 4886/5021/1506 4889/5081/1566 4892/5082/1567 4891/5083/1568
f 4889/5081/1566 4890/5084/1569 4893/5085/1570 4892/5082/1567
f 4891/5083/1568 4892/5082/1567 4904/5086/1571 4901/5087/1601
f 4892/5082/1567 4893/5085/1570 4894/5088/1573 4904/5086/1571
f 4887/5018/1503 4895/5089/1574 4898/5090/1575 4897/5091/1576
f 4895/5089/1574 4896/5092/1577 4899/5093/1578 4898/5090/1575
f 4897/5091/1576 4898/5090/1575 4893/5085/1570 4890/5084/1569
f 4898/5090/1575 4899/5093/1578 4894/5088/1573 4893/5085/1570
f 4888/5031/1516 4900/5094/1579 4903/5095/1580 4902/5096/1581
f 4900/5094/1579 4901/5087/1601 4904/5086/1571 4903/5095/1580
f 4902/5096/1581 4903/5095/1580 4899/5093/1578 4896/5092/1577
f 4903/5095/1580 4904/5086/1571 4894/5088/1573 4899/5093/1578
f 4809/5016/1501 4814/5015/1500 4819/5035/1520 4811/5097/1582
f 4811/5097/1582 4819/5035/1520 4829/5039/1596 4812/5098/1583
f 4812/5098/1583 4829/5039/1596 4828/5046/1531 4813/5099/1584
f 4813/5099/1584 4828/5046/1531 4816/5026/1511 4810/5025/1510
f 4815/5023/1508 4838/5022/1507 4843/5051/1536 4823/5041/1526
f 4823/5041/1526 4843/5051/1536 4853/5055/1540 4824/5044/1529
f 4824/5044/1529 4853/5055/1540 4852/5062/1547 4830/5048/1533
f 4830/5048/1533 4852/5062/1547 4840/5027/1512 4816/5026/1511
f 4839/5030/1515 4834/5029/1514 4837/5100/1585 4847/5057/1542
f 4847/5057/1542 4837/5100/1585 4836/5101/1586 4848/5060/1545
f 4848/5060/1545 4836/5101/1586 4835/5102/1587 4854/5064/1549
f 4854/5064/1549 4835/5102/1587 4833/5028/1513 4840/5027/1512
f 4838/5022/1507 4886/5021/1506 4891/5083/1568 4841/5049/1534
f 4841/5049/1534 4891/5083/1568 4901/5087/1601 4842/5052/1602
f 4842/5052/1602 4901/5087/1601 4900/5094/1579 4849/5059/1544
f 4849/5059/1544 4900/5094/1579 4888/5031/1516 4839/5030/1515
f 4887/5018/1503 4882/5017/1502 4885/5103/1588 4895/5089/1574
f 4895/5089/1574 4885/5103/1588 4884/5104/1589 4896/5092/1577
f 4896/5092/1577 4884/5104/1589 4883/5105/1590 4902/5096/1581
f 4902/5096/1581 4883/5105/1590 4881/5032/1517 4888/5031/1516
f 4886/5021/1506 4862/5024/1509 4867/5067/1552 4889/5081/1566
f 4889/5081/1566 4867/5067/1552 4877/5071/1556 4890/5084/1569
f 4890/5084/1569 4877/5071/1556 4876/5078/1563 4897/5091/1576
f 4897/5091/1576 4876/5078/1563 4864/5019/1504 4887/5018/1503
f 4863/5014/1499 4858/5013/1498 4861/5106/1591 4871/5073/1558
f 4871/5073/1558 4861/5106/1591 4860/5107/1592 4872/5076/1561
f 4872/5076/1561 4860/5107/1592 4859/5108/1593 4878/5080/1565
f 4878/5080/1565 4859/5108/1593 4857/5020/1505 4864/5019/1504
f 4862/5024/1509 4815/5023/1508 4825/5043/1528 4865/5065/1550
f 4865/5065/1550 4825/5043/1528 4818/5036/1521 4866/5068/1553
f 4866/5068/1553 4818/5036/1521 4817/5033/1518 4873/5075/1560
f 4873/5075/1560 4817/5033/1518 4814/5015/1500 4863/5014/1499
f 4833/5028/1594 4835/5102/1594 4836/5101/1594 4837/5100/1594 4834/5029/1594 4881/5032/1594 4883/5105/1594 4884/5104/1594 4885/5103/1594 4882/5017/1594 4857/5020/1594 4859/5108/1594 4860/5107/1594 4861/5106/1594 4858/5013/1594 4809/5016/1594 4811/5097/1594 4812/5098/1594 4813/5099/1594 4810/5025/1594
f 4954/5109/1498 4959/5110/1499 4910/5111/1500 4905/5112/1501
f 4978/5113/1502 4983/5114/1503 4960/5115/1504 4953/5116/1505
f 4982/5117/1506 4934/5118/1507 4911/5119/1508 4958/5120/1509
f 4906/5121/1510 4912/5122/1511 4936/5123/1512 4929/5124/1513
f 4930/5125/1514 4935/5126/1515 4984/5127/1516 4977/5128/1517
f 4910/5111/1500 4913/5129/1518 4916/5130/1519 4915/5131/1520
f 4913/5129/1518 4914/5132/1521 4917/5133/1522 4916/5130/1519
f 4915/5131/1520 4916/5130/1519 4928/5134/1523 4925/5135/1596
f 4916/5130/1519 4917/5133/1522 4918/5136/1525 4928/5134/1523
f 4911/5119/1508 4919/5137/1526 4922/5138/1527 4921/5139/1528
f 4919/5137/1526 4920/5140/1529 4923/5141/1530 4922/5138/1527
f 4921/5139/1528 4922/5138/1527 4917/5133/1522 4914/5132/1521
f 4922/5138/1527 4923/5141/1530 4918/5136/1525 4917/5133/1522
f 4912/5122/1511 4924/5142/1531 4927/5143/1532 4926/5144/1533
f 4924/5142/1531 4925/5135/1596 4928/5134/1523 4927/5143/1532
f 4926/5144/1533 4927/5143/1532 4923/5141/1530 4920/5140/1529
f 4927/5143/1532 4928/5134/1523 4918/5136/1525 4923/5141/1530
f 4934/5118/1507 4937/5145/1534 4940/5146/1535 4939/5147/1536
f 4937/5145/1534 4938/5148/1602 4941/5149/1538 4940/5146/1535
f 4939/5147/1536 4940/5146/1535 4952/5150/1539 4949/5151/1540
f 4940/5146/1535 4941/5149/1538 4942/5152/1541 4952/5150/1539
f 4935/5126/1515 4943/5153/1542 4946/5154/1543 4945/5155/1544
f 4943/5153/1542 4944/5156/1545 4947/5157/1546 4946/5154/1543
f 4945/5155/1544 4946/5154/1543 4941/5149/1538 4938/5148/1602
f 4946/5154/1543 4947/5157/1546 4942/5152/1541 4941/5149/1538
f 4936/5123/1512 4948/5158/1547 4951/5159/1548 4950/5160/1549
f 4948/5158/1547 4949/5151/1540 4952/5150/1539 4951/5159/1548
f 4950/5160/1549 4951/5159/1548 4947/5157/1546 4944/5156/1545
f 4951/5159/1548 4952/5150/1539 4942/5152/1541 4947/5157/1546
f 4958/5120/1509 4961/5161/1550 4964/5162/1551 4963/5163/1552
f 4961/5161/1550 4962/5164/1553 4965/5165/1554 4964/5162/1551
f 4963/5163/1552 4964/5162/1551 4976/5166/1555 4973/5167/1556
f 4964/5162/1551 4965/5165/1554 4966/5168/1557 4976/5166/1555
f 4959/5110/1499 4967/5169/1558 4970/5170/1559 4969/5171/1560
f 4967/5169/1558 4968/5172/1561 4971/5173/1562 4970/5170/1559
f 4969/5171/1560 4970/5170/1559 4965/5165/1554 4962/5164/1553
f 4970/5170/1559 4971/5173/1562 4966/5168/1557 4965/5165/1554
f 4960/5115/1504 4972/5174/1563 4975/5175/1564 4974/5176/1565
f 4972/5174/1563 4973/5167/1556 4976/5166/1555 4975/5175/1564
f 4974/5176/1565 4975/5175/1564 4971/5173/1562 4968/5172/1561
f 4975/5175/1564 4976/5166/1555 4966/5168/1557 4971/5173/1562
f 4982/5117/1506 4985/5177/1566 4988/5178/1567 4987/5179/1568
f 4985/5177/1566 4986/5180/1569 4989/5181/1570 4988/5178/1567
f 4987/5179/1568 4988/5178/1567 5000/5182/1571 4997/5183/1601
f 4988/5178/1567 4989/5181/1570 4990/5184/1573 5000/5182/1571
f 4983/5114/1503 4991/5185/1574 4994/5186/1575 4993/5187/1576
f 4991/5185/1574 4992/5188/1577 4995/5189/1578 4994/5186/1575
f 4993/5187/1576 4994/5186/1575 4989/5181/1570 4986/5180/1569
f 4994/5186/1575 4995/5189/1578 4990/5184/1573 4989/5181/1570
f 4984/5127/1516 4996/5190/1579 4999/5191/1580 4998/5192/1581
f 4996/5190/1579 4997/5183/1601 5000/5182/1571 4999/5191/1580
f 4998/5192/1581 4999/5191/1580 4995/5189/1578 4992/5188/1577
f 4999/5191/1580 5000/5182/1571 4990/5184/1573 4995/5189/1578
f 4905/5112/1501 4910/5111/1500 4915/5131/1520 4907/5193/1582
f 4907/5193/1582 4915/5131/1520 4925/5135/1596 4908/5194/1583
f 4908/5194/1583 4925/5135/1596 4924/5142/1531 4909/5195/1584
f 4909/5195/1584 4924/5142/1531 4912/5122/1511 4906/5121/1510
f 4911/5119/1508 4934/5118/1507 4939/5147/1536 4919/5137/1526
f 4919/5137/1526 4939/5147/1536 4949/5151/1540 4920/5140/1529
f 4920/5140/1529 4949/5151/1540 4948/5158/1547 4926/5144/1533
f 4926/5144/1533 4948/5158/1547 4936/5123/1512 4912/5122/1511
f 4935/5126/1515 4930/5125/1514 4933/5196/1585 4943/5153/1542
f 4943/5153/1542 4933/5196/1585 4932/5197/1586 4944/5156/1545
f 4944/5156/1545 4932/5197/1586 4931/5198/1587 4950/5160/1549
f 4950/5160/1549 4931/5198/1587 4929/5124/1513 4936/5123/1512
f 4934/5118/1507 4982/5117/1506 4987/5179/1568 4937/5145/1534
f 4937/5145/1534 4987/5179/1568 4997/5183/1601 4938/5148/1602
f 4938/5148/1602 4997/5183/1601 4996/5190/1579 4945/5155/1544
f 4945/5155/1544 4996/5190/1579 4984/5127/1516 4935/5126/1515
f 4983/5114/1503 4978/5113/1502 4981/5199/1588 4991/5185/1574
f 4991/5185/1574 4981/5199/1588 4980/5200/1589 4992/5188/1577
f 4992/5188/1577 4980/5200/1589 4979/5201/1590 4998/5192/1581
f 4998/5192/1581 4979/5201/1590 4977/5128/1517 4984/5127/1516
f 4982/5117/1506 4958/5120/1509 4963/5163/1552 4985/5177/1566
f 4985/5177/1566 4963/5163/1552 4973/5167/1556 4986/5180/1569
f 4986/5180/1569 4973/5167/1556 4972/5174/1563 4993/5187/1576
f 4993/5187/1576 4972/5174/1563 4960/5115/1504 4983/5114/1503
f 4959/5110/1499 4954/5109/1498 4957/5202/1591 4967/5169/1558
f 4967/5169/1558 4957/5202/1591 4956/5203/1592 4968/5172/1561
f 4968/5172/1561 4956/5203/1592 4955/5204/1593 4974/5176/1565
f 4974/5176/1565 4955/5204/1593 4953/5116/1505 4960/5115/1504
f 4958/5120/1509 4911/5119/1508 4921/5139/1528 4961/5161/1550
f 4961/5161/1550 4921/5139/1528 4914/5132/1521 4962/5164/1553
f 4962/5164/1553 4914/5132/1521 4913/5129/1518 4969/5171/1560
f 4969/5171/1560 4913/5129/1518 4910/5111/1500 4959/5110/1499
f 4929/5124/1594 4931/5198/1594 4932/5197/1594 4933/5196/1594 4930/5125/1594 4977/5128/1594 4979/5201/1594 4980/5200/1594 4981/5199/1594 4978/5113/1594 4953/5116/1594 4955/5204/1594 4956/5203/1594 4957/5202/1594 4954/5109/1594 4905/5112/1594 4907/5193/1594 4908/5194/1594 4909/5195/1594 4906/5121/1594
f 5050/5205/1498 5055/5206/1499 5006/5207/1500 5001/5208/1501
f 5074/5209/1502 5079/5210/1503 5056/5211/1504 5049/5212/1505
f 5078/5213/1506 5030/5214/1507 5007/5215/1508 5054/5216/1509
f 5002/5217/1510 5008/5218/1511 5032/5219/1512 5025/5220/1513
f 5026/5221/1514 5031/5222/1515 5080/5223/1516 5073/5224/1517
f 5006/5207/1500 5009/5225/1518 5012/5226/1519 5011/5227/1520
f 5009/5225/1518 5010/5228/1595 5013/5229/1522 5012/5226/1519
f 5011/5227/1520 5012/5226/1519 5024/5230/1523 5021/5231/1596
f 5012/5226/1519 5013/5229/1522 5014/5232/1525 5024/5230/1523
f 5007/5215/1508 5015/5233/1526 5018/5234/1527 5017/5235/1528
f 5015/5233/1526 5016/5236/1529 5019/5237/1530 5018/5234/1527
f 5017/5235/1528 5018/5234/1527 5013/5229/1522 5010/5228/1595
f 5018/5234/1527 5019/5237/1530 5014/5232/1525 5013/5229/1522
f 5008/5218/1511 5020/5238/1531 5023/5239/1532 5022/5240/1533
f 5020/5238/1531 5021/5231/1596 5024/5230/1523 5023/5239/1532
f 5022/5240/1533 5023/5239/1532 5019/5237/1530 5016/5236/1529
f 5023/5239/1532 5024/5230/1523 5014/5232/1525 5019/5237/1530
f 5030/5214/1507 5033/5241/1534 5036/5242/1535 5035/5243/1536
f 5033/5241/1534 5034/5244/1602 5037/5245/1538 5036/5242/1535
f 5035/5243/1536 5036/5242/1535 5048/5246/1539 5045/5247/1540
f 5036/5242/1535 5037/5245/1538 5038/5248/1541 5048/5246/1539
f 5031/5222/1515 5039/5249/1542 5042/5250/1543 5041/5251/1544
f 5039/5249/1542 5040/5252/1545 5043/5253/1546 5042/5250/1543
f 5041/5251/1544 5042/5250/1543 5037/5245/1538 5034/5244/1602
f 5042/5250/1543 5043/5253/1546 5038/5248/1541 5037/5245/1538
f 5032/5219/1512 5044/5254/1547 5047/5255/1548 5046/5256/1549
f 5044/5254/1547 5045/5247/1540 5048/5246/1539 5047/5255/1548
f 5046/5256/1549 5047/5255/1548 5043/5253/1546 5040/5252/1545
f 5047/5255/1548 5048/5246/1539 5038/5248/1541 5043/5253/1546
f 5054/5216/1509 5057/5257/1550 5060/5258/1551 5059/5259/1552
f 5057/5257/1550 5058/5260/1597 5061/5261/1554 5060/5258/1551
f 5059/5259/1552 5060/5258/1551 5072/5262/1555 5069/5263/1556
f 5060/5258/1551 5061/5261/1554 5062/5264/1557 5072/5262/1555
f 5055/5206/1499 5063/5265/1558 5066/5266/1559 5065/5267/1560
f 5063/5265/1558 5064/5268/1561 5067/5269/1562 5066/5266/1559
f 5065/5267/1560 5066/5266/1559 5061/5261/1554 5058/5260/1597
f 5066/5266/1559 5067/5269/1562 5062/5264/1557 5061/5261/1554
f 5056/5211/1504 5068/5270/1563 5071/5271/1564 5070/5272/1565
f 5068/5270/1563 5069/5263/1556 5072/5262/1555 5071/5271/1564
f 5070/5272/1565 5071/5271/1564 5067/5269/1562 5064/5268/1561
f 5071/5271/1564 5072/5262/1555 5062/5264/1557 5067/5269/1562
f 5078/5213/1506 5081/5273/1566 5084/5274/1567 5083/5275/1568
f 5081/5273/1566 5082/5276/1569 5085/5277/1570 5084/5274/1567
f 5083/5275/1568 5084/5274/1567 5096/5278/1571 5093/5279/1601
f 5084/5274/1567 5085/5277/1570 5086/5280/1573 5096/5278/1571
f 5079/5210/1503 5087/5281/1574 5090/5282/1575 5089/5283/1576
f 5087/5281/1574 5088/5284/1577 5091/5285/1578 5090/5282/1575
f 5089/5283/1576 5090/5282/1575 5085/5277/1570 5082/5276/1569
f 5090/5282/1575 5091/5285/1578 5086/5280/1573 5085/5277/1570
f 5080/5223/1516 5092/5286/1579 5095/5287/1580 5094/5288/1581
f 5092/5286/1579 5093/5279/1601 5096/5278/1571 5095/5287/1580
f 5094/5288/1581 5095/5287/1580 5091/5285/1578 5088/5284/1577
f 5095/5287/1580 5096/5278/1571 5086/5280/1573 5091/5285/1578
f 5001/5208/1501 5006/5207/1500 5011/5227/1520 5003/5289/1582
f 5003/5289/1582 5011/5227/1520 5021/5231/1596 5004/5290/1583
f 5004/5290/1583 5021/5231/1596 5020/5238/1531 5005/5291/1584
f 5005/5291/1584 5020/5238/1531 5008/5218/1511 5002/5217/1510
f 5007/5215/1508 5030/5214/1507 5035/5243/1536 5015/5233/1526
f 5015/5233/1526 5035/5243/1536 5045/5247/1540 5016/5236/1529
f 5016/5236/1529 5045/5247/1540 5044/5254/1547 5022/5240/1533
f 5022/5240/1533 5044/5254/1547 5032/5219/1512 5008/5218/1511
f 5031/5222/1515 5026/5221/1514 5029/5292/1585 5039/5249/1542
f 5039/5249/1542 5029/5292/1585 5028/5293/1586 5040/5252/1545
f 5040/5252/1545 5028/5293/1586 5027/5294/1587 5046/5256/1549
f 5046/5256/1549 5027/5294/1587 5025/5220/1513 5032/5219/1512
f 5030/5214/1507 5078/5213/1506 5083/5275/1568 5033/5241/1534
f 5033/5241/1534 5083/5275/1568 5093/5279/1601 5034/5244/1602
f 5034/5244/1602 5093/5279/1601 5092/5286/1579 5041/5251/1544
f 5041/5251/1544 5092/5286/1579 5080/5223/1516 5031/5222/1515
f 5079/5210/1503 5074/5209/1502 5077/5295/1588 5087/5281/1574
f 5087/5281/1574 5077/5295/1588 5076/5296/1589 5088/5284/1577
f 5088/5284/1577 5076/5296/1589 5075/5297/1590 5094/5288/1581
f 5094/5288/1581 5075/5297/1590 5073/5224/1517 5080/5223/1516
f 5078/5213/1506 5054/5216/1509 5059/5259/1552 5081/5273/1566
f 5081/5273/1566 5059/5259/1552 5069/5263/1556 5082/5276/1569
f 5082/5276/1569 5069/5263/1556 5068/5270/1563 5089/5283/1576
f 5089/5283/1576 5068/5270/1563 5056/5211/1504 5079/5210/1503
f 5055/5206/1499 5050/5205/1498 5053/5298/1591 5063/5265/1558
f 5063/5265/1558 5053/5298/1591 5052/5299/1592 5064/5268/1561
f 5064/5268/1561 5052/5299/1592 5051/5300/1593 5070/5272/1565
f 5070/5272/1565 5051/5300/1593 5049/5212/1505 5056/5211/1504
f 5054/5216/1509 5007/5215/1508 5017/5235/1528 5057/5257/1550
f 5057/5257/1550 5017/5235/1528 5010/5228/1595 5058/5260/1597
f 5058/5260/1597 5010/5228/1595 5009/5225/1518 5065/5267/1560
f 5065/5267/1560 5009/5225/1518 5006/5207/1500 5055/5206/1499
f 5025/5220/1594 5027/5294/1594 5028/5293/1594 5029/5292/1594 5026/5221/1594 5073/5224/1594 5075/5297/1594 5076/5296/1594 5077/5295/1594 5074/5209/1594 5049/5212/1594 5051/5300/1594 5052/5299/1594 5053/5298/1594 5050/5205/1594 5001/5208/1594 5003/5289/1594 5004/5290/1594 5005/5291/1594 5002/5217/1594
f 5146/5301/1498 5151/5302/1499 5102/5303/1500 5097/5304/1501
f 5170/5305/1502 5175/5306/1503 5152/5307/1504 5145/5308/1505
f 5174/5309/1506 5126/5310/1507 5103/5311/1508 5150/5312/1509
f 5098/5313/1510 5104/5314/1511 5128/5315/1512 5121/5316/1513
f 5122/5317/1514 5127/5318/1515 5176/5319/1516 5169/5320/1517
f 5102/5303/1500 5105/5321/1518 5108/5322/1519 5107/5323/1520
f 5105/5321/1518 5106/5324/1595 5109/5325/1522 5108/5322/1519
f 5107/5323/1520 5108/5322/1519 5120/5326/1523 5117/5327/1596
f 5108/5322/1519 5109/5325/1522 5110/5328/1525 5120/5326/1523
f 5103/5311/1508 5111/5329/1526 5114/5330/1527 5113/5331/1528
f 5111/5329/1526 5112/5332/1529 5115/5333/1530 5114/5330/1527
f 5113/5331/1528 5114/5330/1527 5109/5325/1522 5106/5324/1595
f 5114/5330/1527 5115/5333/1530 5110/5328/1525 5109/5325/1522
f 5104/5314/1511 5116/5334/1531 5119/5335/1532 5118/5336/1533
f 5116/5334/1531 5117/5327/1596 5120/5326/1523 5119/5335/1532
f 5118/5336/1533 5119/5335/1532 5115/5333/1530 5112/5332/1529
f 5119/5335/1532 5120/5326/1523 5110/5328/1525 5115/5333/1530
f 5126/5310/1507 5129/5337/1534 5132/5338/1535 5131/5339/1536
f 5129/5337/1534 5130/5340/1537 5133/5341/1538 5132/5338/1535
f 5131/5339/1536 5132/5338/1535 5144/5342/1539 5141/5343/1540
f 5132/5338/1535 5133/5341/1538 5134/5344/1541 5144/5342/1539
f 5127/5318/1515 5135/5345/1542 5138/5346/1543 5137/5347/1544
f 5135/5345/1542 5136/5348/1545 5139/5349/1546 5138/5346/1543
f 5137/5347/1544 5138/5346/1543 5133/5341/1538 5130/5340/1537
f 5138/5346/1543 5139/5349/1546 5134/5344/1541 5133/5341/1538
f 5128/5315/1512 5140/5350/1547 5143/5351/1548 5142/5352/1549
f 5140/5350/1547 5141/5343/1540 5144/5342/1539 5143/5351/1548
f 5142/5352/1549 5143/5351/1548 5139/5349/1546 5136/5348/1545
f 5143/5351/1548 5144/5342/1539 5134/5344/1541 5139/5349/1546
f 5150/5312/1509 5153/5353/1550 5156/5354/1551 5155/5355/1552
f 5153/5353/1550 5154/5356/1597 5157/5357/1554 5156/5354/1551
f 5155/5355/1552 5156/5354/1551 5168/5358/1555 5165/5359/1556
f 5156/5354/1551 5157/5357/1554 5158/5360/1557 5168/5358/1555
f 5151/5302/1499 5159/5361/1558 5162/5362/1559 5161/5363/1560
f 5159/5361/1558 5160/5364/1561 5163/5365/1562 5162/5362/1559
f 5161/5363/1560 5162/5362/1559 5157/5357/1554 5154/5356/1597
f 5162/5362/1559 5163/5365/1562 5158/5360/1557 5157/5357/1554
f 5152/5307/1504 5164/5366/1563 5167/5367/1564 5166/5368/1565
f 5164/5366/1563 5165/5359/1556 5168/5358/1555 5167/5367/1564
f 5166/5368/1565 5167/5367/1564 5163/5365/1562 5160/5364/1561
f 5167/5367/1564 5168/5358/1555 5158/5360/1557 5163/5365/1562
f 5174/5309/1506 5177/5369/1566 5180/5370/1567 5179/5371/1568
f 5177/5369/1566 5178/5372/1569 5181/5373/1570 5180/5370/1567
f 5179/5371/1568 5180/5370/1567 5192/5374/1571 5189/5375/1572
f 5180/5370/1567 5181/5373/1570 5182/5376/1573 5192/5374/1571
f 5175/5306/1503 5183/5377/1574 5186/5378/1575 5185/5379/1576
f 5183/5377/1574 5184/5380/1577 5187/5381/1578 5186/5378/1575
f 5185/5379/1576 5186/5378/1575 5181/5373/1570 5178/5372/1569
f 5186/5378/1575 5187/5381/1578 5182/5376/1573 5181/5373/1570
f 5176/5319/1516 5188/5382/1579 5191/5383/1580 5190/5384/1581
f 5188/5382/1579 5189/5375/1572 5192/5374/1571 5191/5383/1580
f 5190/5384/1581 5191/5383/1580 5187/5381/1578 5184/5380/1577
f 5191/5383/1580 5192/5374/1571 5182/5376/1573 5187/5381/1578
f 5097/5304/1501 5102/5303/1500 5107/5323/1520 5099/5385/1582
f 5099/5385/1582 5107/5323/1520 5117/5327/1596 5100/5386/1583
f 5100/5386/1583 5117/5327/1596 5116/5334/1531 5101/5387/1584
f 5101/5387/1584 5116/5334/1531 5104/5314/1511 5098/5313/1510
f 5103/5311/1508 5126/5310/1507 5131/5339/1536 5111/5329/1526
f 5111/5329/1526 5131/5339/1536 5141/5343/1540 5112/5332/1529
f 5112/5332/1529 5141/5343/1540 5140/5350/1547 5118/5336/1533
f 5118/5336/1533 5140/5350/1547 5128/5315/1512 5104/5314/1511
f 5127/5318/1515 5122/5317/1514 5125/5388/1585 5135/5345/1542
f 5135/5345/1542 5125/5388/1585 5124/5389/1586 5136/5348/1545
f 5136/5348/1545 5124/5389/1586 5123/5390/1587 5142/5352/1549
f 5142/5352/1549 5123/5390/1587 5121/5316/1513 5128/5315/1512
f 5126/5310/1507 5174/5309/1506 5179/5371/1568 5129/5337/1534
f 5129/5337/1534 5179/5371/1568 5189/5375/1572 5130/5340/1537
f 5130/5340/1537 5189/5375/1572 5188/5382/1579 5137/5347/1544
f 5137/5347/1544 5188/5382/1579 5176/5319/1516 5127/5318/1515
f 5175/5306/1503 5170/5305/1502 5173/5391/1588 5183/5377/1574
f 5183/5377/1574 5173/5391/1588 5172/5392/1589 5184/5380/1577
f 5184/5380/1577 5172/5392/1589 5171/5393/1590 5190/5384/1581
f 5190/5384/1581 5171/5393/1590 5169/5320/1517 5176/5319/1516
f 5174/5309/1506 5150/5312/1509 5155/5355/1552 5177/5369/1566
f 5177/5369/1566 5155/5355/1552 5165/5359/1556 5178/5372/1569
f 5178/5372/1569 5165/5359/1556 5164/5366/1563 5185/5379/1576
f 5185/5379/1576 5164/5366/1563 5152/5307/1504 5175/5306/1503
f 5151/5302/1499 5146/5301/1498 5149/5394/1591 5159/5361/1558
f 5159/5361/1558 5149/5394/1591 5148/5395/1592 5160/5364/1561
f 5160/5364/1561 5148/5395/1592 5147/5396/1593 5166/5368/1565
f 5166/5368/1565 5147/5396/1593 5145/5308/1505 5152/5307/1504
f 5150/5312/1509 5103/5311/1508 5113/5331/1528 5153/5353/1550
f 5153/5353/1550 5113/5331/1528 5106/5324/1595 5154/5356/1597
f 5154/5356/1597 5106/5324/1595 5105/5321/1518 5161/5363/1560
f 5161/5363/1560 5105/5321/1518 5102/5303/1500 5151/5302/1499
f 5121/5316/1594 5123/5390/1594 5124/5389/1594 5125/5388/1594 5122/5317/1594 5169/5320/1594 5171/5393/1594 5172/5392/1594 5173/5391/1594 5170/5305/1594 5145/5308/1594 5147/5396/1594 5148/5395/1594 5149/5394/1594 5146/5301/1594 5097/5304/1594 5099/5385/1594 5100/5386/1594 5101/5387/1594 5098/5313/1594
f 5242/5397/1498 5247/5398/1499 5198/5399/1500 5193/5400/1501
f 5266/5401/1502 5271/5402/1503 5248/5403/1504 5241/5404/1505
f 5270/5405/1506 5222/5406/1507 5199/5407/1508 5246/5408/1509
f 5194/5409/1510 5200/5410/1511 5224/5411/1512 5217/5412/1513
f 5218/5413/1514 5223/5414/1515 5272/5415/1516 5265/5416/1517
f 5198/5399/1500 5201/5417/1518 5204/5418/1519 5203/5419/1520
f 5201/5417/1518 5202/5420/1521 5205/5421/1522 5204/5418/1519
f 5203/5419/1520 5204/5418/1519 5216/5422/1523 5213/5423/1596
f 5204/5418/1519 5205/5421/1522 5206/5424/1525 5216/5422/1523
f 5199/5407/1508 5207/5425/1526 5210/5426/1527 5209/5427/1528
f 5207/5425/1526 5208/5428/1529 5211/5429/1530 5210/5426/1527
f 5209/5427/1528 5210/5426/1527 5205/5421/1522 5202/5420/1521
f 5210/5426/1527 5211/5429/1530 5206/5424/1525 5205/5421/1522
f 5200/5410/1511 5212/5430/1531 5215/5431/1532 5214/5432/1533
f 5212/5430/1531 5213/5423/1596 5216/5422/1523 5215/5431/1532
f 5214/5432/1533 5215/5431/1532 5211/5429/1530 5208/5428/1529
f 5215/5431/1532 5216/5422/1523 5206/5424/1525 5211/5429/1530
f 5222/5406/1507 5225/5433/1534 5228/5434/1535 5227/5435/1536
f 5225/5433/1534 5226/5436/1602 5229/5437/1538 5228/5434/1535
f 5227/5435/1536 5228/5434/1535 5240/5438/1539 5237/5439/1540
f 5228/5434/1535 5229/5437/1538 5230/5440/1541 5240/5438/1539
f 5223/5414/1515 5231/5441/1542 5234/5442/1543 5233/5443/1544
f 5231/5441/1542 5232/5444/1545 5235/5445/1546 5234/5442/1543
f 5233/5443/1544 5234/5442/1543 5229/5437/1538 5226/5436/1602
f 5234/5442/1543 5235/5445/1546 5230/5440/1541 5229/5437/1538
f 5224/5411/1512 5236/5446/1547 5239/5447/1548 5238/5448/1549
f 5236/5446/1547 5237/5439/1540 5240/5438/1539 5239/5447/1548
f 5238/5448/1549 5239/5447/1548 5235/5445/1546 5232/5444/1545
f 5239/5447/1548 5240/5438/1539 5230/5440/1541 5235/5445/1546
f 5246/5408/1509 5249/5449/1550 5252/5450/1551 5251/5451/1552
f 5249/5449/1550 5250/5452/1553 5253/5453/1554 5252/5450/1551
f 5251/5451/1552 5252/5450/1551 5264/5454/1555 5261/5455/1556
f 5252/5450/1551 5253/5453/1554 5254/5456/1557 5264/5454/1555
f 5247/5398/1499 5255/5457/1558 5258/5458/1559 5257/5459/1560
f 5255/5457/1558 5256/5460/1561 5259/5461/1562 5258/5458/1559
f 5257/5459/1560 5258/5458/1559 5253/5453/1554 5250/5452/1553
f 5258/5458/1559 5259/5461/1562 5254/5456/1557 5253/5453/1554
f 5248/5403/1504 5260/5462/1563 5263/5463/1564 5262/5464/1565
f 5260/5462/1563 5261/5455/1556 5264/5454/1555 5263/5463/1564
f 5262/5464/1565 5263/5463/1564 5259/5461/1562 5256/5460/1561
f 5263/5463/1564 5264/5454/1555 5254/5456/1557 5259/5461/1562
f 5270/5405/1506 5273/5465/1566 5276/5466/1567 5275/5467/1568
f 5273/5465/1566 5274/5468/1569 5277/5469/1570 5276/5466/1567
f 5275/5467/1568 5276/5466/1567 5288/5470/1571 5285/5471/1601
f 5276/5466/1567 5277/5469/1570 5278/5472/1573 5288/5470/1571
f 5271/5402/1503 5279/5473/1574 5282/5474/1575 5281/5475/1576
f 5279/5473/1574 5280/5476/1577 5283/5477/1578 5282/5474/1575
f 5281/5475/1576 5282/5474/1575 5277/5469/1570 5274/5468/1569
f 5282/5474/1575 5283/5477/1578 5278/5472/1573 5277/5469/1570
f 5272/5415/1516 5284/5478/1579 5287/5479/1580 5286/5480/1581
f 5284/5478/1579 5285/5471/1601 5288/5470/1571 5287/5479/1580
f 5286/5480/1581 5287/5479/1580 5283/5477/1578 5280/5476/1577
f 5287/5479/1580 5288/5470/1571 5278/5472/1573 5283/5477/1578
f 5193/5400/1501 5198/5399/1500 5203/5419/1520 5195/5481/1582
f 5195/5481/1582 5203/5419/1520 5213/5423/1596 5196/5482/1583
f 5196/5482/1583 5213/5423/1596 5212/5430/1531 5197/5483/1584
f 5197/5483/1584 5212/5430/1531 5200/5410/1511 5194/5409/1510
f 5199/5407/1508 5222/5406/1507 5227/5435/1536 5207/5425/1526
f 5207/5425/1526 5227/5435/1536 5237/5439/1540 5208/5428/1529
f 5208/5428/1529 5237/5439/1540 5236/5446/1547 5214/5432/1533
f 5214/5432/1533 5236/5446/1547 5224/5411/1512 5200/5410/1511
f 5223/5414/1515 5218/5413/1514 5221/5484/1585 5231/5441/1542
f 5231/5441/1542 5221/5484/1585 5220/5485/1586 5232/5444/1545
f 5232/5444/1545 5220/5485/1586 5219/5486/1587 5238/5448/1549
f 5238/5448/1549 5219/5486/1587 5217/5412/1513 5224/5411/1512
f 5222/5406/1507 5270/5405/1506 5275/5467/1568 5225/5433/1534
f 5225/5433/1534 5275/5467/1568 5285/5471/1601 5226/5436/1602
f 5226/5436/1602 5285/5471/1601 5284/5478/1579 5233/5443/1544
f 5233/5443/1544 5284/5478/1579 5272/5415/1516 5223/5414/1515
f 5271/5402/1503 5266/5401/1502 5269/5487/1588 5279/5473/1574
f 5279/5473/1574 5269/5487/1588 5268/5488/1589 5280/5476/1577
f 5280/5476/1577 5268/5488/1589 5267/5489/1590 5286/5480/1581
f 5286/5480/1581 5267/5489/1590 5265/5416/1517 5272/5415/1516
f 5270/5405/1506 5246/5408/1509 5251/5451/1552 5273/5465/1566
f 5273/5465/1566 5251/5451/1552 5261/5455/1556 5274/5468/1569
f 5274/5468/1569 5261/5455/1556 5260/5462/1563 5281/5475/1576
f 5281/5475/1576 5260/5462/1563 5248/5403/1504 5271/5402/1503
f 5247/5398/1499 5242/5397/1498 5245/5490/1591 5255/5457/1558
f 5255/5457/1558 5245/5490/1591 5244/5491/1592 5256/5460/1561
f 5256/5460/1561 5244/5491/1592 5243/5492/1593 5262/5464/1565
f 5262/5464/1565 5243/5492/1593 5241/5404/1505 5248/5403/1504
f 5246/5408/1509 5199/5407/1508 5209/5427/1528 5249/5449/1550
f 5249/5449/1550 5209/5427/1528 5202/5420/1521 5250/5452/1553
f 5250/5452/1553 5202/5420/1521 5201/5417/1518 5257/5459/1560
f 5257/5459/1560 5201/5417/1518 5198/5399/1500 5247/5398/1499
f 5217/5412/1594 5219/5486/1594 5220/5485/1594 5221/5484/1594 5218/5413/1594 5265/5416/1594 5267/5489/1594 5268/5488/1594 5269/5487/1594 5266/5401/1594 5241/5404/1594 5243/5492/1594 5244/5491/1594 5245/5490/1594 5242/5397/1594 5193/5400/1594 5195/5481/1594 5196/5482/1594 5197/5483/1594 5194/5409/1594
f 5338/5493/1498 5343/5494/1499 5294/5495/1500 5289/5496/1501
f 5362/5497/1502 5367/5498/1503 5344/5499/1504 5337/5500/1505
f 5366/5501/1506 5318/5502/1507 5295/5503/1508 5342/5504/1509
f 5290/5505/1510 5296/5506/1511 5320/5507/1512 5313/5508/1513
f 5314/5509/1514 5319/5510/1515 5368/5511/1516 5361/5512/1517
f 5294/5495/1500 5297/5513/1518 5300/5514/1519 5299/5515/1520
f 5297/5513/1518 5298/5516/1521 5301/5517/1522 5300/5514/1519
f 5299/5515/1520 5300/5514/1519 5312/5518/1523 5309/5519/1596
f 5300/5514/1519 5301/5517/1522 5302/5520/1525 5312/5518/1523
f 5295/5503/1508 5303/5521/1526 5306/5522/1527 5305/5523/1528
f 5303/5521/1526 5304/5524/1529 5307/5525/1530 5306/5522/1527
f 5305/5523/1528 5306/5522/1527 5301/5517/1522 5298/5516/1521
f 5306/5522/1527 5307/5525/1530 5302/5520/1525 5301/5517/1522
f 5296/5506/1511 5308/5526/1531 5311/5527/1532 5310/5528/1533
f 5308/5526/1531 5309/5519/1596 5312/5518/1523 5311/5527/1532
f 5310/5528/1533 5311/5527/1532 5307/5525/1530 5304/5524/1529
f 5311/5527/1532 5312/5518/1523 5302/5520/1525 5307/5525/1530
f 5318/5502/1507 5321/5529/1534 5324/5530/1535 5323/5531/1536
f 5321/5529/1534 5322/5532/1602 5325/5533/1538 5324/5530/1535
f 5323/5531/1536 5324/5530/1535 5336/5534/1539 5333/5535/1540
f 5324/5530/1535 5325/5533/1538 5326/5536/1541 5336/5534/1539
f 5319/5510/1515 5327/5537/1542 5330/5538/1543 5329/5539/1544
f 5327/5537/1542 5328/5540/1545 5331/5541/1546 5330/5538/1543
f 5329/5539/1544 5330/5538/1543 5325/5533/1538 5322/5532/1602
f 5330/5538/1543 5331/5541/1546 5326/5536/1541 5325/5533/1538
f 5320/5507/1512 5332/5542/1547 5335/5543/1548 5334/5544/1549
f 5332/5542/1547 5333/5535/1540 5336/5534/1539 5335/5543/1548
f 5334/5544/1549 5335/5543/1548 5331/5541/1546 5328/5540/1545
f 5335/5543/1548 5336/5534/1539 5326/5536/1541 5331/5541/1546
f 5342/5504/1509 5345/5545/1550 5348/5546/1551 5347/5547/1552
f 5345/5545/1550 5346/5548/1553 5349/5549/1554 5348/5546/1551
f 5347/5547/1552 5348/5546/1551 5360/5550/1555 5357/5551/1556
f 5348/5546/1551 5349/5549/1554 5350/5552/1557 5360/5550/1555
f 5343/5494/1499 5351/5553/1558 5354/5554/1559 5353/5555/1560
f 5351/5553/1558 5352/5556/1561 5355/5557/1562 5354/5554/1559
f 5353/5555/1560 5354/5554/1559 5349/5549/1554 5346/5548/1553
f 5354/5554/1559 5355/5557/1562 5350/5552/1557 5349/5549/1554
f 5344/5499/1504 5356/5558/1563 5359/5559/1564 5358/5560/1565
f 5356/5558/1563 5357/5551/1556 5360/5550/1555 5359/5559/1564
f 5358/5560/1565 5359/5559/1564 5355/5557/1562 5352/5556/1561
f 5359/5559/1564 5360/5550/1555 5350/5552/1557 5355/5557/1562
f 5366/5501/1506 5369/5561/1566 5372/5562/1567 5371/5563/1568
f 5369/5561/1566 5370/5564/1569 5373/5565/1570 5372/5562/1567
f 5371/5563/1568 5372/5562/1567 5384/5566/1571 5381/5567/1601
f 5372/5562/1567 5373/5565/1570 5374/5568/1573 5384/5566/1571
f 5367/5498/1503 5375/5569/1574 5378/5570/1575 5377/5571/1576
f 5375/5569/1574 5376/5572/1577 5379/5573/1578 5378/5570/1575
f 5377/5571/1576 5378/5570/1575 5373/5565/1570 5370/5564/1569
f 5378/5570/1575 5379/5573/1578 5374/5568/1573 5373/5565/1570
f 5368/5511/1516 5380/5574/1579 5383/5575/1580 5382/5576/1581
f 5380/5574/1579 5381/5567/1601 5384/5566/1571 5383/5575/1580
f 5382/5576/1581 5383/5575/1580 5379/5573/1578 5376/5572/1577
f 5383/5575/1580 5384/5566/1571 5374/5568/1573 5379/5573/1578
f 5289/5496/1501 5294/5495/1500 5299/5515/1520 5291/5577/1582
f 5291/5577/1582 5299/5515/1520 5309/5519/1596 5292/5578/1583
f 5292/5578/1583 5309/5519/1596 5308/5526/1531 5293/5579/1584
f 5293/5579/1584 5308/5526/1531 5296/5506/1511 5290/5505/1510
f 5295/5503/1508 5318/5502/1507 5323/5531/1536 5303/5521/1526
f 5303/5521/1526 5323/5531/1536 5333/5535/1540 5304/5524/1529
f 5304/5524/1529 5333/5535/1540 5332/5542/1547 5310/5528/1533
f 5310/5528/1533 5332/5542/1547 5320/5507/1512 5296/5506/1511
f 5319/5510/1515 5314/5509/1514 5317/5580/1585 5327/5537/1542
f 5327/5537/1542 5317/5580/1585 5316/5581/1586 5328/5540/1545
f 5328/5540/1545 5316/5581/1586 5315/5582/1587 5334/5544/1549
f 5334/5544/1549 5315/5582/1587 5313/5508/1513 5320/5507/1512
f 5318/5502/1507 5366/5501/1506 5371/5563/1568 5321/5529/1534
f 5321/5529/1534 5371/5563/1568 5381/5567/1601 5322/5532/1602
f 5322/5532/1602 5381/5567/1601 5380/5574/1579 5329/5539/1544
f 5329/5539/1544 5380/5574/1579 5368/5511/1516 5319/5510/1515
f 5367/5498/1503 5362/5497/1502 5365/5583/1588 5375/5569/1574
f 5375/5569/1574 5365/5583/1588 5364/5584/1589 5376/5572/1577
f 5376/5572/1577 5364/5584/1589 5363/5585/1590 5382/5576/1581
f 5382/5576/1581 5363/5585/1590 5361/5512/1517 5368/5511/1516
f 5366/5501/1506 5342/5504/1509 5347/5547/1552 5369/5561/1566
f 5369/5561/1566 5347/5547/1552 5357/5551/1556 5370/5564/1569
f 5370/5564/1569 5357/5551/1556 5356/5558/1563 5377/5571/1576
f 5377/5571/1576 5356/5558/1563 5344/5499/1504 5367/5498/1503
f 5343/5494/1499 5338/5493/1498 5341/5586/1591 5351/5553/1558
f 5351/5553/1558 5341/5586/1591 5340/5587/1592 5352/5556/1561
f 5352/5556/1561 5340/5587/1592 5339/5588/1593 5358/5560/1565
f 5358/5560/1565 5339/5588/1593 5337/5500/1505 5344/5499/1504
f 5342/5504/1509 5295/5503/1508 5305/5523/1528 5345/5545/1550
f 5345/5545/1550 5305/5523/1528 5298/5516/1521 5346/5548/1553
f 5346/5548/1553 5298/5516/1521 5297/5513/1518 5353/5555/1560
f 5353/5555/1560 5297/5513/1518 5294/5495/1500 5343/5494/1499
f 5313/5508/1594 5315/5582/1594 5316/5581/1594 5317/5580/1594 5314/5509/1594 5361/5512/1594 5363/5585/1594 5364/5584/1594 5365/5583/1594 5362/5497/1594 5337/5500/1594 5339/5588/1594 5340/5587/1594 5341/5586/1594 5338/5493/1594 5289/5496/1594 5291/5577/1594 5292/5578/1594 5293/5579/1594 5290/5505/1594
f 5434/5589/1498 5439/5590/1499 5390/5591/1500 5385/5592/1501
f 5458/5593/1502 5463/5594/1503 5440/5595/1504 5433/5596/1505
f 5462/5597/1506 5414/5598/1507 5391/5599/1508 5438/5600/1509
f 5386/5601/1510 5392/5602/1511 5416/5603/1512 5409/5604/1513
f 5410/5605/1514 5415/5606/1515 5464/5607/1516 5457/5608/1517
f 5390/5591/1500 5393/5609/1518 5396/5610/1519 5395/5611/1520
f 5393/5609/1518 5394/5612/1521 5397/5613/1522 5396/5610/1519
f 5395/5611/1520 5396/5610/1519 5408/5614/1523 5405/5615/1596
f 5396/5610/1519 5397/5613/1522 5398/5616/1525 5408/5614/1523
f 5391/5599/1508 5399/5617/1526 5402/5618/1527 5401/5619/1528
f 5399/5617/1526 5400/5620/1529 5403/5621/1530 5402/5618/1527
f 5401/5619/1528 5402/5618/1527 5397/5613/1522 5394/5612/1521
f 5402/5618/1527 5403/5621/1530 5398/5616/1525 5397/5613/1522
f 5392/5602/1511 5404/5622/1531 5407/5623/1532 5406/5624/1533
f 5404/5622/1531 5405/5615/1596 5408/5614/1523 5407/5623/1532
f 5406/5624/1533 5407/5623/1532 5403/5621/1530 5400/5620/1529
f 5407/5623/1532 5408/5614/1523 5398/5616/1525 5403/5621/1530
f 5414/5598/1507 5417/5625/1534 5420/5626/1535 5419/5627/1536
f 5417/5625/1534 5418/5628/1602 5421/5629/1538 5420/5626/1535
f 5419/5627/1536 5420/5626/1535 5432/5630/1539 5429/5631/1540
f 5420/5626/1535 5421/5629/1538 5422/5632/1541 5432/5630/1539
f 5415/5606/1515 5423/5633/1542 5426/5634/1543 5425/5635/1544
f 5423/5633/1542 5424/5636/1545 5427/5637/1546 5426/5634/1543
f 5425/5635/1544 5426/5634/1543 5421/5629/1538 5418/5628/1602
f 5426/5634/1543 5427/5637/1546 5422/5632/1541 5421/5629/1538
f 5416/5603/1512 5428/5638/1547 5431/5639/1548 5430/5640/1549
f 5428/5638/1547 5429/5631/1540 5432/5630/1539 5431/5639/1548
f 5430/5640/1549 5431/5639/1548 5427/5637/1546 5424/5636/1545
f 5431/5639/1548 5432/5630/1539 5422/5632/1541 5427/5637/1546
f 5438/5600/1509 5441/5641/1550 5444/5642/1551 5443/5643/1552
f 5441/5641/1550 5442/5644/1553 5445/5645/1554 5444/5642/1551
f 5443/5643/1552 5444/5642/1551 5456/5646/1555 5453/5647/1556
f 5444/5642/1551 5445/5645/1554 5446/5648/1557 5456/5646/1555
f 5439/5590/1499 5447/5649/1558 5450/5650/1559 5449/5651/1560
f 5447/5649/1558 5448/5652/1599 5451/5653/1562 5450/5650/1559
f 5449/5651/1560 5450/5650/1559 5445/5645/1554 5442/5644/1553
f 5450/5650/1559 5451/5653/1562 5446/5648/1557 5445/5645/1554
f 5440/5595/1504 5452/5654/1563 5455/5655/1564 5454/5656/1565
f 5452/5654/1563 5453/5647/1556 5456/5646/1555 5455/5655/1564
f 5454/5656/1565 5455/5655/1564 5451/5653/1562 5448/5652/1599
f 5455/5655/1564 5456/5646/1555 5446/5648/1557 5451/5653/1562
f 5462/5597/1506 5465/5657/1566 5468/5658/1567 5467/5659/1568
f 5465/5657/1566 5466/5660/1569 5469/5661/1570 5468/5658/1567
f 5467/5659/1568 5468/5658/1567 5480/5662/1571 5477/5663/1601
f 5468/5658/1567 5469/5661/1570 5470/5664/1573 5480/5662/1571
f 5463/5594/1503 5471/5665/1574 5474/5666/1575 5473/5667/1576
f 5471/5665/1574 5472/5668/1600 5475/5669/1578 5474/5666/1575
f 5473/5667/1576 5474/5666/1575 5469/5661/1570 5466/5660/1569
f 5474/5666/1575 5475/5669/1578 5470/5664/1573 5469/5661/1570
f 5464/5607/1516 5476/5670/1579 5479/5671/1580 5478/5672/1581
f 5476/5670/1579 5477/5663/1601 5480/5662/1571 5479/5671/1580
f 5478/5672/1581 5479/5671/1580 5475/5669/1578 5472/5668/1600
f 5479/5671/1580 5480/5662/1571 5470/5664/1573 5475/5669/1578
f 5385/5592/1501 5390/5591/1500 5395/5611/1520 5387/5673/1582
f 5387/5673/1582 5395/5611/1520 5405/5615/1596 5388/5674/1583
f 5388/5674/1583 5405/5615/1596 5404/5622/1531 5389/5675/1584
f 5389/5675/1584 5404/5622/1531 5392/5602/1511 5386/5601/1510
f 5391/5599/1508 5414/5598/1507 5419/5627/1536 5399/5617/1526
f 5399/5617/1526 5419/5627/1536 5429/5631/1540 5400/5620/1529
f 5400/5620/1529 5429/5631/1540 5428/5638/1547 5406/5624/1533
f 5406/5624/1533 5428/5638/1547 5416/5603/1512 5392/5602/1511
f 5415/5606/1515 5410/5605/1514 5413/5676/1585 5423/5633/1542
f 5423/5633/1542 5413/5676/1585 5412/5677/1586 5424/5636/1545
f 5424/5636/1545 5412/5677/1586 5411/5678/1587 5430/5640/1549
f 5430/5640/1549 5411/5678/1587 5409/5604/1513 5416/5603/1512
f 5414/5598/1507 5462/5597/1506 5467/5659/1568 5417/5625/1534
f 5417/5625/1534 5467/5659/1568 5477/5663/1601 5418/5628/1602
f 5418/5628/1602 5477/5663/1601 5476/5670/1579 5425/5635/1544
f 5425/5635/1544 5476/5670/1579 5464/5607/1516 5415/5606/1515
f 5463/5594/1503 5458/5593/1502 5461/5679/1588 5471/5665/1574
f 5471/5665/1574 5461/5679/1588 5460/5680/1589 5472/5668/1600
f 5472/5668/1600 5460/5680/1589 5459/5681/1590 5478/5672/1581
f 5478/5672/1581 5459/5681/1590 5457/5608/1517 5464/5607/1516
f 5462/5597/1506 5438/5600/1509 5443/5643/1552 5465/5657/1566
f 5465/5657/1566 5443/5643/1552 5453/5647/1556 5466/5660/1569
f 5466/5660/1569 5453/5647/1556 5452/5654/1563 5473/5667/1576
f 5473/5667/1576 5452/5654/1563 5440/5595/1504 5463/5594/1503
f 5439/5590/1499 5434/5589/1498 5437/5682/1591 5447/5649/1558
f 5447/5649/1558 5437/5682/1591 5436/5683/1592 5448/5652/1599
f 5448/5652/1599 5436/5683/1592 5435/5684/1593 5454/5656/1565
f 5454/5656/1565 5435/5684/1593 5433/5596/1505 5440/5595/1504
f 5438/5600/1509 5391/5599/1508 5401/5619/1528 5441/5641/1550
f 5441/5641/1550 5401/5619/1528 5394/5612/1521 5442/5644/1553
f 5442/5644/1553 5394/5612/1521 5393/5609/1518 5449/5651/1560
f 5449/5651/1560 5393/5609/1518 5390/5591/1500 5439/5590/1499
f 5409/5604/1594 5411/5678/1594 5412/5677/1594 5413/5676/1594 5410/5605/1594 5457/5608/1594 5459/5681/1594 5460/5680/1594 5461/5679/1594 5458/5593/1594 5433/5596/1594 5435/5684/1594 5436/5683/1594 5437/5682/1594 5434/5589/1594 5385/5592/1594 5387/5673/1594 5388/5674/1594 5389/5675/1594 5386/5601/1594
f 5530/5685/1498 5535/5686/1499 5486/5687/1500 5481/5688/1501
f 5554/5689/1502 5559/5690/1503 5536/5691/1504 5529/5692/1505
f 5558/5693/1506 5510/5694/1507 5487/5695/1508 5534/5696/1509
f 5482/5697/1510 5488/5698/1511 5512/5699/1512 5505/5700/1513
f 5506/5701/1514 5511/5702/1515 5560/5703/1516 5553/5704/1517
f 5486/5687/1500 5489/5705/1518 5492/5706/1519 5491/5707/1520
f 5489/5705/1518 5490/5708/1521 5493/5709/1522 5492/5706/1519
f 5491/5707/1520 5492/5706/1519 5504/5710/1523 5501/5711/1596
f 5492/5706/1519 5493/5709/1522 5494/5712/1525 5504/5710/1523
f 5487/5695/1508 5495/5713/1526 5498/5714/1527 5497/5715/1528
f 5495/5713/1526 5496/5716/1529 5499/5717/1530 5498/5714/1527
f 5497/5715/1528 5498/5714/1527 5493/5709/1522 5490/5708/1521
f 5498/5714/1527 5499/5717/1530 5494/5712/1525 5493/5709/1522
f 5488/5698/1511 5500/5718/1531 5503/5719/1532 5502/5720/1533
f 5500/5718/1531 5501/5711/1596 5504/5710/1523 5503/5719/1532
f 5502/5720/1533 5503/5719/1532 5499/5717/1530 5496/5716/1529
f 5503/5719/1532 5504/5710/1523 5494/5712/1525 5499/5717/1530
f 5510/5694/1507 5513/5721/1534 5516/5722/1535 5515/5723/1536
f 5513/5721/1534 5514/5724/1602 5517/5725/1538 5516/5722/1535
f 5515/5723/1536 5516/5722/1535 5528/5726/1539 5525/5727/1540
f 5516/5722/1535 5517/5725/1538 5518/5728/1541 5528/5726/1539
f 5511/5702/1515 5519/5729/1542 5522/5730/1543 5521/5731/1544
f 5519/5729/1542 5520/5732/1545 5523/5733/1546 5522/5730/1543
f 5521/5731/1544 5522/5730/1543 5517/5725/1538 5514/5724/1602
f 5522/5730/1543 5523/5733/1546 5518/5728/1541 5517/5725/1538
f 5512/5699/1512 5524/5734/1547 5527/5735/1548 5526/5736/1549
f 5524/5734/1547 5525/5727/1540 5528/5726/1539 5527/5735/1548
f 5526/5736/1549 5527/5735/1548 5523/5733/1546 5520/5732/1545
f 5527/5735/1548 5528/5726/1539 5518/5728/1541 5523/5733/1546
f 5534/5696/1509 5537/5737/1550 5540/5738/1551 5539/5739/1552
f 5537/5737/1550 5538/5740/1553 5541/5741/1554 5540/5738/1551
f 5539/5739/1552 5540/5738/1551 5552/5742/1555 5549/5743/1556
f 5540/5738/1551 5541/5741/1554 5542/5744/1557 5552/5742/1555
f 5535/5686/1499 5543/5745/1558 5546/5746/1559 5545/5747/1560
f 5543/5745/1558 5544/5748/1561 5547/5749/1562 5546/5746/1559
f 5545/5747/1560 5546/5746/1559 5541/5741/1554 5538/5740/1553
f 5546/5746/1559 5547/5749/1562 5542/5744/1557 5541/5741/1554
f 5536/5691/1504 5548/5750/1563 5551/5751/1564 5550/5752/1565
f 5548/5750/1563 5549/5743/1556 5552/5742/1555 5551/5751/1564
f 5550/5752/1565 5551/5751/1564 5547/5749/1562 5544/5748/1561
f 5551/5751/1564 5552/5742/1555 5542/5744/1557 5547/5749/1562
f 5558/5693/1506 5561/5753/1566 5564/5754/1567 5563/5755/1568
f 5561/5753/1566 5562/5756/1569 5565/5757/1570 5564/5754/1567
f 5563/5755/1568 5564/5754/1567 5576/5758/1571 5573/5759/1601
f 5564/5754/1567 5565/5757/1570 5566/5760/1573 5576/5758/1571
f 5559/5690/1503 5567/5761/1574 5570/5762/1575 5569/5763/1576
f 5567/5761/1574 5568/5764/1577 5571/5765/1578 5570/5762/1575
f 5569/5763/1576 5570/5762/1575 5565/5757/1570 5562/5756/1569
f 5570/5762/1575 5571/5765/1578 5566/5760/1573 5565/5757/1570
f 5560/5703/1516 5572/5766/1579 5575/5767/1580 5574/5768/1581
f 5572/5766/1579 5573/5759/1601 5576/5758/1571 5575/5767/1580
f 5574/5768/1581 5575/5767/1580 5571/5765/1578 5568/5764/1577
f 5575/5767/1580 5576/5758/1571 5566/5760/1573 5571/5765/1578
f 5481/5688/1501 5486/5687/1500 5491/5707/1520 5483/5769/1582
f 5483/5769/1582 5491/5707/1520 5501/5711/1596 5484/5770/1583
f 5484/5770/1583 5501/5711/1596 5500/5718/1531 5485/5771/1584
f 5485/5771/1584 5500/5718/1531 5488/5698/1511 5482/5697/1510
f 5487/5695/1508 5510/5694/1507 5515/5723/1536 5495/5713/1526
f 5495/5713/1526 5515/5723/1536 5525/5727/1540 5496/5716/1529
f 5496/5716/1529 5525/5727/1540 5524/5734/1547 5502/5720/1533
f 5502/5720/1533 5524/5734/1547 5512/5699/1512 5488/5698/1511
f 5511/5702/1515 5506/5701/1514 5509/5772/1585 5519/5729/1542
f 5519/5729/1542 5509/5772/1585 5508/5773/1586 5520/5732/1545
f 5520/5732/1545 5508/5773/1586 5507/5774/1587 5526/5736/1549
f 5526/5736/1549 5507/5774/1587 5505/5700/1513 5512/5699/1512
f 5510/5694/1507 5558/5693/1506 5563/5755/1568 5513/5721/1534
f 5513/5721/1534 5563/5755/1568 5573/5759/1601 5514/5724/1602
f 5514/5724/1602 5573/5759/1601 5572/5766/1579 5521/5731/1544
f 5521/5731/1544 5572/5766/1579 5560/5703/1516 5511/5702/1515
f 5559/5690/1503 5554/5689/1502 5557/5775/1588 5567/5761/1574
f 5567/5761/1574 5557/5775/1588 5556/5776/1589 5568/5764/1577
f 5568/5764/1577 5556/5776/1589 5555/5777/1590 5574/5768/1581
f 5574/5768/1581 5555/5777/1590 5553/5704/1517 5560/5703/1516
f 5558/5693/1506 5534/5696/1509 5539/5739/1552 5561/5753/1566
f 5561/5753/1566 5539/5739/1552 5549/5743/1556 5562/5756/1569
f 5562/5756/1569 5549/5743/1556 5548/5750/1563 5569/5763/1576
f 5569/5763/1576 5548/5750/1563 5536/5691/1504 5559/5690/1503
f 5535/5686/1499 5530/5685/1498 5533/5778/1591 5543/5745/1558
f 5543/5745/1558 5533/5778/1591 5532/5779/1592 5544/5748/1561
f 5544/5748/1561 5532/5779/1592 5531/5780/1593 5550/5752/1565
f 5550/5752/1565 5531/5780/1593 5529/5692/1505 5536/5691/1504
f 5534/5696/1509 5487/5695/1508 5497/5715/1528 5537/5737/1550
f 5537/5737/1550 5497/5715/1528 5490/5708/1521 5538/5740/1553
f 5538/5740/1553 5490/5708/1521 5489/5705/1518 5545/5747/1560
f 5545/5747/1560 5489/5705/1518 5486/5687/1500 5535/5686/1499
f 5505/5700/1594 5507/5774/1594 5508/5773/1594 5509/5772/1594 5506/5701/1594 5553/5704/1594 5555/5777/1594 5556/5776/1594 5557/5775/1594 5554/5689/1594 5529/5692/1594 5531/5780/1594 5532/5779/1594 5533/5778/1594 5530/5685/1594 5481/5688/1594 5483/5769/1594 5484/5770/1594 5485/5771/1594 5482/5697/1594
f 5626/5781/1498 5631/5782/1499 5582/5783/1500 5577/5784/1501
f 5650/5785/1502 5655/5786/1503 5632/5787/1504 5625/5788/1505
f 5654/5789/1506 5606/5790/1507 5583/5791/1508 5630/5792/1509
f 5578/5793/1510 5584/5794/1511 5608/5795/1512 5601/5796/1513
f 5602/5797/1514 5607/5798/1515 5656/5799/1516 5649/5800/1517
f 5582/5783/1500 5585/5801/1518 5588/5802/1519 5587/5803/1520
f 5585/5801/1518 5586/5804/1521 5589/5805/1522 5588/5802/1519
f 5587/5803/1520 5588/5802/1519 5600/5806/1523 5597/5807/1596
f 5588/5802/1519 5589/5805/1522 5590/5808/1525 5600/5806/1523
f 5583/5791/1508 5591/5809/1526 5594/5810/1527 5593/5811/1528
f 5591/5809/1526 5592/5812/1529 5595/5813/1530 5594/5810/1527
f 5593/5811/1528 5594/5810/1527 5589/5805/1522 5586/5804/1521
f 5594/5810/1527 5595/5813/1530 5590/5808/1525 5589/5805/1522
f 5584/5794/1511 5596/5814/1531 5599/5815/1532 5598/5816/1533
f 5596/5814/1531 5597/5807/1596 5600/5806/1523 5599/5815/1532
f 5598/5816/1533 5599/5815/1532 5595/5813/1530 5592/5812/1529
f 5599/5815/1532 5600/5806/1523 5590/5808/1525 5595/5813/1530
f 5606/5790/1507 5609/5817/1534 5612/5818/1535 5611/5819/1536
f 5609/5817/1534 5610/5820/1602 5613/5821/1538 5612/5818/1535
f 5611/5819/1536 5612/5818/1535 5624/5822/1539 5621/5823/1540
f 5612/5818/1535 5613/5821/1538 5614/5824/1541 5624/5822/1539
f 5607/5798/1515 5615/5825/1542 5618/5826/1543 5617/5827/1544
f 5615/5825/1542 5616/5828/1545 5619/5829/1546 5618/5826/1543
f 5617/5827/1544 5618/5826/1543 5613/5821/1538 5610/5820/1602
f 5618/5826/1543 5619/5829/1546 5614/5824/1541 5613/5821/1538
f 5608/5795/1512 5620/5830/1547 5623/5831/1548 5622/5832/1549
f 5620/5830/1547 5621/5823/1540 5624/5822/1539 5623/5831/1548
f 5622/5832/1549 5623/5831/1548 5619/5829/1546 5616/5828/1545
f 5623/5831/1548 5624/5822/1539 5614/5824/1541 5619/5829/1546
f 5630/5792/1509 5633/5833/1550 5636/5834/1551 5635/5835/1552
f 5633/5833/1550 5634/5836/1597 5637/5837/1554 5636/5834/1551
f 5635/5835/1552 5636/5834/1551 5648/5838/1555 5645/5839/1556
f 5636/5834/1551 5637/5837/1554 5638/5840/1557 5648/5838/1555
f 5631/5782/1499 5639/5841/1558 5642/5842/1559 5641/5843/1560
f 5639/5841/1558 5640/5844/1561 5643/5845/1562 5642/5842/1559
f 5641/5843/1560 5642/5842/1559 5637/5837/1554 5634/5836/1597
f 5642/5842/1559 5643/5845/1562 5638/5840/1557 5637/5837/1554
f 5632/5787/1504 5644/5846/1563 5647/5847/1564 5646/5848/1565
f 5644/5846/1563 5645/5839/1556 5648/5838/1555 5647/5847/1564
f 5646/5848/1565 5647/5847/1564 5643/5845/1562 5640/5844/1561
f 5647/5847/1564 5648/5838/1555 5638/5840/1557 5643/5845/1562
f 5654/5789/1506 5657/5849/1566 5660/5850/1567 5659/5851/1568
f 5657/5849/1566 5658/5852/1569 5661/5853/1570 5660/5850/1567
f 5659/5851/1568 5660/5850/1567 5672/5854/1571 5669/5855/1572
f 5660/5850/1567 5661/5853/1570 5662/5856/1573 5672/5854/1571
f 5655/5786/1503 5663/5857/1574 5666/5858/1575 5665/5859/1576
f 5663/5857/1574 5664/5860/1577 5667/5861/1578 5666/5858/1575
f 5665/5859/1576 5666/5858/1575 5661/5853/1570 5658/5852/1569
f 5666/5858/1575 5667/5861/1578 5662/5856/1573 5661/5853/1570
f 5656/5799/1516 5668/5862/1579 5671/5863/1580 5670/5864/1581
f 5668/5862/1579 5669/5855/1572 5672/5854/1571 5671/5863/1580
f 5670/5864/1581 5671/5863/1580 5667/5861/1578 5664/5860/1577
f 5671/5863/1580 5672/5854/1571 5662/5856/1573 5667/5861/1578
f 5577/5784/1501 5582/5783/1500 5587/5803/1520 5579/5865/1582
f 5579/5865/1582 5587/5803/1520 5597/5807/1596 5580/5866/1583
f 5580/5866/1583 5597/5807/1596 5596/5814/1531 5581/5867/1584
f 5581/5867/1584 5596/5814/1531 5584/5794/1511 5578/5793/1510
f 5583/5791/1508 5606/5790/1507 5611/5819/1536 5591/5809/1526
f 5591/5809/1526 5611/5819/1536 5621/5823/1540 5592/5812/1529
f 5592/5812/1529 5621/5823/1540 5620/5830/1547 5598/5816/1533
f 5598/5816/1533 5620/5830/1547 5608/5795/1512 5584/5794/1511
f 5607/5798/1515 5602/5797/1514 5605/5868/1585 5615/5825/1542
f 5615/5825/1542 5605/5868/1585 5604/5869/1586 5616/5828/1545
f 5616/5828/1545 5604/5869/1586 5603/5870/1587 5622/5832/1549
f 5622/5832/1549 5603/5870/1587 5601/5796/1513 5608/5795/1512
f 5606/5790/1507 5654/5789/1506 5659/5851/1568 5609/5817/1534
f 5609/5817/1534 5659/5851/1568 5669/5855/1572 5610/5820/1602
f 5610/5820/1602 5669/5855/1572 5668/5862/1579 5617/5827/1544
f 5617/5827/1544 5668/5862/1579 5656/5799/1516 5607/5798/1515
f 5655/5786/1503 5650/5785/1502 5653/5871/1588 5663/5857/1574
f 5663/5857/1574 5653/5871/1588 5652/5872/1589 5664/5860/1577
f 5664/5860/1577 5652/5872/1589 5651/5873/1590 5670/5864/1581
f 5670/5864/1581 5651/5873/1590 5649/5800/1517 5656/5799/1516
f 5654/5789/1506 5630/5792/1509 5635/5835/1552 5657/5849/1566
f 5657/5849/1566 5635/5835/1552 5645/5839/1556 5658/5852/1569
f 5658/5852/1569 5645/5839/1556 5644/5846/1563 5665/5859/1576
f 5665/5859/1576 5644/5846/1563 5632/5787/1504 5655/5786/1503
f 5631/5782/1499 5626/5781/1498 5629/5874/1591 5639/5841/1558
f 5639/5841/1558 5629/5874/1591 5628/5875/1592 5640/5844/1561
f 5640/5844/1561 5628/5875/1592 5627/5876/1593 5646/5848/1565
f 5646/5848/1565 5627/5876/1593 5625/5788/1505 5632/5787/1504
f 5630/5792/1509 5583/5791/1508 5593/5811/1528 5633/5833/1550
f 5633/5833/1550 5593/5811/1528 5586/5804/1521 5634/5836/1597
f 5634/5836/1597 5586/5804/1521 5585/5801/1518 5641/5843/1560
f 5641/5843/1560 5585/5801/1518 5582/5783/1500 5631/5782/1499
f 5601/5796/1594 5603/5870/1594 5604/5869/1594 5605/5868/1594 5602/5797/1594 5649/5800/1594 5651/5873/1594 5652/5872/1594 5653/5871/1594 5650/5785/1594 5625/5788/1594 5627/5876/1594 5628/5875/1594 5629/5874/1594 5626/5781/1594 5577/5784/1594 5579/5865/1594 5580/5866/1594 5581/5867/1594 5578/5793/1594
f 5722/5877/1498 5727/5878/1499 5678/5879/1500 5673/5880/1501
f 5746/5881/1502 5751/5882/1503 5728/5883/1504 5721/5884/1505
f 5750/5885/1506 5702/5886/1507 5679/5887/1508 5726/5888/1509
f 5674/5889/1510 5680/5890/1511 5704/5891/1512 5697/5892/1513
f 5698/5893/1514 5703/5894/1515 5752/5895/1516 5745/5896/1517
f 5678/5879/1500 5681/5897/1518 5684/5898/1519 5683/5899/1520
f 5681/5897/1518 5682/5900/1521 5685/5901/1522 5684/5898/1519
f 5683/5899/1520 5684/5898/1519 5696/5902/1523 5693/5903/1524
f 5684/5898/1519 5685/5901/1522 5686/5904/1525 5696/5902/1523
f 5679/5887/1508 5687/5905/1526 5690/5906/1527 5689/5907/1528
f 5687/5905/1526 5688/5908/1529 5691/5909/1530 5690/5906/1527
f 5689/5907/1528 5690/5906/1527 5685/5901/1522 5682/5900/1521
f 5690/5906/1527 5691/5909/1530 5686/5904/1525 5685/5901/1522
f 5680/5890/1511 5692/5910/1531 5695/5911/1532 5694/5912/1533
f 5692/5910/1531 5693/5903/1524 5696/5902/1523 5695/5911/1532
f 5694/5912/1533 5695/5911/1532 5691/5909/1530 5688/5908/1529
f 5695/5911/1532 5696/5902/1523 5686/5904/1525 5691/5909/1530
f 5702/5886/1507 5705/5913/1534 5708/5914/1535 5707/5915/1536
f 5705/5913/1534 5706/5916/1602 5709/5917/1538 5708/5914/1535
f 5707/5915/1536 5708/5914/1535 5720/5918/1539 5717/5919/1540
f 5708/5914/1535 5709/5917/1538 5710/5920/1541 5720/5918/1539
f 5703/5894/1515 5711/5921/1542 5714/5922/1543 5713/5923/1544
f 5711/5921/1542 5712/5924/1545 5715/5925/1546 5714/5922/1543
f 5713/5923/1544 5714/5922/1543 5709/5917/1538 5706/5916/1602
f 5714/5922/1543 5715/5925/1546 5710/5920/1541 5709/5917/1538
f 5704/5891/1512 5716/5926/1547 5719/5927/1548 5718/5928/1549
f 5716/5926/1547 5717/5919/1540 5720/5918/1539 5719/5927/1548
f 5718/5928/1549 5719/5927/1548 5715/5925/1546 5712/5924/1545
f 5719/5927/1548 5720/5918/1539 5710/5920/1541 5715/5925/1546
f 5726/5888/1509 5729/5929/1550 5732/5930/1551 5731/5931/1552
f 5729/5929/1550 5730/5932/1553 5733/5933/1554 5732/5930/1551
f 5731/5931/1552 5732/5930/1551 5744/5934/1555 5741/5935/1556
f 5732/5930/1551 5733/5933/1554 5734/5936/1557 5744/5934/1555
f 5727/5878/1499 5735/5937/1558 5738/5938/1559 5737/5939/1560
f 5735/5937/1558 5736/5940/1599 5739/5941/1562 5738/5938/1559
f 5737/5939/1560 5738/5938/1559 5733/5933/1554 5730/5932/1553
f 5738/5938/1559 5739/5941/1562 5734/5936/1557 5733/5933/1554
f 5728/5883/1504 5740/5942/1563 5743/5943/1564 5742/5944/1565
f 5740/5942/1563 5741/5935/1556 5744/5934/1555 5743/5943/1564
f 5742/5944/1565 5743/5943/1564 5739/5941/1562 5736/5940/1599
f 5743/5943/1564 5744/5934/1555 5734/5936/1557 5739/5941/1562
f 5750/5885/1506 5753/5945/1566 5756/5946/1567 5755/5947/1568
f 5753/5945/1566 5754/5948/1569 5757/5949/1570 5756/5946/1567
f 5755/5947/1568 5756/5946/1567 5768/5950/1571 5765/5951/1601
f 5756/5946/1567 5757/5949/1570 5758/5952/1573 5768/5950/1571
f 5751/5882/1503 5759/5953/1574 5762/5954/1575 5761/5955/1576
f 5759/5953/1574 5760/5956/1577 5763/5957/1578 5762/5954/1575
f 5761/5955/1576 5762/5954/1575 5757/5949/1570 5754/5948/1569
f 5762/5954/1575 5763/5957/1578 5758/5952/1573 5757/5949/1570
f 5752/5895/1516 5764/5958/1579 5767/5959/1580 5766/5960/1581
f 5764/5958/1579 5765/5951/1601 5768/5950/1571 5767/5959/1580
f 5766/5960/1581 5767/5959/1580 5763/5957/1578 5760/5956/1577
f 5767/5959/1580 5768/5950/1571 5758/5952/1573 5763/5957/1578
f 5673/5880/1501 5678/5879/1500 5683/5899/1520 5675/5961/1582
f 5675/5961/1582 5683/5899/1520 5693/5903/1524 5676/5962/1583
f 5676/5962/1583 5693/5903/1524 5692/5910/1531 5677/5963/1584
f 5677/5963/1584 5692/5910/1531 5680/5890/1511 5674/5889/1510
f 5679/5887/1508 5702/5886/1507 5707/5915/1536 5687/5905/1526
f 5687/5905/1526 5707/5915/1536 5717/5919/1540 5688/5908/1529
f 5688/5908/1529 5717/5919/1540 5716/5926/1547 5694/5912/1533
f 5694/5912/1533 5716/5926/1547 5704/5891/1512 5680/5890/1511
f 5703/5894/1515 5698/5893/1514 5701/5964/1585 5711/5921/1542
f 5711/5921/1542 5701/5964/1585 5700/5965/1586 5712/5924/1545
f 5712/5924/1545 5700/5965/1586 5699/5966/1587 5718/5928/1549
f 5718/5928/1549 5699/5966/1587 5697/5892/1513 5704/5891/1512
f 5702/5886/1507 5750/5885/1506 5755/5947/1568 5705/5913/1534
f 5705/5913/1534 5755/5947/1568 5765/5951/1601 5706/5916/1602
f 5706/5916/1602 5765/5951/1601 5764/5958/1579 5713/5923/1544
f 5713/5923/1544 5764/5958/1579 5752/5895/1516 5703/5894/1515
f 5751/5882/1503 5746/5881/1502 5749/5967/1588 5759/5953/1574
f 5759/5953/1574 5749/5967/1588 5748/5968/1589 5760/5956/1577
f 5760/5956/1577 5748/5968/1589 5747/5969/1590 5766/5960/1581
f 5766/5960/1581 5747/5969/1590 5745/5896/1517 5752/5895/1516
f 5750/5885/1506 5726/5888/1509 5731/5931/1552 5753/5945/1566
f 5753/5945/1566 5731/5931/1552 5741/5935/1556 5754/5948/1569
f 5754/5948/1569 5741/5935/1556 5740/5942/1563 5761/5955/1576
f 5761/5955/1576 5740/5942/1563 5728/5883/1504 5751/5882/1503
f 5727/5878/1499 5722/5877/1498 5725/5970/1591 5735/5937/1558
f 5735/5937/1558 5725/5970/1591 5724/5971/1592 5736/5940/1599
f 5736/5940/1599 5724/5971/1592 5723/5972/1593 5742/5944/1565
f 5742/5944/1565 5723/5972/1593 5721/5884/1505 5728/5883/1504
f 5726/5888/1509 5679/5887/1508 5689/5907/1528 5729/5929/1550
f 5729/5929/1550 5689/5907/1528 5682/5900/1521 5730/5932/1553
f 5730/5932/1553 5682/5900/1521 5681/5897/1518 5737/5939/1560
f 5737/5939/1560 5681/5897/1518 5678/5879/1500 5727/5878/1499
f 5697/5892/1594 5699/5966/1594 5700/5965/1594 5701/5964/1594 5698/5893/1594 5745/5896/1594 5747/5969/1594 5748/5968/1594 5749/5967/1594 5746/5881/1594 5721/5884/1594 5723/5972/1594 5724/5971/1594 5725/5970/1594 5722/5877/1594 5673/5880/1594 5675/5961/1594 5676/5962/1594 5677/5963/1594 5674/5889/1594
f 5818/5973/1498 5823/5974/1499 5774/5975/1500 5769/5976/1501
f 5842/5977/1502 5847/5978/1503 5824/5979/1504 5817/5980/1505
f 5846/5981/1506 5798/5982/1507 5775/5983/1508 5822/5984/1509
f 5770/5985/1510 5776/5986/1511 5800/5987/1512 5793/5988/1513
f 5794/5989/1514 5799/5990/1515 5848/5991/1516 5841/5992/1517
f 5774/5975/1500 5777/5993/1518 5780/5994/1519 5779/5995/1520
f 5777/5993/1518 5778/5996/1521 5781/5997/1522 5780/5994/1519
f 5779/5995/1520 5780/5994/1519 5792/5998/1523 5789/5999/1524
f 5780/5994/1519 5781/5997/1522 5782/6000/1525 5792/5998/1523
f 5775/5983/1508 5783/6001/1526 5786/6002/1527 5785/6003/1528
f 5783/6001/1526 5784/6004/1529 5787/6005/1530 5786/6002/1527
f 5785/6003/1528 5786/6002/1527 5781/5997/1522 5778/5996/1521
f 5786/6002/1527 5787/6005/1530 5782/6000/1525 5781/5997/1522
f 5776/5986/1511 5788/6006/1531 5791/6007/1532 5790/6008/1533
f 5788/6006/1531 5789/5999/1524 5792/5998/1523 5791/6007/1532
f 5790/6008/1533 5791/6007/1532 5787/6005/1530 5784/6004/1529
f 5791/6007/1532 5792/5998/1523 5782/6000/1525 5787/6005/1530
f 5798/5982/1507 5801/6009/1534 5804/6010/1535 5803/6011/1536
f 5801/6009/1534 5802/6012/1602 5805/6013/1538 5804/6010/1535
f 5803/6011/1536 5804/6010/1535 5816/6014/1539 5813/6015/1540
f 5804/6010/1535 5805/6013/1538 5806/6016/1541 5816/6014/1539
f 5799/5990/1515 5807/6017/1542 5810/6018/1543 5809/6019/1544
f 5807/6017/1542 5808/6020/1545 5811/6021/1546 5810/6018/1543
f 5809/6019/1544 5810/6018/1543 5805/6013/1538 5802/6012/1602
f 5810/6018/1543 5811/6021/1546 5806/6016/1541 5805/6013/1538
f 5800/5987/1512 5812/6022/1547 5815/6023/1548 5814/6024/1549
f 5812/6022/1547 5813/6015/1540 5816/6014/1539 5815/6023/1548
f 5814/6024/1549 5815/6023/1548 5811/6021/1546 5808/6020/1545
f 5815/6023/1548 5816/6014/1539 5806/6016/1541 5811/6021/1546
f 5822/5984/1509 5825/6025/1550 5828/6026/1551 5827/6027/1552
f 5825/6025/1550 5826/6028/1553 5829/6029/1554 5828/6026/1551
f 5827/6027/1552 5828/6026/1551 5840/6030/1555 5837/6031/1556
f 5828/6026/1551 5829/6029/1554 5830/6032/1557 5840/6030/1555
f 5823/5974/1499 5831/6033/1558 5834/6034/1559 5833/6035/1560
f 5831/6033/1558 5832/6036/1599 5835/6037/1562 5834/6034/1559
f 5833/6035/1560 5834/6034/1559 5829/6029/1554 5826/6028/1553
f 5834/6034/1559 5835/6037/1562 5830/6032/1557 5829/6029/1554
f 5824/5979/1504 5836/6038/1563 5839/6039/1564 5838/6040/1565
f 5836/6038/1563 5837/6031/1556 5840/6030/1555 5839/6039/1564
f 5838/6040/1565 5839/6039/1564 5835/6037/1562 5832/6036/1599
f 5839/6039/1564 5840/6030/1555 5830/6032/1557 5835/6037/1562
f 5846/5981/1506 5849/6041/1566 5852/6042/1567 5851/6043/1568
f 5849/6041/1566 5850/6044/1569 5853/6045/1570 5852/6042/1567
f 5851/6043/1568 5852/6042/1567 5864/6046/1571 5861/6047/1601
f 5852/6042/1567 5853/6045/1570 5854/6048/1573 5864/6046/1571
f 5847/5978/1503 5855/6049/1574 5858/6050/1575 5857/6051/1576
f 5855/6049/1574 5856/6052/1577 5859/6053/1578 5858/6050/1575
f 5857/6051/1576 5858/6050/1575 5853/6045/1570 5850/6044/1569
f 5858/6050/1575 5859/6053/1578 5854/6048/1573 5853/6045/1570
f 5848/5991/1516 5860/6054/1579 5863/6055/1580 5862/6056/1581
f 5860/6054/1579 5861/6047/1601 5864/6046/1571 5863/6055/1580
f 5862/6056/1581 5863/6055/1580 5859/6053/1578 5856/6052/1577
f 5863/6055/1580 5864/6046/1571 5854/6048/1573 5859/6053/1578
f 5769/5976/1501 5774/5975/1500 5779/5995/1520 5771/6057/1582
f 5771/6057/1582 5779/5995/1520 5789/5999/1524 5772/6058/1583
f 5772/6058/1583 5789/5999/1524 5788/6006/1531 5773/6059/1584
f 5773/6059/1584 5788/6006/1531 5776/5986/1511 5770/5985/1510
f 5775/5983/1508 5798/5982/1507 5803/6011/1536 5783/6001/1526
f 5783/6001/1526 5803/6011/1536 5813/6015/1540 5784/6004/1529
f 5784/6004/1529 5813/6015/1540 5812/6022/1547 5790/6008/1533
f 5790/6008/1533 5812/6022/1547 5800/5987/1512 5776/5986/1511
f 5799/5990/1515 5794/5989/1514 5797/6060/1585 5807/6017/1542
f 5807/6017/1542 5797/6060/1585 5796/6061/1586 5808/6020/1545
f 5808/6020/1545 5796/6061/1586 5795/6062/1587 5814/6024/1549
f 5814/6024/1549 5795/6062/1587 5793/5988/1513 5800/5987/1512
f 5798/5982/1507 5846/5981/1506 5851/6043/1568 5801/6009/1534
f 5801/6009/1534 5851/6043/1568 5861/6047/1601 5802/6012/1602
f 5802/6012/1602 5861/6047/1601 5860/6054/1579 5809/6019/1544
f 5809/6019/1544 5860/6054/1579 5848/5991/1516 5799/5990/1515
f 5847/5978/1503 5842/5977/1502 5845/6063/1588 5855/6049/1574
f 5855/6049/1574 5845/6063/1588 5844/6064/1589 5856/6052/1577
f 5856/6052/1577 5844/6064/1589 5843/6065/1590 5862/6056/1581
f 5862/6056/1581 5843/6065/1590 5841/5992/1517 5848/5991/1516
f 5846/5981/1506 5822/5984/1509 5827/6027/1552 5849/6041/1566
f 5849/6041/1566 5827/6027/1552 5837/6031/1556 5850/6044/1569
f 5850/6044/1569 5837/6031/1556 5836/6038/1563 5857/6051/1576
f 5857/6051/1576 5836/6038/1563 5824/5979/1504 5847/5978/1503
f 5823/5974/1499 5818/5973/1498 5821/6066/1591 5831/6033/1558
f 5831/6033/1558 5821/6066/1591 5820/6067/1592 5832/6036/1599
f 5832/6036/1599 5820/6067/1592 5819/6068/1593 5838/6040/1565
f 5838/6040/1565 5819/6068/1593 5817/5980/1505 5824/5979/1504
f 5822/5984/1509 5775/5983/1508 5785/6003/1528 5825/6025/1550
f 5825/6025/1550 5785/6003/1528 5778/5996/1521 5826/6028/1553
f 5826/6028/1553 5778/5996/1521 5777/5993/1518 5833/6035/1560
f 5833/6035/1560 5777/5993/1518 5774/5975/1500 5823/5974/1499
f 5793/5988/1594 5795/6062/1594 5796/6061/1594 5797/6060/1594 5794/5989/1594 5841/5992/1594 5843/6065/1594 5844/6064/1594 5845/6063/1594 5842/5977/1594 5817/5980/1594 5819/6068/1594 5820/6067/1594 5821/6066/1594 5818/5973/1594 5769/5976/1594 5771/6057/1594 5772/6058/1594 5773/6059/1594 5770/5985/1594
f 5914/6069/1498 5919/6070/1499 5870/6071/1500 5865/6072/1501
f 5938/6073/1502 5943/6074/1503 5920/6075/1504 5913/6076/1505
f 5942/6077/1506 5894/6078/1507 5871/6079/1508 5918/6080/1509
f 5866/6081/1510 5872/6082/1511 5896/6083/1512 5889/6084/1513
f 5890/6085/1514 5895/6086/1515 5944/6087/1516 5937/6088/1517
f 5870/6071/1500 5873/6089/1518 5876/6090/1519 5875/6091/1520
f 5873/6089/1518 5874/6092/1521 5877/6093/1522 5876/6090/1519
f 5875/6091/1520 5876/6090/1519 5888/6094/1523 5885/6095/1596
f 5876/6090/1519 5877/6093/1522 5878/6096/1525 5888/6094/1523
f 5871/6079/1508 5879/6097/1526 5882/6098/1527 5881/6099/1528
f 5879/6097/1526 5880/6100/1529 5883/6101/1530 5882/6098/1527
f 5881/6099/1528 5882/6098/1527 5877/6093/1522 5874/6092/1521
f 5882/6098/1527 5883/6101/1530 5878/6096/1525 5877/6093/1522
f 5872/6082/1511 5884/6102/1531 5887/6103/1532 5886/6104/1533
f 5884/6102/1531 5885/6095/1596 5888/6094/1523 5887/6103/1532
f 5886/6104/1533 5887/6103/1532 5883/6101/1530 5880/6100/1529
f 5887/6103/1532 5888/6094/1523 5878/6096/1525 5883/6101/1530
f 5894/6078/1507 5897/6105/1534 5900/6106/1535 5899/6107/1536
f 5897/6105/1534 5898/6108/1602 5901/6109/1538 5900/6106/1535
f 5899/6107/1536 5900/6106/1535 5912/6110/1539 5909/6111/1540
f 5900/6106/1535 5901/6109/1538 5902/6112/1541 5912/6110/1539
f 5895/6086/1515 5903/6113/1542 5906/6114/1543 5905/6115/1544
f 5903/6113/1542 5904/6116/1598 5907/6117/1546 5906/6114/1543
f 5905/6115/1544 5906/6114/1543 5901/6109/1538 5898/6108/1602
f 5906/6114/1543 5907/6117/1546 5902/6112/1541 5901/6109/1538
f 5896/6083/1512 5908/6118/1547 5911/6119/1548 5910/6120/1549
f 5908/6118/1547 5909/6111/1540 5912/6110/1539 5911/6119/1548
f 5910/6120/1549 5911/6119/1548 5907/6117/1546 5904/6116/1598
f 5911/6119/1548 5912/6110/1539 5902/6112/1541 5907/6117/1546
f 5918/6080/1509 5921/6121/1550 5924/6122/1551 5923/6123/1552
f 5921/6121/1550 5922/6124/1597 5925/6125/1554 5924/6122/1551
f 5923/6123/1552 5924/6122/1551 5936/6126/1555 5933/6127/1556
f 5924/6122/1551 5925/6125/1554 5926/6128/1557 5936/6126/1555
f 5919/6070/1499 5927/6129/1558 5930/6130/1559 5929/6131/1560
f 5927/6129/1558 5928/6132/1561 5931/6133/1562 5930/6130/1559
f 5929/6131/1560 5930/6130/1559 5925/6125/1554 5922/6124/1597
f 5930/6130/1559 5931/6133/1562 5926/6128/1557 5925/6125/1554
f 5920/6075/1504 5932/6134/1563 5935/6135/1564 5934/6136/1565
f 5932/6134/1563 5933/6127/1556 5936/6126/1555 5935/6135/1564
f 5934/6136/1565 5935/6135/1564 5931/6133/1562 5928/6132/1561
f 5935/6135/1564 5936/6126/1555 5926/6128/1557 5931/6133/1562
f 5942/6077/1506 5945/6137/1566 5948/6138/1567 5947/6139/1568
f 5945/6137/1566 5946/6140/1569 5949/6141/1570 5948/6138/1567
f 5947/6139/1568 5948/6138/1567 5960/6142/1571 5957/6143/1601
f 5948/6138/1567 5949/6141/1570 5950/6144/1573 5960/6142/1571
f 5943/6074/1503 5951/6145/1574 5954/6146/1575 5953/6147/1576
f 5951/6145/1574 5952/6148/1600 5955/6149/1578 5954/6146/1575
f 5953/6147/1576 5954/6146/1575 5949/6141/1570 5946/6140/1569
f 5954/6146/1575 5955/6149/1578 5950/6144/1573 5949/6141/1570
f 5944/6087/1516 5956/6150/1579 5959/6151/1580 5958/6152/1581
f 5956/6150/1579 5957/6143/1601 5960/6142/1571 5959/6151/1580
f 5958/6152/1581 5959/6151/1580 5955/6149/1578 5952/6148/1600
f 5959/6151/1580 5960/6142/1571 5950/6144/1573 5955/6149/1578
f 5865/6072/1501 5870/6071/1500 5875/6091/1520 5867/6153/1582
f 5867/6153/1582 5875/6091/1520 5885/6095/1596 5868/6154/1583
f 5868/6154/1583 5885/6095/1596 5884/6102/1531 5869/6155/1584
f 5869/6155/1584 5884/6102/1531 5872/6082/1511 5866/6081/1510
f 5871/6079/1508 5894/6078/1507 5899/6107/1536 5879/6097/1526
f 5879/6097/1526 5899/6107/1536 5909/6111/1540 5880/6100/1529
f 5880/6100/1529 5909/6111/1540 5908/6118/1547 5886/6104/1533
f 5886/6104/1533 5908/6118/1547 5896/6083/1512 5872/6082/1511
f 5895/6086/1515 5890/6085/1514 5893/6156/1585 5903/6113/1542
f 5903/6113/1542 5893/6156/1585 5892/6157/1586 5904/6116/1598
f 5904/6116/1598 5892/6157/1586 5891/6158/1587 5910/6120/1549
f 5910/6120/1549 5891/6158/1587 5889/6084/1513 5896/6083/1512
f 5894/6078/1507 5942/6077/1506 5947/6139/1568 5897/6105/1534
f 5897/6105/1534 5947/6139/1568 5957/6143/1601 5898/6108/1602
f 5898/6108/1602 5957/6143/1601 5956/6150/1579 5905/6115/1544
f 5905/6115/1544 5956/6150/1579 5944/6087/1516 5895/6086/1515
f 5943/6074/1503 5938/6073/1502 5941/6159/1588 5951/6145/1574
f 5951/6145/1574 5941/6159/1588 5940/6160/1589 5952/6148/1600
f 5952/6148/1600 5940/6160/1589 5939/6161/1590 5958/6152/1581
f 5958/6152/1581 5939/6161/1590 5937/6088/1517 5944/6087/1516
f 5942/6077/1506 5918/6080/1509 5923/6123/1552 5945/6137/1566
f 5945/6137/1566 5923/6123/1552 5933/6127/1556 5946/6140/1569
f 5946/6140/1569 5933/6127/1556 5932/6134/1563 5953/6147/1576
f 5953/6147/1576 5932/6134/1563 5920/6075/1504 5943/6074/1503
f 5919/6070/1499 5914/6069/1498 5917/6162/1591 5927/6129/1558
f 5927/6129/1558 5917/6162/1591 5916/6163/1592 5928/6132/1561
f 5928/6132/1561 5916/6163/1592 5915/6164/1593 5934/6136/1565
f 5934/6136/1565 5915/6164/1593 5913/6076/1505 5920/6075/1504
f 5918/6080/1509 5871/6079/1508 5881/6099/1528 5921/6121/1550
f 5921/6121/1550 5881/6099/1528 5874/6092/1521 5922/6124/1597
f 5922/6124/1597 5874/6092/1521 5873/6089/1518 5929/6131/1560
f 5929/6131/1560 5873/6089/1518 5870/6071/1500 5919/6070/1499
f 5889/6084/1594 5891/6158/1594 5892/6157/1594 5893/6156/1594 5890/6085/1594 5937/6088/1594 5939/6161/1594 5940/6160/1594 5941/6159/1594 5938/6073/1594 5913/6076/1594 5915/6164/1594 5916/6163/1594 5917/6162/1594 5914/6069/1594 5865/6072/1594 5867/6153/1594 5868/6154/1594 5869/6155/1594 5866/6081/1594
o Plane.001_Plane.002
v -1.940721 0.397773 -1.821716
v 1.929933 0.397773 -1.821716
v -1.940721 0.397773 -3.455040
v 1.929933 0.397773 -3.455040
vt 0.315613 0.683864
vt 0.686108 0.683864
vt 0.686108 0.839780
vt 0.315612 0.839780
vn 0.0000 1.0000 0.0000
usemtl Näyttö
s off
f 5961/6165/1603 5962/6166/1603 5964/6167/1603 5963/6168/1603
o Plane.002_Plane.003
v -1.940721 0.420229 -1.821716
v 1.929933 0.420229 -1.821716
v -1.940721 0.420229 -3.455040
v 1.929933 0.420229 -3.455040
vt 0.315613 0.683864
vt 0.686108 0.683864
vt 0.686108 0.839780
vt 0.315612 0.839780
vn 0.0000 1.0000 0.0000
usemtl Lasi
s off
f 5965/6169/1604 5966/6170/1604 5968/6171/1604 5967/6172/1604
o Cube.002_Cube.049
v -1.980534 0.500887 -1.723309
v 1.944604 0.500887 -1.726474
v -1.980534 0.350761 -1.723309
v 1.944604 0.350761 -1.726474
v -1.934197 0.500887 -3.532776
v 1.931893 0.500887 -3.532776
v -1.934197 0.350761 -3.532776
v 1.931893 0.350761 -3.532776
v 1.758032 0.500887 -1.682164
v 1.758032 0.350761 -1.682164
v 2.007363 0.500887 -1.843663
v 2.007363 0.350761 -1.843663
v -2.032572 0.500887 -1.805047
v -2.032572 0.350761 -1.805047
v -1.872894 0.500887 -1.682163
v -1.872894 0.350761 -1.682163
v -1.832847 0.500887 -3.583417
v -1.832847 0.350761 -3.583417
v -2.009091 0.500887 -3.437529
v -2.009091 0.350761 -3.437529
v 1.782870 0.500887 -3.558097
v 1.782870 0.350761 -3.558097
v 2.002086 0.500887 -3.415828
v 2.002086 0.350761 -3.415828
v 1.615477 0.461342 -1.892919
v 1.787087 0.461342 -1.927345
v 1.615477 0.390305 -1.892919
v 1.787087 0.390305 -1.927345
v -1.823280 0.390305 -1.924886
v -1.823280 0.461342 -1.924886
v 1.638322 0.461342 -3.350378
v 1.775395 0.461342 -3.330706
v 1.638322 0.390305 -3.350378
v 1.775395 0.390305 -3.330706
v -1.780659 0.390305 -3.330706
v -1.780659 0.461342 -3.330706
v 1.839959 0.461342 -3.239846
v 1.839959 0.390305 -3.239846
v -1.849547 0.461342 -3.256706
v -1.849547 0.390305 -3.256706
v -1.724272 0.461342 -1.892919
v -1.724272 0.390305 -1.892919
v 1.844813 0.461342 -2.018392
v 1.844813 0.390305 -2.018392
v -1.871144 0.461342 -1.988390
v -1.871144 0.390305 -1.988390
v -1.687437 0.461342 -3.370050
v -1.687437 0.390305 -3.370050
vt 0.675950 0.842744
vt 0.318825 0.845062
vt 0.333149 0.824540
vt 0.661635 0.822758
vt 0.430622 0.585475
vt 0.436271 0.574951
vt 0.450457 0.592746
vt 0.445260 0.600923
vt 0.688687 0.674176
vt 0.670460 0.669868
vt 0.656551 0.690681
vt 0.673315 0.694025
vt 0.691924 0.665217
vt 0.698123 0.676579
vt 0.682030 0.693661
vt 0.676328 0.684834
vt 0.690669 0.840295
vt 0.675173 0.820856
vt 0.819046 0.709463
vt 0.815338 0.699777
vt 0.834146 0.686343
vt 0.837027 0.695253
vt 0.815116 0.372923
vt 0.833941 0.385700
vt 0.315796 0.670077
vt 0.305284 0.674093
vt 0.320659 0.693993
vt 0.330328 0.690873
vt 0.794312 0.582041
vt 0.792198 0.728652
vt 0.777840 0.712165
vt 0.779784 0.598259
vt 0.789627 0.574699
vt 0.775475 0.592556
vt 0.301417 0.830915
vt 0.299098 0.672684
vt 0.315004 0.690613
vt 0.317138 0.813547
vt 0.877293 0.665685
vt 0.883688 0.665685
vt 0.883688 0.681066
vt 0.877293 0.681066
vt 0.883688 0.663808
vt 0.890083 0.663808
vt 0.890083 0.676182
vt 0.883688 0.676182
vt 0.828274 0.829384
vt 0.828510 0.835992
vt 0.822120 0.835983
vt 0.821884 0.829374
vt 0.821529 0.826791
vt 0.821884 0.835356
vt 0.815503 0.835392
vt 0.815148 0.826827
vt 0.821496 0.717180
vt 0.815116 0.717216
vt 0.877293 0.365095
vt 0.883688 0.365095
vt 0.877293 0.356123
vt 0.883688 0.356123
vt 0.828510 0.709472
vt 0.828333 0.715226
vt 0.821943 0.715216
vt 0.822120 0.709463
vt 0.883688 0.356123
vt 0.890083 0.356123
vt 0.890083 0.364439
vt 0.883688 0.364439
vt 0.821884 0.709463
vt 0.815503 0.709499
vt 0.697602 0.828963
vt 0.681550 0.812052
vt 0.450831 0.739448
vt 0.437416 0.737173
vt 0.451509 0.718781
vt 0.463849 0.720548
vt 0.776332 0.741752
vt 0.763246 0.722343
vt 0.431097 0.726669
vt 0.445697 0.710620
vt 0.308815 0.840150
vt 0.323942 0.820722
vt 0.819090 0.356123
vt 0.837027 0.370249
vt 0.785456 0.737205
vt 0.771639 0.718810
vt 0.304238 0.664763
vt 0.319732 0.684460
vn -0.0184 0.9844 0.1751
vn 0.0411 0.9867 0.1570
vn 0.0246 0.9855 0.1678
vn -0.0099 0.9837 0.1798
vn -0.1716 -0.9834 -0.0598
vn -0.1451 -0.9859 -0.0839
vn -0.2044 -0.9784 -0.0294
vn 0.0359 -0.9859 0.1633
vn 0.0238 -0.9851 0.1705
vn 0.0127 -0.9841 0.1770
vn -0.1451 0.9859 -0.0839
vn -0.1716 0.9834 -0.0598
vn -0.2044 0.9784 -0.0294
vn -0.0857 0.9880 0.1283
vn -0.0797 0.9880 0.1326
vn -0.0531 0.9873 0.1500
vn -0.0347 0.9862 0.1620
vn -0.0196 0.9849 0.1718
vn 0.0238 0.9851 0.1705
vn 0.0127 0.9841 0.1770
vn -0.0347 -0.9862 0.1620
vn -0.0531 -0.9873 0.1500
vn -0.0196 -0.9849 0.1718
vn 0.1637 -0.9843 -0.0652
vn 0.1578 -0.9847 0.0740
vn 0.1952 -0.9799 0.0421
vn 0.2016 -0.9790 -0.0309
vn 0.1338 -0.9867 -0.0920
vn 0.1578 0.9847 0.0740
vn 0.1637 0.9843 -0.0652
vn 0.2016 0.9790 -0.0309
vn 0.1952 0.9799 0.0421
vn 0.0988 0.0000 0.9951
vn 0.1967 0.0000 0.9805
vn -0.0742 0.0000 0.9972
vn -0.1421 0.0000 0.9899
vn 0.7319 0.0000 0.6814
vn 0.5731 0.0000 0.8195
vn -0.8446 0.0000 -0.5355
vn -1.0000 0.0000 0.0040
vn -0.1555 0.0000 0.9878
vn -0.3073 0.0000 0.9516
vn 0.7986 0.0000 -0.6019
vn 0.9999 0.0000 0.0170
vn 0.1955 0.0000 0.9807
vn -0.8152 0.0000 0.5792
vn -0.1673 0.9838 0.0639
vn -0.2012 0.9790 0.0333
vn -0.0184 -0.9844 0.1751
vn -0.0857 -0.9880 0.1283
vn -0.0797 -0.9880 0.1326
vn -0.0099 -0.9837 0.1798
vn 0.0411 -0.9867 0.1570
vn 0.0246 -0.9855 0.1678
vn -0.1673 -0.9838 0.0639
vn -0.2012 -0.9790 0.0333
vn 0.0931 0.9880 0.1230
vn 0.0932 0.9880 0.1230
vn 0.0359 0.9859 0.1633
vn 0.0931 -0.9880 0.1230
vn 0.0932 -0.9880 0.1230
vn 0.1338 0.9867 -0.0920
usemtl harmaa
s 1
f 5989/6173/1605 5985/6174/1606 6015/6175/1607 5999/6176/1608
f 5980/6177/1609 5972/6178/1610 5996/6179/1610 6012/6180/1611
f 5970/6181/1612 5977/6182/1613 5993/6183/1614 5994/6184/1612
f 5970/6185/1615 5979/6186/1616 6011/6187/1617 5994/6188/1615
f 5974/6189/1618 5989/6173/1605 5999/6176/1608 6000/6190/1619
f 5971/6191/1620 5984/6192/1621 6010/6193/1622 5997/6194/1620
f 5984/6192/1621 5978/6195/1623 5995/6196/1624 6010/6193/1622
f 5983/6197/1625 5969/6198/1626 5998/6199/1626 6009/6200/1627
f 5982/6201/1628 5988/6202/1629 6008/6203/1630 6014/6204/1631
f 5977/6182/1613 5983/6197/1625 6009/6200/1627 5993/6183/1614
f 5971/6205/1632 5982/6201/1628 6014/6204/1631 5997/6206/1632
f 5987/6207/1633 5981/6208/1634 6013/6209/1635 6007/6210/1636
f 5993/6211/1637 5995/6212/1637 5996/6213/1638 5994/6214/1638
f 5999/6215/1639 6001/6216/1639 6002/6217/1640 6000/6218/1640
f 6008/6219/1641 6003/6220/1642 6004/6221/1642 6007/6222/1641
f 6012/6223/1643 5996/6224/1643 5994/6225/1643 6011/6226/1643
f 6006/6227/1644 6012/6223/1644 6011/6226/1644 6005/6228/1644
f 6009/6229/1645 6010/6230/1645 5995/6212/1637 5993/6211/1637
f 5998/6231/1646 5997/6232/1646 6010/6230/1645 6009/6229/1645
f 5997/6233/1647 6014/6234/1647 6013/6235/1647 5998/6236/1647
f 6014/6234/1648 6008/6219/1648 6007/6222/1648 6013/6235/1648
f 6004/6237/1642 6003/6238/1642 6016/6239/1649 6015/6240/1649
f 6002/6241/1650 6006/6227/1650 6005/6228/1650 6000/6242/1650
f 6015/6240/1649 6016/6239/1649 6001/6216/1639 5999/6215/1639
f 5991/6243/1651 5974/6189/1618 6000/6190/1619 6005/6244/1652
f 5990/6245/1653 5976/6246/1654 6002/6247/1655 6001/6248/1656
f 5986/6249/1657 5990/6245/1653 6001/6248/1656 6016/6250/1658
f 5976/6246/1654 5992/6251/1659 6006/6252/1660 6002/6247/1655
f 5985/6174/1606 5973/6253/1661 6004/6254/1662 6015/6175/1607
f 5978/6195/1623 5972/6255/1663 5996/6256/1663 5995/6196/1624
f 5979/6186/1616 5991/6243/1651 6005/6244/1652 6011/6187/1617
f 5973/6253/1661 5987/6207/1633 6007/6210/1636 6004/6254/1662
f 5975/6257/1664 5986/6249/1657 6016/6250/1658 6003/6258/1665
f 5981/6208/1634 5969/6259/1666 5998/6260/1666 6013/6209/1635
f 5992/6251/1659 5980/6177/1609 6012/6180/1611 6006/6252/1660
f 5988/6202/1629 5975/6257/1664 6003/6258/1665 6008/6203/1630
l 5971 5969
l 5972 5970
l 5975 5973
l 5976 5974
